2026-08-31 23:42:55.078 | CRITICAL | core.execution:_cargar_desde_mnemonic:82 - Frase mnemonic inválida: Invalid language for mnemonic 'campeon solo come carne sofia suzet ricardo david palermo universidad felipe maria'
2026-08-31 23:45:19.337 | CRITICAL | core.execution:_cargar_desde_base58:94 - Private key Base58 inválida: La clave Base58 debe ser de 64 bytes, se obtuvieron 32.
2026-08-31 23:49:13.775 | CRITICAL | core.execution:_cargar_desde_mnemonic:82 - Frase mnemonic inválida: Change index is not an enumerative of Bip44Changes
2026-08-31 23:49:19.079 | CRITICAL | core.execution:_cargar_desde_mnemonic:82 - Frase mnemonic inválida: Change index is not an enumerative of Bip44Changes
2026-08-31 23:50:32.826 | INFO     | __main__:run:92 - Iniciando bot de memecoins en Solana...
2026-08-31 23:50:33.117 | INFO     | core.websocket:_connect_and_listen:58 - Conectado al WebSocket: wss://pumpportal.fun/api/data
2026-08-31 23:53:15.920 | INFO     | core.websocket:run:86 - Listener cancelado.
2026-08-31 23:53:15.920 | INFO     | __main__:shutdown:122 - Apagando bot...
2026-08-31 23:53:15.920 | INFO     | __main__:main:137 - Bot finalizado.
2026-08-31 23:53:15.921 | INFO     | __main__:<module>:144 - Interrupción del usuario.
2026-08-31 23:53:22.135 | INFO     | __main__:run:92 - Iniciando bot de memecoins en Solana...
2026-08-31 23:53:22.332 | INFO     | core.websocket:_connect_and_listen:59 - Conectado al WebSocket: wss://pumpportal.fun/api/data
2026-08-31 23:53:22.393 | ERROR    | core.websocket:run:91 - Error en WebSocket: 'ClientWebSocketResponse' object has no attribute 'send'
2026-08-31 23:53:22.393 | WARNING  | core.websocket:run:98 - Reconectando en 1.0 s (backoff)...
2026-08-31 23:53:23.581 | INFO     | core.websocket:_connect_and_listen:59 - Conectado al WebSocket: wss://pumpportal.fun/api/data
2026-08-31 23:53:23.642 | ERROR    | core.websocket:run:91 - Error en WebSocket: 'ClientWebSocketResponse' object has no attribute 'send'
2026-08-31 23:53:23.642 | WARNING  | core.websocket:run:98 - Reconectando en 1.0 s (backoff)...
2026-08-31 23:53:24.828 | INFO     | core.websocket:_connect_and_listen:59 - Conectado al WebSocket: wss://pumpportal.fun/api/data
2026-08-31 23:53:24.889 | ERROR    | core.websocket:run:91 - Error en WebSocket: 'ClientWebSocketResponse' object has no attribute 'send'
2026-08-31 23:53:24.889 | WARNING  | core.websocket:run:98 - Reconectando en 1.0 s (backoff)...
2026-08-31 23:53:26.077 | INFO     | core.websocket:_connect_and_listen:59 - Conectado al WebSocket: wss://pumpportal.fun/api/data
2026-08-31 23:53:26.136 | ERROR    | core.websocket:run:91 - Error en WebSocket: 'ClientWebSocketResponse' object has no attribute 'send'
2026-08-31 23:53:26.136 | WARNING  | core.websocket:run:98 - Reconectando en 1.0 s (backoff)...
2026-08-31 23:53:27.363 | INFO     | core.websocket:_connect_and_listen:59 - Conectado al WebSocket: wss://pumpportal.fun/api/data
2026-08-31 23:53:27.424 | ERROR    | core.websocket:run:91 - Error en WebSocket: 'ClientWebSocketResponse' object has no attribute 'send'
2026-08-31 23:53:27.424 | WARNING  | core.websocket:run:98 - Reconectando en 1.0 s (backoff)...
2026-08-31 23:53:28.613 | INFO     | core.websocket:_connect_and_listen:59 - Conectado al WebSocket: wss://pumpportal.fun/api/data
2026-08-31 23:53:28.675 | ERROR    | core.websocket:run:91 - Error en WebSocket: 'ClientWebSocketResponse' object has no attribute 'send'
2026-08-31 23:53:28.675 | WARNING  | core.websocket:run:98 - Reconectando en 1.0 s (backoff)...
2026-08-31 23:53:29.864 | INFO     | core.websocket:_connect_and_listen:59 - Conectado al WebSocket: wss://pumpportal.fun/api/data
2026-08-31 23:53:29.924 | ERROR    | core.websocket:run:91 - Error en WebSocket: 'ClientWebSocketResponse' object has no attribute 'send'
2026-08-31 23:53:29.924 | WARNING  | core.websocket:run:98 - Reconectando en 1.0 s (backoff)...
2026-08-31 23:53:31.113 | INFO     | core.websocket:_connect_and_listen:59 - Conectado al WebSocket: wss://pumpportal.fun/api/data
2026-08-31 23:53:31.172 | ERROR    | core.websocket:run:91 - Error en WebSocket: 'ClientWebSocketResponse' object has no attribute 'send'
2026-08-31 23:53:31.173 | WARNING  | core.websocket:run:98 - Reconectando en 1.0 s (backoff)...
2026-08-31 23:53:32.380 | INFO     | core.websocket:_connect_and_listen:59 - Conectado al WebSocket: wss://pumpportal.fun/api/data
2026-08-31 23:53:32.445 | ERROR    | core.websocket:run:91 - Error en WebSocket: 'ClientWebSocketResponse' object has no attribute 'send'
2026-08-31 23:53:32.446 | WARNING  | core.websocket:run:98 - Reconectando en 1.0 s (backoff)...
2026-08-31 23:53:33.637 | INFO     | core.websocket:_connect_and_listen:59 - Conectado al WebSocket: wss://pumpportal.fun/api/data
2026-08-31 23:53:33.698 | ERROR    | core.websocket:run:91 - Error en WebSocket: 'ClientWebSocketResponse' object has no attribute 'send'
2026-08-31 23:53:33.698 | WARNING  | core.websocket:run:98 - Reconectando en 1.0 s (backoff)...
2026-08-31 23:53:34.887 | INFO     | core.websocket:_connect_and_listen:59 - Conectado al WebSocket: wss://pumpportal.fun/api/data
2026-08-31 23:53:34.947 | ERROR    | core.websocket:run:91 - Error en WebSocket: 'ClientWebSocketResponse' object has no attribute 'send'
2026-08-31 23:53:34.947 | WARNING  | core.websocket:run:98 - Reconectando en 1.0 s (backoff)...
2026-08-31 23:53:36.139 | INFO     | core.websocket:_connect_and_listen:59 - Conectado al WebSocket: wss://pumpportal.fun/api/data
2026-08-31 23:53:36.200 | ERROR    | core.websocket:run:91 - Error en WebSocket: 'ClientWebSocketResponse' object has no attribute 'send'
2026-08-31 23:53:36.200 | WARNING  | core.websocket:run:98 - Reconectando en 1.0 s (backoff)...
2026-08-31 23:53:37.272 | INFO     | core.websocket:run:88 - Listener cancelado.
2026-08-31 23:53:37.272 | INFO     | __main__:shutdown:122 - Apagando bot...
2026-08-31 23:53:37.272 | INFO     | __main__:main:137 - Bot finalizado.
2026-08-31 23:53:37.273 | INFO     | __main__:<module>:144 - Interrupción del usuario.
2026-08-31 23:54:08.996 | INFO     | __main__:run:92 - Iniciando bot de memecoins en Solana...
2026-08-31 23:54:09.189 | INFO     | core.websocket:_connect_and_listen:59 - Conectado al WebSocket: wss://pumpportal.fun/api/data
2026-08-31 23:54:09.190 | INFO     | core.websocket:_connect_and_listen:64 - Suscrito exitosamente al feed de nuevos tokens (subscribeNewToken).
2026-09-16 18:42:44.710 | INFO     | core.execution:cargar_keypair_desde_env:109 - Escaneando subcuentas de las 24 palabras en la red Solana...
2026-09-16 18:42:46.093 | INFO     | core.execution:cargar_keypair_desde_env:141 - WALLET SELECCIONADA: D1hdMJF8QY3zxHFnaccCGLZRdbpLjFZj5sR7e5pQsEYF (Saldo: 0 SOL)
2026-09-16 18:42:46.342 | INFO     | __main__:run:162 - === TradingBot Framework Modular ===
2026-09-16 18:42:46.342 | INFO     | __main__:run:163 - Wallet: D1hdMJF8QY3zxHFnaccCGLZRdbpLjFZj5sR7e5pQsEYF
2026-09-16 18:42:46.342 | INFO     | __main__:run:164 - RPC: 9a3e97db-abca-4bc8-bc9d-a4c2295c2738
2026-09-16 18:42:46.342 | INFO     | __main__:run:165 - Estrategias: []
2026-09-16 18:42:46.343 | INFO     | core.engine.engine:start_all:77 - Engine iniciado: 0 estrategias activas
2026-09-16 18:42:46.343 | INFO     | core.notifier:start_heartbeat:258 - Heartbeat iniciado cada 30 min.
2026-09-16 18:42:46.343 | INFO     | core.tracker:monitor_positions:158 - Monitoreo de posiciones iniciado (cada 2s)
2026-09-16 18:43:38.170 | INFO     | core.execution:cargar_keypair_desde_env:109 - Escaneando subcuentas de las 24 palabras en la red Solana...
2026-09-16 18:43:38.552 | INFO     | core.execution:cargar_keypair_desde_env:141 - WALLET SELECCIONADA: D1hdMJF8QY3zxHFnaccCGLZRdbpLjFZj5sR7e5pQsEYF (Saldo: 0 SOL)
2026-09-16 18:43:38.575 | INFO     | __main__:run:162 - === TradingBot Framework Modular ===
2026-09-16 18:43:38.575 | INFO     | __main__:run:163 - Wallet: D1hdMJF8QY3zxHFnaccCGLZRdbpLjFZj5sR7e5pQsEYF
2026-09-16 18:43:38.575 | INFO     | __main__:run:164 - RPC: 9a3e97db-abca-4bc8-bc9d-a4c2295c2738
2026-09-16 18:43:38.575 | INFO     | __main__:run:165 - Estrategias: []
2026-09-16 18:43:38.575 | INFO     | core.engine.engine:start_all:77 - Engine iniciado: 0 estrategias activas
2026-09-16 18:43:38.576 | INFO     | core.notifier:start_heartbeat:258 - Heartbeat iniciado cada 30 min.
2026-09-16 18:43:38.576 | INFO     | core.tracker:monitor_positions:158 - Monitoreo de posiciones iniciado (cada 2s)
2026-09-16 18:44:49.430 | INFO     | core.execution:cargar_keypair_desde_env:109 - Escaneando subcuentas de las 24 palabras en la red Solana...
2026-09-16 18:44:49.748 | INFO     | core.execution:cargar_keypair_desde_env:141 - WALLET SELECCIONADA: D1hdMJF8QY3zxHFnaccCGLZRdbpLjFZj5sR7e5pQsEYF (Saldo: 0 SOL)
2026-09-16 18:44:49.768 | INFO     | strategies.copy_trading:_load_wallets:114 - CopyTrading: wallet cargada: Cupsey (6NwarBvD...)
2026-09-16 18:44:49.768 | INFO     | strategies.copy_trading:_load_wallets:114 - CopyTrading: wallet cargada: J777Crypto (4UrFSCrG...)
2026-09-16 18:44:49.768 | INFO     | strategies.copy_trading:_load_wallets:125 - CopyTrading: 2 wallets monitoreadas
2026-09-16 18:44:49.768 | INFO     | core.engine.engine:register:48 - Estrategia registrada: CopyTrading
2026-09-16 18:44:49.768 | INFO     | __main__:run:162 - === TradingBot Framework Modular ===
2026-09-16 18:44:49.768 | INFO     | __main__:run:163 - Wallet: D1hdMJF8QY3zxHFnaccCGLZRdbpLjFZj5sR7e5pQsEYF
2026-09-16 18:44:49.768 | INFO     | __main__:run:164 - RPC: 9a3e97db-abca-4bc8-bc9d-a4c2295c2738
2026-09-16 18:44:49.768 | INFO     | __main__:run:165 - Estrategias: ['CopyTrading']
2026-09-16 18:44:49.768 | WARNING  | __main__:_setup_helius_webhook:239 - URL publica no detectada. Configura WEBHOOK_BASE_URL en .env
2026-09-16 18:44:49.769 | INFO     | __main__:shutdown:244 - Apagando bot...
2026-09-16 18:44:49.769 | INFO     | strategies.copy_trading:stop:137 - CopyTrading: estrategia detenida
2026-09-16 18:44:49.769 | INFO     | core.engine.engine:stop_all:100 - Engine detenido.
2026-09-16 18:44:49.769 | INFO     | __main__:main:258 - Bot finalizado.
2026-09-16 18:46:03.517 | INFO     | core.execution:cargar_keypair_desde_env:109 - Escaneando subcuentas de las 24 palabras en la red Solana...
2026-09-16 18:46:03.828 | INFO     | core.execution:cargar_keypair_desde_env:141 - WALLET SELECCIONADA: D1hdMJF8QY3zxHFnaccCGLZRdbpLjFZj5sR7e5pQsEYF (Saldo: 0 SOL)
2026-09-16 18:46:03.848 | INFO     | strategies.copy_trading:_load_wallets:118 - CopyTrading: wallet cargada: Cupsey (6NwarBvD...)
2026-09-16 18:46:03.848 | INFO     | strategies.copy_trading:_load_wallets:118 - CopyTrading: wallet cargada: J777Crypto (4UrFSCrG...)
2026-09-16 18:46:03.848 | INFO     | strategies.copy_trading:_load_wallets:129 - CopyTrading: 2 wallets monitoreadas
2026-09-16 18:46:03.848 | INFO     | core.engine.engine:register:48 - Estrategia registrada: CopyTrading
2026-09-16 18:46:03.848 | INFO     | __main__:run:162 - === TradingBot Framework Modular ===
2026-09-16 18:46:03.848 | INFO     | __main__:run:163 - Wallet: D1hdMJF8QY3zxHFnaccCGLZRdbpLjFZj5sR7e5pQsEYF
2026-09-16 18:46:03.848 | INFO     | __main__:run:164 - RPC: 9a3e97db-abca-4bc8-bc9d-a4c2295c2738
2026-09-16 18:46:03.848 | INFO     | __main__:run:165 - Estrategias: ['CopyTrading']
2026-09-16 18:46:03.848 | WARNING  | __main__:_setup_helius_webhook:239 - URL publica no detectada. Configura WEBHOOK_BASE_URL en .env
2026-09-16 18:46:03.849 | INFO     | __main__:shutdown:244 - Apagando bot...
2026-09-16 18:46:03.849 | INFO     | strategies.copy_trading:stop:141 - CopyTrading: estrategia detenida
2026-09-16 18:46:03.849 | INFO     | core.engine.engine:stop_all:100 - Engine detenido.
2026-09-16 18:46:03.849 | INFO     | __main__:main:258 - Bot finalizado.
2026-09-16 18:46:25.566 | INFO     | core.execution:cargar_keypair_desde_env:109 - Escaneando subcuentas de las 24 palabras en la red Solana...
2026-09-16 18:46:25.869 | INFO     | core.execution:cargar_keypair_desde_env:141 - WALLET SELECCIONADA: D1hdMJF8QY3zxHFnaccCGLZRdbpLjFZj5sR7e5pQsEYF (Saldo: 0 SOL)
2026-09-16 18:46:25.888 | INFO     | strategies.copy_trading:_load_wallets:118 - CopyTrading: wallet cargada: Cupsey (6NwarBvD...)
2026-09-16 18:46:25.888 | INFO     | strategies.copy_trading:_load_wallets:118 - CopyTrading: wallet cargada: J777Crypto (4UrFSCrG...)
2026-09-16 18:46:25.888 | INFO     | strategies.copy_trading:_load_wallets:129 - CopyTrading: 2 wallets monitoreadas
2026-09-16 18:46:25.889 | INFO     | core.engine.engine:register:48 - Estrategia registrada: CopyTrading
2026-09-16 18:46:25.889 | INFO     | __main__:run:162 - === TradingBot Framework Modular ===
2026-09-16 18:46:25.889 | INFO     | __main__:run:163 - Wallet: D1hdMJF8QY3zxHFnaccCGLZRdbpLjFZj5sR7e5pQsEYF
2026-09-16 18:46:25.889 | INFO     | __main__:run:164 - RPC: 9a3e97db-abca-4bc8-bc9d-a4c2295c2738
2026-09-16 18:46:25.889 | INFO     | __main__:run:165 - Estrategias: ['CopyTrading']
2026-09-16 18:46:25.889 | WARNING  | __main__:_setup_helius_webhook:239 - URL publica no detectada. Configura WEBHOOK_BASE_URL en .env
2026-09-16 18:46:25.889 | INFO     | core.engine.engine:start_all:77 - Engine iniciado: 1 estrategias activas
2026-09-16 18:46:25.889 | INFO     | strategies.copy_trading:start:136 - CopyTrading: estrategia iniciada (2 wallets)
2026-09-16 18:46:25.889 | INFO     | core.notifier:start_heartbeat:258 - Heartbeat iniciado cada 30 min.
2026-09-16 18:46:25.889 | INFO     | core.tracker:monitor_positions:158 - Monitoreo de posiciones iniciado (cada 2s)
2026-09-16 19:00:58.458 | INFO     | core.execution:cargar_keypair_desde_env:109 - Escaneando subcuentas de las 24 palabras en la red Solana...
2026-09-16 19:00:58.799 | INFO     | core.execution:cargar_keypair_desde_env:141 - WALLET SELECCIONADA: D1hdMJF8QY3zxHFnaccCGLZRdbpLjFZj5sR7e5pQsEYF (Saldo: 0 SOL)
2026-09-16 19:00:58.825 | INFO     | strategies.copy_trading:_load_wallets:118 - CopyTrading: wallet cargada: Cupsey (6NwarBvD...)
2026-09-16 19:00:58.826 | INFO     | strategies.copy_trading:_load_wallets:118 - CopyTrading: wallet cargada: J777Crypto (4UrFSCrG...)
2026-09-16 19:00:58.826 | INFO     | strategies.copy_trading:_load_wallets:129 - CopyTrading: 2 wallets monitoreadas
2026-09-16 19:00:58.826 | INFO     | core.engine.engine:register:48 - Estrategia registrada: CopyTrading
2026-09-16 19:00:58.826 | INFO     | __main__:run:162 - === TradingBot Framework Modular ===
2026-09-16 19:00:58.826 | INFO     | __main__:run:163 - Wallet: D1hdMJF8QY3zxHFnaccCGLZRdbpLjFZj5sR7e5pQsEYF
2026-09-16 19:00:58.826 | INFO     | __main__:run:164 - RPC: 9a3e97db-abca-4bc8-bc9d-a4c2295c2738
2026-09-16 19:00:58.826 | INFO     | __main__:run:165 - Estrategias: ['CopyTrading']
2026-09-16 19:00:58.826 | INFO     | __main__:_setup_helius_webhook:229 - Configurando Helius webhook...
2026-09-16 19:00:58.826 | WARNING  | strategies.copy_trading:setup_helius_webhook:398 - CopyTrading: no se encontro HELIUS_API_KEY
2026-09-16 19:00:58.826 | WARNING  | __main__:_setup_helius_webhook:234 - No se pudo crear webhook. Crea manualmente en https://dashboard.helius.dev/webhooks
2026-09-16 19:00:58.827 | INFO     | core.engine.engine:start_all:77 - Engine iniciado: 1 estrategias activas
2026-09-16 19:00:58.827 | INFO     | strategies.copy_trading:start:136 - CopyTrading: estrategia iniciada (2 wallets)
2026-09-16 19:00:58.827 | INFO     | core.notifier:start_heartbeat:258 - Heartbeat iniciado cada 30 min.
2026-09-16 19:00:58.827 | INFO     | core.tracker:monitor_positions:158 - Monitoreo de posiciones iniciado (cada 2s)
2026-09-16 19:02:06.187 | INFO     | core.execution:cargar_keypair_desde_env:109 - Escaneando subcuentas de las 24 palabras en la red Solana...
2026-09-16 19:02:06.508 | INFO     | core.execution:cargar_keypair_desde_env:141 - WALLET SELECCIONADA: D1hdMJF8QY3zxHFnaccCGLZRdbpLjFZj5sR7e5pQsEYF (Saldo: 0 SOL)
2026-09-16 19:02:06.534 | INFO     | strategies.copy_trading:_load_wallets:118 - CopyTrading: wallet cargada: Cupsey (6NwarBvD...)
2026-09-16 19:02:06.535 | INFO     | strategies.copy_trading:_load_wallets:118 - CopyTrading: wallet cargada: J777Crypto (4UrFSCrG...)
2026-09-16 19:02:06.535 | INFO     | strategies.copy_trading:_load_wallets:129 - CopyTrading: 2 wallets monitoreadas
2026-09-16 19:02:06.535 | INFO     | core.engine.engine:register:48 - Estrategia registrada: CopyTrading
2026-09-16 19:02:06.535 | INFO     | __main__:run:162 - === TradingBot Framework Modular ===
2026-09-16 19:02:06.535 | INFO     | __main__:run:163 - Wallet: D1hdMJF8QY3zxHFnaccCGLZRdbpLjFZj5sR7e5pQsEYF
2026-09-16 19:02:06.536 | INFO     | __main__:run:164 - RPC: 9a3e97db-abca-4bc8-bc9d-a4c2295c2738
2026-09-16 19:02:06.536 | INFO     | __main__:run:165 - Estrategias: ['CopyTrading']
2026-09-16 19:02:06.536 | INFO     | __main__:_setup_helius_webhook:229 - Configurando Helius webhook...
2026-09-16 19:02:07.127 | ERROR    | strategies.copy_trading:setup_helius_webhook:440 - Error creando webhook: {"message":["Each transaction type must be a valid TransactionType"],"error":"Bad Request","statusCode":400}
2026-09-16 19:02:07.136 | WARNING  | __main__:_setup_helius_webhook:234 - No se pudo crear webhook. Crea manualmente en https://dashboard.helius.dev/webhooks
2026-09-16 19:02:07.136 | INFO     | core.engine.engine:start_all:77 - Engine iniciado: 1 estrategias activas
2026-09-16 19:02:07.136 | INFO     | strategies.copy_trading:start:136 - CopyTrading: estrategia iniciada (2 wallets)
2026-09-16 19:02:07.137 | INFO     | core.notifier:start_heartbeat:258 - Heartbeat iniciado cada 30 min.
2026-09-16 19:02:07.137 | INFO     | core.tracker:monitor_positions:158 - Monitoreo de posiciones iniciado (cada 2s)
2026-09-16 19:02:56.672 | INFO     | core.execution:cargar_keypair_desde_env:109 - Escaneando subcuentas de las 24 palabras en la red Solana...
2026-09-16 19:02:56.972 | INFO     | core.execution:cargar_keypair_desde_env:141 - WALLET SELECCIONADA: D1hdMJF8QY3zxHFnaccCGLZRdbpLjFZj5sR7e5pQsEYF (Saldo: 0 SOL)
2026-09-16 19:02:56.992 | INFO     | strategies.copy_trading:_load_wallets:118 - CopyTrading: wallet cargada: Cupsey (6NwarBvD...)
2026-09-16 19:02:56.992 | INFO     | strategies.copy_trading:_load_wallets:118 - CopyTrading: wallet cargada: J777Crypto (4UrFSCrG...)
2026-09-16 19:02:56.992 | INFO     | strategies.copy_trading:_load_wallets:129 - CopyTrading: 2 wallets monitoreadas
2026-09-16 19:02:56.992 | INFO     | core.engine.engine:register:48 - Estrategia registrada: CopyTrading
2026-09-16 19:02:56.992 | INFO     | __main__:run:162 - === TradingBot Framework Modular ===
2026-09-16 19:02:56.992 | INFO     | __main__:run:163 - Wallet: D1hdMJF8QY3zxHFnaccCGLZRdbpLjFZj5sR7e5pQsEYF
2026-09-16 19:02:56.992 | INFO     | __main__:run:164 - RPC: 9a3e97db-abca-4bc8-bc9d-a4c2295c2738
2026-09-16 19:02:56.992 | INFO     | __main__:run:165 - Estrategias: ['CopyTrading']
2026-09-16 19:02:56.993 | INFO     | __main__:_setup_helius_webhook:229 - Configurando Helius webhook...
2026-09-16 19:02:57.551 | ERROR    | strategies.copy_trading:setup_helius_webhook:440 - Error creando webhook: {"message":["Transaction status must be one of: all, success, or failed"],"error":"Bad Request","statusCode":400}
2026-09-16 19:02:57.551 | WARNING  | __main__:_setup_helius_webhook:234 - No se pudo crear webhook. Crea manualmente en https://dashboard.helius.dev/webhooks
2026-09-16 19:02:57.552 | INFO     | core.engine.engine:start_all:77 - Engine iniciado: 1 estrategias activas
2026-09-16 19:02:57.552 | INFO     | strategies.copy_trading:start:136 - CopyTrading: estrategia iniciada (2 wallets)
2026-09-16 19:02:57.552 | INFO     | core.notifier:start_heartbeat:258 - Heartbeat iniciado cada 30 min.
2026-09-16 19:02:57.552 | INFO     | core.tracker:monitor_positions:158 - Monitoreo de posiciones iniciado (cada 2s)
2026-09-16 19:03:50.198 | INFO     | core.execution:cargar_keypair_desde_env:109 - Escaneando subcuentas de las 24 palabras en la red Solana...
2026-09-16 19:03:50.507 | INFO     | core.execution:cargar_keypair_desde_env:141 - WALLET SELECCIONADA: D1hdMJF8QY3zxHFnaccCGLZRdbpLjFZj5sR7e5pQsEYF (Saldo: 0 SOL)
2026-09-16 19:03:50.527 | INFO     | strategies.copy_trading:_load_wallets:118 - CopyTrading: wallet cargada: Cupsey (6NwarBvD...)
2026-09-16 19:03:50.528 | INFO     | strategies.copy_trading:_load_wallets:118 - CopyTrading: wallet cargada: J777Crypto (4UrFSCrG...)
2026-09-16 19:03:50.528 | INFO     | strategies.copy_trading:_load_wallets:129 - CopyTrading: 2 wallets monitoreadas
2026-09-16 19:03:50.528 | INFO     | core.engine.engine:register:48 - Estrategia registrada: CopyTrading
2026-09-16 19:03:50.528 | INFO     | __main__:run:162 - === TradingBot Framework Modular ===
2026-09-16 19:03:50.528 | INFO     | __main__:run:163 - Wallet: D1hdMJF8QY3zxHFnaccCGLZRdbpLjFZj5sR7e5pQsEYF
2026-09-16 19:03:50.528 | INFO     | __main__:run:164 - RPC: 9a3e97db-abca-4bc8-bc9d-a4c2295c2738
2026-09-16 19:03:50.528 | INFO     | __main__:run:165 - Estrategias: ['CopyTrading']
2026-09-16 19:03:50.528 | INFO     | __main__:_setup_helius_webhook:229 - Configurando Helius webhook...
2026-09-16 19:03:51.055 | ERROR    | strategies.copy_trading:setup_helius_webhook:440 - Error creando webhook: {"webhookID":"da82f913-040c-46d6-952b-080f1543bb3b","project":"bf25e306-c988-45c1-8b41-9adc0f2fbf72","wallet":"bf25e306-c988-45c1-8b41-9adc0f2fbf72","webhookURL":"https://violet-cups-buy.loca.lt/webhook/copy-trading","accountAddresses":["6NwarBvDkXhByqVp2Qkq5i9XbtA2B3Bwe8SWGu9vpump","4UrFSCrGxgoCtCUBAEZq7ZmPK3Pczkxx7PwYnkBMi1KR"],"transactionTypes":["SWAP"],"webhookType":"enhanced","txnStatus":"success","active":true}
2026-09-16 19:03:51.055 | WARNING  | __main__:_setup_helius_webhook:234 - No se pudo crear webhook. Crea manualmente en https://dashboard.helius.dev/webhooks
2026-09-16 19:03:51.056 | INFO     | core.engine.engine:start_all:77 - Engine iniciado: 1 estrategias activas
2026-09-16 19:03:51.056 | INFO     | strategies.copy_trading:start:136 - CopyTrading: estrategia iniciada (2 wallets)
2026-09-16 19:03:51.056 | INFO     | core.notifier:start_heartbeat:258 - Heartbeat iniciado cada 30 min.
2026-09-16 19:03:51.056 | INFO     | core.tracker:monitor_positions:158 - Monitoreo de posiciones iniciado (cada 2s)
2026-09-16 19:05:42.248 | INFO     | core.execution:cargar_keypair_desde_env:109 - Escaneando subcuentas de las 24 palabras en la red Solana...
2026-09-16 19:05:42.635 | INFO     | core.execution:cargar_keypair_desde_env:141 - WALLET SELECCIONADA: D1hdMJF8QY3zxHFnaccCGLZRdbpLjFZj5sR7e5pQsEYF (Saldo: 0 SOL)
2026-09-16 19:05:42.656 | INFO     | strategies.copy_trading:_load_wallets:118 - CopyTrading: wallet cargada: Cupsey (6NwarBvD...)
2026-09-16 19:05:42.656 | INFO     | strategies.copy_trading:_load_wallets:118 - CopyTrading: wallet cargada: J777Crypto (4UrFSCrG...)
2026-09-16 19:05:42.656 | INFO     | strategies.copy_trading:_load_wallets:129 - CopyTrading: 2 wallets monitoreadas
2026-09-16 19:05:42.656 | INFO     | core.engine.engine:register:48 - Estrategia registrada: CopyTrading
2026-09-16 19:05:42.657 | INFO     | __main__:run:162 - === TradingBot Framework Modular ===
2026-09-16 19:05:42.657 | INFO     | __main__:run:163 - Wallet: D1hdMJF8QY3zxHFnaccCGLZRdbpLjFZj5sR7e5pQsEYF
2026-09-16 19:05:42.657 | INFO     | __main__:run:164 - RPC: 9a3e97db-abca-4bc8-bc9d-a4c2295c2738
2026-09-16 19:05:42.657 | INFO     | __main__:run:165 - Estrategias: ['CopyTrading']
2026-09-16 19:05:42.657 | INFO     | __main__:_setup_helius_webhook:229 - Configurando Helius webhook...
2026-09-16 19:05:43.385 | SUCCESS  | strategies.copy_trading:setup_helius_webhook:428 - Helius webhook actualizado: da82f913-040c-46d6-952b-080f1543bb3b
2026-09-16 19:05:43.386 | SUCCESS  | __main__:_setup_helius_webhook:232 - Helius webhook listo: da82f913-040c-46d6-952b-080f1543bb3b
2026-09-16 19:05:43.387 | INFO     | core.engine.engine:start_all:77 - Engine iniciado: 1 estrategias activas
2026-09-16 19:05:43.387 | INFO     | strategies.copy_trading:start:136 - CopyTrading: estrategia iniciada (2 wallets)
2026-09-16 19:05:43.387 | INFO     | core.notifier:start_heartbeat:258 - Heartbeat iniciado cada 30 min.
2026-09-16 19:05:43.387 | INFO     | core.tracker:monitor_positions:158 - Monitoreo de posiciones iniciado (cada 2s)
2026-09-16 19:06:43.388 | DEBUG    | __main__:run:191 - Engine: 1 estrategias activas/1 | Uptime: 60s
2026-09-16 19:07:43.388 | DEBUG    | __main__:run:191 - Engine: 1 estrategias activas/1 | Uptime: 120s
2026-09-16 19:08:43.389 | DEBUG    | __main__:run:191 - Engine: 1 estrategias activas/1 | Uptime: 180s
2026-09-16 19:09:43.391 | DEBUG    | __main__:run:191 - Engine: 1 estrategias activas/1 | Uptime: 240s
2026-09-16 19:10:43.392 | DEBUG    | __main__:run:191 - Engine: 1 estrategias activas/1 | Uptime: 300s
2026-09-16 19:11:43.394 | DEBUG    | __main__:run:191 - Engine: 1 estrategias activas/1 | Uptime: 360s
2026-09-16 19:12:43.394 | DEBUG    | __main__:run:191 - Engine: 1 estrategias activas/1 | Uptime: 420s
2026-09-16 19:13:43.395 | DEBUG    | __main__:run:191 - Engine: 1 estrategias activas/1 | Uptime: 480s
2026-09-16 19:14:43.396 | DEBUG    | __main__:run:191 - Engine: 1 estrategias activas/1 | Uptime: 540s
2026-09-16 19:15:43.398 | DEBUG    | __main__:run:191 - Engine: 1 estrategias activas/1 | Uptime: 600s
2026-09-16 19:16:43.398 | DEBUG    | __main__:run:191 - Engine: 1 estrategias activas/1 | Uptime: 660s
2026-09-16 19:17:43.400 | DEBUG    | __main__:run:191 - Engine: 1 estrategias activas/1 | Uptime: 720s
2026-09-16 19:18:43.401 | DEBUG    | __main__:run:191 - Engine: 1 estrategias activas/1 | Uptime: 780s
2026-09-16 19:19:43.401 | DEBUG    | __main__:run:191 - Engine: 1 estrategias activas/1 | Uptime: 840s
2026-09-16 19:20:43.402 | DEBUG    | __main__:run:191 - Engine: 1 estrategias activas/1 | Uptime: 900s
2026-09-16 19:21:43.403 | DEBUG    | __main__:run:191 - Engine: 1 estrategias activas/1 | Uptime: 960s
2026-09-16 19:22:43.404 | DEBUG    | __main__:run:191 - Engine: 1 estrategias activas/1 | Uptime: 1020s
2026-09-16 19:23:43.405 | DEBUG    | __main__:run:191 - Engine: 1 estrategias activas/1 | Uptime: 1080s
2026-09-16 19:24:43.406 | DEBUG    | __main__:run:191 - Engine: 1 estrategias activas/1 | Uptime: 1140s
2026-09-16 19:25:43.407 | DEBUG    | __main__:run:191 - Engine: 1 estrategias activas/1 | Uptime: 1200s
2026-09-16 19:26:43.408 | DEBUG    | __main__:run:191 - Engine: 1 estrategias activas/1 | Uptime: 1260s
2026-09-16 19:27:43.409 | DEBUG    | __main__:run:191 - Engine: 1 estrategias activas/1 | Uptime: 1320s
2026-09-16 19:28:43.411 | DEBUG    | __main__:run:191 - Engine: 1 estrategias activas/1 | Uptime: 1380s
2026-09-16 19:29:43.412 | DEBUG    | __main__:run:191 - Engine: 1 estrategias activas/1 | Uptime: 1440s
2026-09-16 19:30:43.414 | DEBUG    | __main__:run:191 - Engine: 1 estrategias activas/1 | Uptime: 1500s
2026-09-16 19:31:43.415 | DEBUG    | __main__:run:191 - Engine: 1 estrategias activas/1 | Uptime: 1560s
2026-09-16 19:32:43.416 | DEBUG    | __main__:run:191 - Engine: 1 estrategias activas/1 | Uptime: 1620s
2026-09-16 19:33:43.417 | DEBUG    | __main__:run:191 - Engine: 1 estrategias activas/1 | Uptime: 1680s
2026-09-16 19:34:43.419 | DEBUG    | __main__:run:191 - Engine: 1 estrategias activas/1 | Uptime: 1740s
2026-09-16 19:35:43.421 | DEBUG    | __main__:run:191 - Engine: 1 estrategias activas/1 | Uptime: 1800s
2026-09-16 19:35:45.425 | ERROR    | core.notifier:send:71 - Telegram error 401: {"ok":false,"error_code":401,"description":"Unauthorized"}
2026-09-16 19:35:45.425 | WARNING  | core.notifier:start_heartbeat:263 - Heartbeat no pudo enviarse a Telegram.
2026-09-16 19:36:43.422 | DEBUG    | __main__:run:191 - Engine: 1 estrategias activas/1 | Uptime: 1860s
2026-09-16 19:37:43.424 | DEBUG    | __main__:run:191 - Engine: 1 estrategias activas/1 | Uptime: 1920s
2026-09-16 19:38:43.425 | DEBUG    | __main__:run:191 - Engine: 1 estrategias activas/1 | Uptime: 1980s
2026-09-16 19:39:43.426 | DEBUG    | __main__:run:191 - Engine: 1 estrategias activas/1 | Uptime: 2040s
2026-09-16 19:40:43.427 | DEBUG    | __main__:run:191 - Engine: 1 estrategias activas/1 | Uptime: 2100s
2026-09-16 19:41:43.428 | DEBUG    | __main__:run:191 - Engine: 1 estrategias activas/1 | Uptime: 2160s
2026-09-19 19:19:23.707 | INFO     | core.execution:cargar_keypair_desde_env:109 - Escaneando subcuentas de las 24 palabras en la red Solana...
2026-09-19 19:19:25.099 | INFO     | core.execution:cargar_keypair_desde_env:141 - WALLET SELECCIONADA: D1hdMJF8QY3zxHFnaccCGLZRdbpLjFZj5sR7e5pQsEYF (Saldo: 0 SOL)
2026-09-19 19:19:25.332 | INFO     | strategies.copy_trading:_load_wallets:118 - CopyTrading: wallet cargada:  (BaLCEtq6...)
2026-09-19 19:19:25.332 | INFO     | strategies.copy_trading:_load_wallets:118 - CopyTrading: wallet cargada: cup2 (26kZ9rg8...)
2026-09-19 19:19:25.333 | INFO     | strategies.copy_trading:_load_wallets:118 - CopyTrading: wallet cargada: orangie (BCagckXe...)
2026-09-19 19:19:25.333 | INFO     | strategies.copy_trading:_load_wallets:118 - CopyTrading: wallet cargada: dv (H812jAz5...)
2026-09-19 19:19:25.333 | INFO     | strategies.copy_trading:_load_wallets:118 - CopyTrading: wallet cargada: cooker (2fg5QD1e...)
2026-09-19 19:19:25.333 | INFO     | strategies.copy_trading:_load_wallets:118 - CopyTrading: wallet cargada: cupsey (suqh5sHt...)
2026-09-19 19:19:25.333 | INFO     | strategies.copy_trading:_load_wallets:118 - CopyTrading: wallet cargada: cupsey (XDgpjPub...)
2026-09-19 19:19:25.333 | INFO     | strategies.copy_trading:_load_wallets:118 - CopyTrading: wallet cargada: cented (7NAd2EpY...)
2026-09-19 19:19:25.333 | INFO     | strategies.copy_trading:_load_wallets:118 - CopyTrading: wallet cargada: cup2 (FxN3VZ4B...)
2026-09-19 19:19:25.333 | INFO     | strategies.copy_trading:_load_wallets:129 - CopyTrading: 9 wallets monitoreadas
2026-09-19 19:19:25.333 | INFO     | core.engine.engine:register:48 - Estrategia registrada: CopyTrading
2026-09-19 19:19:25.334 | INFO     | __main__:run:160 - === TradingBot Framework Modular ===
2026-09-19 19:19:25.334 | INFO     | __main__:run:161 - Wallet: D1hdMJF8QY3zxHFnaccCGLZRdbpLjFZj5sR7e5pQsEYF
2026-09-19 19:19:25.334 | INFO     | __main__:run:162 - RPC: 9a3e97db-abca-4bc8-bc9d-a4c2295c2738
2026-09-19 19:19:25.334 | INFO     | __main__:run:163 - Estrategias: ['CopyTrading']
2026-09-19 19:19:25.334 | INFO     | __main__:_setup_helius_webhook:227 - Configurando Helius webhook...
2026-09-19 19:19:25.982 | SUCCESS  | strategies.copy_trading:setup_helius_webhook:428 - Helius webhook actualizado: da82f913-040c-46d6-952b-080f1543bb3b
2026-09-19 19:19:25.983 | SUCCESS  | __main__:_setup_helius_webhook:230 - Helius webhook listo: da82f913-040c-46d6-952b-080f1543bb3b
2026-09-19 19:19:25.984 | INFO     | core.engine.engine:start_all:77 - Engine iniciado: 1 estrategias activas
2026-09-19 19:19:25.984 | INFO     | strategies.copy_trading:start:136 - CopyTrading: estrategia iniciada (9 wallets)
2026-09-19 19:19:25.984 | INFO     | core.notifier:start_heartbeat:258 - Heartbeat iniciado cada 30 min.
2026-09-19 19:19:25.984 | INFO     | core.tracker:monitor_positions:158 - Monitoreo de posiciones iniciado (cada 2s)
2026-09-19 19:20:25.985 | DEBUG    | __main__:run:189 - Engine: 1 estrategias activas/1 | Uptime: 60s
2026-09-19 19:21:25.985 | DEBUG    | __main__:run:189 - Engine: 1 estrategias activas/1 | Uptime: 120s
2026-09-19 19:22:25.986 | DEBUG    | __main__:run:189 - Engine: 1 estrategias activas/1 | Uptime: 180s
2026-09-19 19:23:02.520 | INFO     | strategies.copy_trading:stop:141 - CopyTrading: estrategia detenida
2026-09-19 19:23:02.520 | INFO     | core.engine.engine:stop_all:100 - Engine detenido.
2026-09-19 19:23:02.520 | INFO     | core.tracker:monitor_positions:170 - Monitoreo de posiciones detenido.
2026-09-19 19:23:02.520 | INFO     | __main__:shutdown:242 - Apagando bot...
2026-09-19 19:23:02.520 | INFO     | strategies.copy_trading:stop:141 - CopyTrading: estrategia detenida
2026-09-19 19:23:02.520 | INFO     | core.engine.engine:stop_all:100 - Engine detenido.
2026-09-19 19:23:02.520 | INFO     | __main__:main:256 - Bot finalizado.
2026-09-19 19:23:10.537 | INFO     | core.execution:cargar_keypair_desde_env:109 - Escaneando subcuentas de las 24 palabras en la red Solana...
2026-09-19 19:23:10.866 | INFO     | core.execution:cargar_keypair_desde_env:141 - WALLET SELECCIONADA: D1hdMJF8QY3zxHFnaccCGLZRdbpLjFZj5sR7e5pQsEYF (Saldo: 0 SOL)
2026-09-19 19:23:10.888 | INFO     | strategies.copy_trading:_load_wallets:118 - CopyTrading: wallet cargada: cup2 (BaLCEtq6...)
2026-09-19 19:23:10.888 | INFO     | strategies.copy_trading:_load_wallets:118 - CopyTrading: wallet cargada: orangie (26kZ9rg8...)
2026-09-19 19:23:10.888 | INFO     | strategies.copy_trading:_load_wallets:118 - CopyTrading: wallet cargada: dv (BCagckXe...)
2026-09-19 19:23:10.888 | INFO     | strategies.copy_trading:_load_wallets:118 - CopyTrading: wallet cargada: cooker (H812jAz5...)
2026-09-19 19:23:10.888 | INFO     | strategies.copy_trading:_load_wallets:118 - CopyTrading: wallet cargada: cupsey (2fg5QD1e...)
2026-09-19 19:23:10.888 | INFO     | strategies.copy_trading:_load_wallets:118 - CopyTrading: wallet cargada: cupsey (suqh5sHt...)
2026-09-19 19:23:10.889 | INFO     | strategies.copy_trading:_load_wallets:118 - CopyTrading: wallet cargada: cented (XDgpjPub...)
2026-09-19 19:23:10.889 | INFO     | strategies.copy_trading:_load_wallets:118 - CopyTrading: wallet cargada: cup2 (7NAd2EpY...)
2026-09-19 19:23:10.889 | INFO     | strategies.copy_trading:_load_wallets:118 - CopyTrading: wallet cargada: cup3 (FxN3VZ4B...)
2026-09-19 19:23:10.889 | INFO     | strategies.copy_trading:_load_wallets:129 - CopyTrading: 9 wallets monitoreadas
2026-09-19 19:23:10.889 | INFO     | core.engine.engine:register:48 - Estrategia registrada: CopyTrading
2026-09-19 19:23:10.889 | INFO     | __main__:run:160 - === TradingBot Framework Modular ===
2026-09-19 19:23:10.889 | INFO     | __main__:run:161 - Wallet: D1hdMJF8QY3zxHFnaccCGLZRdbpLjFZj5sR7e5pQsEYF
2026-09-19 19:23:10.889 | INFO     | __main__:run:162 - RPC: 9a3e97db-abca-4bc8-bc9d-a4c2295c2738
2026-09-19 19:23:10.889 | INFO     | __main__:run:163 - Estrategias: ['CopyTrading']
2026-09-19 19:23:10.889 | INFO     | __main__:_setup_helius_webhook:227 - Configurando Helius webhook...
2026-09-19 19:23:11.415 | SUCCESS  | strategies.copy_trading:setup_helius_webhook:428 - Helius webhook actualizado: da82f913-040c-46d6-952b-080f1543bb3b
2026-09-19 19:23:11.416 | SUCCESS  | __main__:_setup_helius_webhook:230 - Helius webhook listo: da82f913-040c-46d6-952b-080f1543bb3b
2026-09-19 19:23:11.417 | INFO     | core.engine.engine:start_all:77 - Engine iniciado: 1 estrategias activas
2026-09-19 19:23:11.417 | INFO     | strategies.copy_trading:start:136 - CopyTrading: estrategia iniciada (9 wallets)
2026-09-19 19:23:11.417 | INFO     | core.notifier:start_heartbeat:258 - Heartbeat iniciado cada 30 min.
2026-09-19 19:23:11.417 | INFO     | core.tracker:monitor_positions:158 - Monitoreo de posiciones iniciado (cada 2s)
2026-09-19 19:24:11.418 | DEBUG    | __main__:run:189 - Engine: 1 estrategias activas/1 | Uptime: 60s
2026-09-19 19:25:11.418 | DEBUG    | __main__:run:189 - Engine: 1 estrategias activas/1 | Uptime: 120s
2026-09-19 19:26:11.420 | DEBUG    | __main__:run:189 - Engine: 1 estrategias activas/1 | Uptime: 180s
2026-09-19 19:27:11.421 | DEBUG    | __main__:run:189 - Engine: 1 estrategias activas/1 | Uptime: 240s
2026-09-19 19:28:11.422 | DEBUG    | __main__:run:189 - Engine: 1 estrategias activas/1 | Uptime: 300s
2026-09-19 19:29:11.423 | DEBUG    | __main__:run:189 - Engine: 1 estrategias activas/1 | Uptime: 360s
2026-09-19 19:30:11.424 | DEBUG    | __main__:run:189 - Engine: 1 estrategias activas/1 | Uptime: 420s
2026-09-19 19:31:11.425 | DEBUG    | __main__:run:189 - Engine: 1 estrategias activas/1 | Uptime: 480s
2026-09-19 19:32:11.427 | DEBUG    | __main__:run:189 - Engine: 1 estrategias activas/1 | Uptime: 540s
2026-09-19 19:33:11.428 | DEBUG    | __main__:run:189 - Engine: 1 estrategias activas/1 | Uptime: 600s
2026-09-19 19:33:36.445 | INFO     | strategies.copy_trading:stop:141 - CopyTrading: estrategia detenida
2026-09-19 19:33:36.445 | INFO     | core.engine.engine:stop_all:100 - Engine detenido.
2026-09-19 19:33:36.446 | INFO     | core.tracker:monitor_positions:170 - Monitoreo de posiciones detenido.
2026-09-19 19:33:36.446 | INFO     | __main__:shutdown:242 - Apagando bot...
2026-09-19 19:33:36.446 | INFO     | strategies.copy_trading:stop:141 - CopyTrading: estrategia detenida
2026-09-19 19:33:36.446 | INFO     | core.engine.engine:stop_all:100 - Engine detenido.
2026-09-19 19:33:36.446 | INFO     | __main__:main:256 - Bot finalizado.
2026-09-19 19:33:43.124 | INFO     | core.execution:cargar_keypair_desde_env:109 - Escaneando subcuentas de las 24 palabras en la red Solana...
2026-09-19 19:33:43.509 | INFO     | core.execution:cargar_keypair_desde_env:141 - WALLET SELECCIONADA: D1hdMJF8QY3zxHFnaccCGLZRdbpLjFZj5sR7e5pQsEYF (Saldo: 0 SOL)
2026-09-19 19:33:43.534 | INFO     | strategies.copy_trading:_load_wallets:118 - CopyTrading: wallet cargada: cup2 (BaLCEtq6...)
2026-09-19 19:33:43.534 | INFO     | strategies.copy_trading:_load_wallets:118 - CopyTrading: wallet cargada: orangie (26kZ9rg8...)
2026-09-19 19:33:43.535 | INFO     | strategies.copy_trading:_load_wallets:118 - CopyTrading: wallet cargada: dv (BCagckXe...)
2026-09-19 19:33:43.535 | INFO     | strategies.copy_trading:_load_wallets:118 - CopyTrading: wallet cargada: cooker (H812jAz5...)
2026-09-19 19:33:43.535 | INFO     | strategies.copy_trading:_load_wallets:118 - CopyTrading: wallet cargada: cupsey (2fg5QD1e...)
2026-09-19 19:33:43.535 | INFO     | strategies.copy_trading:_load_wallets:118 - CopyTrading: wallet cargada: cupsey (suqh5sHt...)
2026-09-19 19:33:43.535 | INFO     | strategies.copy_trading:_load_wallets:118 - CopyTrading: wallet cargada: cented (XDgpjPub...)
2026-09-19 19:33:43.535 | INFO     | strategies.copy_trading:_load_wallets:118 - CopyTrading: wallet cargada: cup2 (7NAd2EpY...)
2026-09-19 19:33:43.535 | INFO     | strategies.copy_trading:_load_wallets:118 - CopyTrading: wallet cargada: cup3 (FxN3VZ4B...)
2026-09-19 19:33:43.535 | INFO     | strategies.copy_trading:_load_wallets:129 - CopyTrading: 9 wallets monitoreadas
2026-09-19 19:33:43.535 | INFO     | core.engine.engine:register:48 - Estrategia registrada: CopyTrading
2026-09-19 19:33:43.535 | INFO     | __main__:run:160 - === TradingBot Framework Modular ===
2026-09-19 19:33:43.536 | INFO     | __main__:run:161 - Wallet: D1hdMJF8QY3zxHFnaccCGLZRdbpLjFZj5sR7e5pQsEYF
2026-09-19 19:33:43.536 | INFO     | __main__:run:162 - RPC: 9a3e97db-abca-4bc8-bc9d-a4c2295c2738
2026-09-19 19:33:43.536 | INFO     | __main__:run:163 - Estrategias: ['CopyTrading']
2026-09-19 19:33:43.536 | INFO     | __main__:_setup_helius_webhook:227 - Configurando Helius webhook...
2026-09-19 19:33:44.150 | SUCCESS  | strategies.copy_trading:setup_helius_webhook:428 - Helius webhook actualizado: da82f913-040c-46d6-952b-080f1543bb3b
2026-09-19 19:33:44.150 | SUCCESS  | __main__:_setup_helius_webhook:230 - Helius webhook listo: da82f913-040c-46d6-952b-080f1543bb3b
2026-09-19 19:33:44.151 | INFO     | core.engine.engine:start_all:77 - Engine iniciado: 1 estrategias activas
2026-09-19 19:33:44.151 | INFO     | strategies.copy_trading:start:136 - CopyTrading: estrategia iniciada (9 wallets)
2026-09-19 19:33:44.151 | INFO     | core.notifier:start_heartbeat:258 - Heartbeat iniciado cada 30 min.
2026-09-19 19:33:44.152 | INFO     | core.tracker:monitor_positions:158 - Monitoreo de posiciones iniciado (cada 2s)
2026-09-19 19:34:44.152 | DEBUG    | __main__:run:189 - Engine: 1 estrategias activas/1 | Uptime: 60s
2026-09-19 19:35:04.741 | INFO     | strategies.copy_trading:stop:141 - CopyTrading: estrategia detenida
2026-09-19 19:35:04.741 | INFO     | core.engine.engine:stop_all:100 - Engine detenido.
2026-09-19 19:35:04.741 | INFO     | core.tracker:monitor_positions:170 - Monitoreo de posiciones detenido.
2026-09-19 19:35:04.742 | INFO     | __main__:shutdown:242 - Apagando bot...
2026-09-19 19:35:04.742 | INFO     | strategies.copy_trading:stop:141 - CopyTrading: estrategia detenida
2026-09-19 19:35:04.742 | INFO     | core.engine.engine:stop_all:100 - Engine detenido.
2026-09-19 19:35:04.742 | INFO     | __main__:main:256 - Bot finalizado.
2026-09-19 19:35:12.414 | INFO     | core.execution:cargar_keypair_desde_env:109 - Escaneando subcuentas de las 24 palabras en la red Solana...
2026-09-19 19:35:12.807 | INFO     | core.execution:cargar_keypair_desde_env:141 - WALLET SELECCIONADA: D1hdMJF8QY3zxHFnaccCGLZRdbpLjFZj5sR7e5pQsEYF (Saldo: 0 SOL)
2026-09-19 19:35:12.826 | INFO     | strategies.copy_trading:_load_wallets:118 - CopyTrading: wallet cargada: cup2 (BaLCEtq6...)
2026-09-19 19:35:12.826 | INFO     | strategies.copy_trading:_load_wallets:118 - CopyTrading: wallet cargada: orangie (26kZ9rg8...)
2026-09-19 19:35:12.826 | INFO     | strategies.copy_trading:_load_wallets:118 - CopyTrading: wallet cargada: dv (BCagckXe...)
2026-09-19 19:35:12.827 | INFO     | strategies.copy_trading:_load_wallets:118 - CopyTrading: wallet cargada: cooker (H812jAz5...)
2026-09-19 19:35:12.827 | INFO     | strategies.copy_trading:_load_wallets:118 - CopyTrading: wallet cargada: cupsey (2fg5QD1e...)
2026-09-19 19:35:12.827 | INFO     | strategies.copy_trading:_load_wallets:118 - CopyTrading: wallet cargada: cupsey (suqh5sHt...)
2026-09-19 19:35:12.827 | INFO     | strategies.copy_trading:_load_wallets:118 - CopyTrading: wallet cargada: cented (XDgpjPub...)
2026-09-19 19:35:12.827 | INFO     | strategies.copy_trading:_load_wallets:118 - CopyTrading: wallet cargada: cup2 (7NAd2EpY...)
2026-09-19 19:35:12.827 | INFO     | strategies.copy_trading:_load_wallets:118 - CopyTrading: wallet cargada: cup3 (FxN3VZ4B...)
2026-09-19 19:35:12.827 | INFO     | strategies.copy_trading:_load_wallets:129 - CopyTrading: 9 wallets monitoreadas
2026-09-19 19:35:12.827 | INFO     | core.engine.engine:register:48 - Estrategia registrada: CopyTrading
2026-09-19 19:35:12.827 | INFO     | __main__:run:160 - === TradingBot Framework Modular ===
2026-09-19 19:35:12.827 | INFO     | __main__:run:161 - Wallet: D1hdMJF8QY3zxHFnaccCGLZRdbpLjFZj5sR7e5pQsEYF
2026-09-19 19:35:12.827 | INFO     | __main__:run:162 - RPC: 9a3e97db-abca-4bc8-bc9d-a4c2295c2738
2026-09-19 19:35:12.827 | INFO     | __main__:run:163 - Estrategias: ['CopyTrading']
2026-09-19 19:35:12.828 | INFO     | __main__:_setup_helius_webhook:227 - Configurando Helius webhook...
2026-09-19 19:35:13.699 | SUCCESS  | strategies.copy_trading:setup_helius_webhook:428 - Helius webhook actualizado: da82f913-040c-46d6-952b-080f1543bb3b
2026-09-19 19:35:13.699 | SUCCESS  | __main__:_setup_helius_webhook:230 - Helius webhook listo: da82f913-040c-46d6-952b-080f1543bb3b
2026-09-19 19:35:13.700 | INFO     | core.engine.engine:start_all:77 - Engine iniciado: 1 estrategias activas
2026-09-19 19:35:13.700 | INFO     | strategies.copy_trading:start:136 - CopyTrading: estrategia iniciada (9 wallets)
2026-09-19 19:35:13.700 | INFO     | core.notifier:start_heartbeat:258 - Heartbeat iniciado cada 30 min.
2026-09-19 19:35:13.700 | INFO     | core.tracker:monitor_positions:158 - Monitoreo de posiciones iniciado (cada 2s)
2026-09-19 19:36:13.701 | DEBUG    | __main__:run:189 - Engine: 1 estrategias activas/1 | Uptime: 60s
2026-09-19 19:37:13.702 | DEBUG    | __main__:run:189 - Engine: 1 estrategias activas/1 | Uptime: 120s
2026-09-19 19:38:13.703 | DEBUG    | __main__:run:189 - Engine: 1 estrategias activas/1 | Uptime: 180s
2026-09-19 19:39:13.704 | DEBUG    | __main__:run:189 - Engine: 1 estrategias activas/1 | Uptime: 240s
2026-09-19 19:40:13.705 | DEBUG    | __main__:run:189 - Engine: 1 estrategias activas/1 | Uptime: 300s
2026-09-19 19:41:13.705 | DEBUG    | __main__:run:189 - Engine: 1 estrategias activas/1 | Uptime: 360s
2026-09-19 19:42:13.706 | DEBUG    | __main__:run:189 - Engine: 1 estrategias activas/1 | Uptime: 420s
2026-09-19 19:43:13.709 | DEBUG    | __main__:run:189 - Engine: 1 estrategias activas/1 | Uptime: 480s
2026-09-19 19:44:13.710 | DEBUG    | __main__:run:189 - Engine: 1 estrategias activas/1 | Uptime: 540s
2026-09-19 19:45:13.711 | DEBUG    | __main__:run:189 - Engine: 1 estrategias activas/1 | Uptime: 600s
2026-09-19 19:46:13.712 | DEBUG    | __main__:run:189 - Engine: 1 estrategias activas/1 | Uptime: 660s
2026-09-19 19:47:13.714 | DEBUG    | __main__:run:189 - Engine: 1 estrategias activas/1 | Uptime: 720s
2026-09-19 19:48:13.715 | DEBUG    | __main__:run:189 - Engine: 1 estrategias activas/1 | Uptime: 780s
2026-09-19 19:49:13.715 | DEBUG    | __main__:run:189 - Engine: 1 estrategias activas/1 | Uptime: 840s
2026-09-19 19:49:30.032 | INFO     | strategies.copy_trading:stop:141 - CopyTrading: estrategia detenida
2026-09-19 19:49:30.032 | INFO     | core.engine.engine:stop_all:100 - Engine detenido.
2026-09-19 19:49:30.032 | INFO     | core.tracker:monitor_positions:170 - Monitoreo de posiciones detenido.
2026-09-19 19:49:30.032 | INFO     | __main__:shutdown:242 - Apagando bot...
2026-09-19 19:49:30.032 | INFO     | strategies.copy_trading:stop:141 - CopyTrading: estrategia detenida
2026-09-19 19:49:30.032 | INFO     | core.engine.engine:stop_all:100 - Engine detenido.
2026-09-19 19:49:30.033 | INFO     | __main__:main:256 - Bot finalizado.
2026-09-19 19:49:38.886 | INFO     | core.execution:cargar_keypair_desde_env:109 - Escaneando subcuentas de las 24 palabras en la red Solana...
2026-09-19 19:49:39.258 | INFO     | core.execution:cargar_keypair_desde_env:141 - WALLET SELECCIONADA: D1hdMJF8QY3zxHFnaccCGLZRdbpLjFZj5sR7e5pQsEYF (Saldo: 0 SOL)
2026-09-19 19:49:39.277 | INFO     | strategies.copy_trading:_load_wallets:119 - CopyTrading: wallet cargada: cup2 (BaLCEtq6...)
2026-09-19 19:49:39.277 | INFO     | strategies.copy_trading:_load_wallets:119 - CopyTrading: wallet cargada: orangie (26kZ9rg8...)
2026-09-19 19:49:39.278 | INFO     | strategies.copy_trading:_load_wallets:119 - CopyTrading: wallet cargada: dv (BCagckXe...)
2026-09-19 19:49:39.278 | INFO     | strategies.copy_trading:_load_wallets:119 - CopyTrading: wallet cargada: cooker (H812jAz5...)
2026-09-19 19:49:39.278 | INFO     | strategies.copy_trading:_load_wallets:119 - CopyTrading: wallet cargada: cupsey (2fg5QD1e...)
2026-09-19 19:49:39.278 | INFO     | strategies.copy_trading:_load_wallets:119 - CopyTrading: wallet cargada: cupsey (suqh5sHt...)
2026-09-19 19:49:39.278 | INFO     | strategies.copy_trading:_load_wallets:119 - CopyTrading: wallet cargada: cented (XDgpjPub...)
2026-09-19 19:49:39.278 | INFO     | strategies.copy_trading:_load_wallets:119 - CopyTrading: wallet cargada: cup2 (7NAd2EpY...)
2026-09-19 19:49:39.278 | INFO     | strategies.copy_trading:_load_wallets:119 - CopyTrading: wallet cargada: cup3 (FxN3VZ4B...)
2026-09-19 19:49:39.278 | INFO     | strategies.copy_trading:_load_wallets:130 - CopyTrading: 9 wallets monitoreadas
2026-09-19 19:49:39.278 | INFO     | core.engine.engine:register:48 - Estrategia registrada: CopyTrading
2026-09-19 19:49:39.279 | INFO     | __main__:run:160 - === TradingBot Framework Modular ===
2026-09-19 19:49:39.279 | INFO     | __main__:run:161 - Wallet: D1hdMJF8QY3zxHFnaccCGLZRdbpLjFZj5sR7e5pQsEYF
2026-09-19 19:49:39.279 | INFO     | __main__:run:162 - RPC: 9a3e97db-abca-4bc8-bc9d-a4c2295c2738
2026-09-19 19:49:39.279 | INFO     | __main__:run:163 - Estrategias: ['CopyTrading']
2026-09-19 19:49:39.279 | INFO     | __main__:_setup_helius_webhook:227 - Configurando Helius webhook...
2026-09-19 19:49:39.935 | SUCCESS  | strategies.copy_trading:setup_helius_webhook:503 - Helius webhook actualizado: da82f913-040c-46d6-952b-080f1543bb3b
2026-09-19 19:49:39.936 | SUCCESS  | __main__:_setup_helius_webhook:230 - Helius webhook listo: da82f913-040c-46d6-952b-080f1543bb3b
2026-09-19 19:49:39.936 | INFO     | core.engine.engine:start_all:77 - Engine iniciado: 1 estrategias activas
2026-09-19 19:49:39.936 | INFO     | strategies.copy_trading:start:194 - CopyTrading: estrategia iniciada (9 wallets)
2026-09-19 19:49:39.936 | INFO     | core.notifier:start_heartbeat:258 - Heartbeat iniciado cada 30 min.
2026-09-19 19:49:39.937 | INFO     | core.tracker:monitor_positions:158 - Monitoreo de posiciones iniciado (cada 2s)
2026-09-19 19:50:39.937 | DEBUG    | __main__:run:189 - Engine: 1 estrategias activas/1 | Uptime: 60s
2026-09-19 19:51:39.938 | DEBUG    | __main__:run:189 - Engine: 1 estrategias activas/1 | Uptime: 120s
2026-09-19 19:52:39.939 | DEBUG    | __main__:run:189 - Engine: 1 estrategias activas/1 | Uptime: 180s
2026-09-19 19:53:39.940 | DEBUG    | __main__:run:189 - Engine: 1 estrategias activas/1 | Uptime: 240s
2026-09-19 19:54:39.940 | DEBUG    | __main__:run:189 - Engine: 1 estrategias activas/1 | Uptime: 300s
2026-09-19 19:55:39.942 | DEBUG    | __main__:run:189 - Engine: 1 estrategias activas/1 | Uptime: 360s
2026-09-19 19:56:39.943 | DEBUG    | __main__:run:189 - Engine: 1 estrategias activas/1 | Uptime: 420s
2026-09-19 19:57:39.945 | DEBUG    | __main__:run:189 - Engine: 1 estrategias activas/1 | Uptime: 480s
2026-09-19 19:58:39.946 | DEBUG    | __main__:run:189 - Engine: 1 estrategias activas/1 | Uptime: 540s
2026-09-19 19:59:39.947 | DEBUG    | __main__:run:189 - Engine: 1 estrategias activas/1 | Uptime: 600s
2026-09-19 20:00:39.948 | DEBUG    | __main__:run:189 - Engine: 1 estrategias activas/1 | Uptime: 660s
2026-09-19 20:01:39.949 | DEBUG    | __main__:run:189 - Engine: 1 estrategias activas/1 | Uptime: 720s
2026-09-19 20:02:39.951 | DEBUG    | __main__:run:189 - Engine: 1 estrategias activas/1 | Uptime: 780s
2026-09-19 20:03:39.952 | DEBUG    | __main__:run:189 - Engine: 1 estrategias activas/1 | Uptime: 840s
2026-09-19 20:04:39.954 | DEBUG    | __main__:run:189 - Engine: 1 estrategias activas/1 | Uptime: 900s
2026-09-19 20:05:39.956 | DEBUG    | __main__:run:189 - Engine: 1 estrategias activas/1 | Uptime: 960s
2026-09-19 20:06:39.957 | DEBUG    | __main__:run:189 - Engine: 1 estrategias activas/1 | Uptime: 1020s
2026-09-19 20:07:39.958 | DEBUG    | __main__:run:189 - Engine: 1 estrategias activas/1 | Uptime: 1080s
2026-09-19 20:08:39.960 | DEBUG    | __main__:run:189 - Engine: 1 estrategias activas/1 | Uptime: 1140s
2026-09-19 20:09:39.961 | DEBUG    | __main__:run:189 - Engine: 1 estrategias activas/1 | Uptime: 1200s
2026-09-19 20:10:39.962 | DEBUG    | __main__:run:189 - Engine: 1 estrategias activas/1 | Uptime: 1260s
2026-09-19 20:11:39.962 | DEBUG    | __main__:run:189 - Engine: 1 estrategias activas/1 | Uptime: 1320s
2026-09-19 20:12:39.964 | DEBUG    | __main__:run:189 - Engine: 1 estrategias activas/1 | Uptime: 1380s
2026-09-19 20:13:39.965 | DEBUG    | __main__:run:189 - Engine: 1 estrategias activas/1 | Uptime: 1440s
2026-09-19 20:14:39.966 | DEBUG    | __main__:run:189 - Engine: 1 estrategias activas/1 | Uptime: 1500s
2026-09-19 20:15:39.967 | DEBUG    | __main__:run:189 - Engine: 1 estrategias activas/1 | Uptime: 1560s
2026-09-19 20:16:39.968 | DEBUG    | __main__:run:189 - Engine: 1 estrategias activas/1 | Uptime: 1620s
2026-09-19 20:17:39.969 | DEBUG    | __main__:run:189 - Engine: 1 estrategias activas/1 | Uptime: 1680s
2026-09-19 20:18:39.970 | DEBUG    | __main__:run:189 - Engine: 1 estrategias activas/1 | Uptime: 1740s
2026-09-19 20:19:39.972 | DEBUG    | __main__:run:189 - Engine: 1 estrategias activas/1 | Uptime: 1800s
2026-09-19 20:19:42.192 | ERROR    | core.notifier:send:71 - Telegram error 401: {"ok":false,"error_code":401,"description":"Unauthorized"}
2026-09-19 20:19:42.192 | WARNING  | core.notifier:start_heartbeat:263 - Heartbeat no pudo enviarse a Telegram.
2026-09-19 20:20:39.973 | DEBUG    | __main__:run:189 - Engine: 1 estrategias activas/1 | Uptime: 1860s
2026-09-19 20:21:39.974 | DEBUG    | __main__:run:189 - Engine: 1 estrategias activas/1 | Uptime: 1920s
2026-09-19 20:22:39.974 | DEBUG    | __main__:run:189 - Engine: 1 estrategias activas/1 | Uptime: 1980s
2026-09-19 20:23:39.975 | DEBUG    | __main__:run:189 - Engine: 1 estrategias activas/1 | Uptime: 2040s
2026-09-19 20:24:39.976 | DEBUG    | __main__:run:189 - Engine: 1 estrategias activas/1 | Uptime: 2100s
2026-09-19 20:25:39.977 | DEBUG    | __main__:run:189 - Engine: 1 estrategias activas/1 | Uptime: 2160s
2026-09-19 20:26:39.979 | DEBUG    | __main__:run:189 - Engine: 1 estrategias activas/1 | Uptime: 2220s
2026-09-19 20:27:39.980 | DEBUG    | __main__:run:189 - Engine: 1 estrategias activas/1 | Uptime: 2280s
2026-09-19 20:28:39.982 | DEBUG    | __main__:run:189 - Engine: 1 estrategias activas/1 | Uptime: 2340s
2026-09-19 20:29:39.983 | DEBUG    | __main__:run:189 - Engine: 1 estrategias activas/1 | Uptime: 2400s
2026-09-19 20:30:39.983 | DEBUG    | __main__:run:189 - Engine: 1 estrategias activas/1 | Uptime: 2460s
2026-09-19 20:31:39.984 | DEBUG    | __main__:run:189 - Engine: 1 estrategias activas/1 | Uptime: 2520s
2026-09-19 20:32:34.302 | INFO     | strategies.copy_trading:stop:199 - CopyTrading: estrategia detenida
2026-09-19 20:32:34.302 | INFO     | core.engine.engine:stop_all:100 - Engine detenido.
2026-09-19 20:32:34.302 | INFO     | core.tracker:monitor_positions:170 - Monitoreo de posiciones detenido.
2026-09-19 20:32:34.302 | INFO     | __main__:shutdown:242 - Apagando bot...
2026-09-19 20:32:34.302 | INFO     | strategies.copy_trading:stop:199 - CopyTrading: estrategia detenida
2026-09-19 20:32:34.303 | INFO     | core.engine.engine:stop_all:100 - Engine detenido.
2026-09-19 20:32:34.303 | INFO     | __main__:main:256 - Bot finalizado.
2026-09-19 20:32:43.050 | INFO     | core.execution:cargar_keypair_desde_env:109 - Escaneando subcuentas de las 24 palabras en la red Solana...
2026-09-19 20:32:43.404 | INFO     | core.execution:cargar_keypair_desde_env:141 - WALLET SELECCIONADA: D1hdMJF8QY3zxHFnaccCGLZRdbpLjFZj5sR7e5pQsEYF (Saldo: 0 SOL)
2026-09-19 20:32:43.430 | INFO     | strategies.copy_trading:_load_wallets:119 - CopyTrading: wallet cargada: cup2 (BaLCEtq6...)
2026-09-19 20:32:43.430 | INFO     | strategies.copy_trading:_load_wallets:119 - CopyTrading: wallet cargada: orangie (26kZ9rg8...)
2026-09-19 20:32:43.430 | INFO     | strategies.copy_trading:_load_wallets:119 - CopyTrading: wallet cargada: dv (BCagckXe...)
2026-09-19 20:32:43.430 | INFO     | strategies.copy_trading:_load_wallets:119 - CopyTrading: wallet cargada: cooker (H812jAz5...)
2026-09-19 20:32:43.430 | INFO     | strategies.copy_trading:_load_wallets:119 - CopyTrading: wallet cargada: cupsey (2fg5QD1e...)
2026-09-19 20:32:43.430 | INFO     | strategies.copy_trading:_load_wallets:119 - CopyTrading: wallet cargada: cupsey (suqh5sHt...)
2026-09-19 20:32:43.430 | INFO     | strategies.copy_trading:_load_wallets:119 - CopyTrading: wallet cargada: cented (XDgpjPub...)
2026-09-19 20:32:43.430 | INFO     | strategies.copy_trading:_load_wallets:119 - CopyTrading: wallet cargada: cup2 (7NAd2EpY...)
2026-09-19 20:32:43.430 | INFO     | strategies.copy_trading:_load_wallets:119 - CopyTrading: wallet cargada: cup3 (FxN3VZ4B...)
2026-09-19 20:32:43.431 | INFO     | strategies.copy_trading:_load_wallets:130 - CopyTrading: 9 wallets monitoreadas
2026-09-19 20:32:43.431 | INFO     | core.engine.engine:register:48 - Estrategia registrada: CopyTrading
2026-09-19 20:32:43.431 | INFO     | __main__:run:160 - === TradingBot Framework Modular ===
2026-09-19 20:32:43.431 | INFO     | __main__:run:161 - Wallet: D1hdMJF8QY3zxHFnaccCGLZRdbpLjFZj5sR7e5pQsEYF
2026-09-19 20:32:43.431 | INFO     | __main__:run:162 - RPC: 9a3e97db-abca-4bc8-bc9d-a4c2295c2738
2026-09-19 20:32:43.431 | INFO     | __main__:run:163 - Estrategias: ['CopyTrading']
2026-09-19 20:32:43.431 | INFO     | __main__:_setup_helius_webhook:227 - Configurando Helius webhook...
2026-09-19 20:32:44.116 | SUCCESS  | strategies.copy_trading:setup_helius_webhook:549 - Helius webhook actualizado: da82f913-040c-46d6-952b-080f1543bb3b
2026-09-19 20:32:44.117 | SUCCESS  | __main__:_setup_helius_webhook:230 - Helius webhook listo: da82f913-040c-46d6-952b-080f1543bb3b
2026-09-19 20:32:44.117 | INFO     | core.engine.engine:start_all:77 - Engine iniciado: 1 estrategias activas
2026-09-19 20:32:44.118 | INFO     | strategies.copy_trading:start:226 - CopyTrading: estrategia iniciada (9 wallets)
2026-09-19 20:32:44.118 | INFO     | core.notifier:start_heartbeat:258 - Heartbeat iniciado cada 30 min.
2026-09-19 20:32:44.118 | INFO     | core.tracker:monitor_positions:158 - Monitoreo de posiciones iniciado (cada 2s)
2026-09-19 20:33:44.119 | DEBUG    | __main__:run:189 - Engine: 1 estrategias activas/1 | Uptime: 60s
2026-09-19 20:34:44.120 | DEBUG    | __main__:run:189 - Engine: 1 estrategias activas/1 | Uptime: 120s
2026-09-19 20:35:44.122 | DEBUG    | __main__:run:189 - Engine: 1 estrategias activas/1 | Uptime: 180s
2026-09-19 20:36:44.124 | DEBUG    | __main__:run:189 - Engine: 1 estrategias activas/1 | Uptime: 240s
2026-09-19 20:37:44.125 | DEBUG    | __main__:run:189 - Engine: 1 estrategias activas/1 | Uptime: 300s
2026-09-19 20:38:44.126 | DEBUG    | __main__:run:189 - Engine: 1 estrategias activas/1 | Uptime: 360s
2026-09-19 20:39:44.127 | DEBUG    | __main__:run:189 - Engine: 1 estrategias activas/1 | Uptime: 420s
2026-09-19 20:40:44.128 | DEBUG    | __main__:run:189 - Engine: 1 estrategias activas/1 | Uptime: 480s
2026-09-19 20:41:44.129 | DEBUG    | __main__:run:189 - Engine: 1 estrategias activas/1 | Uptime: 540s
2026-09-19 20:42:44.130 | DEBUG    | __main__:run:189 - Engine: 1 estrategias activas/1 | Uptime: 600s
2026-09-19 20:43:44.131 | DEBUG    | __main__:run:189 - Engine: 1 estrategias activas/1 | Uptime: 660s
2026-09-19 20:44:44.132 | DEBUG    | __main__:run:189 - Engine: 1 estrategias activas/1 | Uptime: 720s
2026-09-19 20:45:44.134 | DEBUG    | __main__:run:189 - Engine: 1 estrategias activas/1 | Uptime: 780s
2026-09-19 20:46:44.135 | DEBUG    | __main__:run:189 - Engine: 1 estrategias activas/1 | Uptime: 840s
2026-09-19 20:47:44.136 | DEBUG    | __main__:run:189 - Engine: 1 estrategias activas/1 | Uptime: 900s
2026-09-19 20:48:44.138 | DEBUG    | __main__:run:189 - Engine: 1 estrategias activas/1 | Uptime: 960s
2026-09-19 20:49:44.141 | DEBUG    | __main__:run:189 - Engine: 1 estrategias activas/1 | Uptime: 1020s
2026-09-19 20:50:44.142 | DEBUG    | __main__:run:189 - Engine: 1 estrategias activas/1 | Uptime: 1080s
2026-09-19 20:51:44.143 | DEBUG    | __main__:run:189 - Engine: 1 estrategias activas/1 | Uptime: 1140s
2026-09-19 20:52:44.144 | DEBUG    | __main__:run:189 - Engine: 1 estrategias activas/1 | Uptime: 1200s
2026-09-19 20:53:44.144 | DEBUG    | __main__:run:189 - Engine: 1 estrategias activas/1 | Uptime: 1260s
2026-09-19 20:54:44.145 | DEBUG    | __main__:run:189 - Engine: 1 estrategias activas/1 | Uptime: 1320s
2026-09-19 20:55:44.146 | DEBUG    | __main__:run:189 - Engine: 1 estrategias activas/1 | Uptime: 1380s
2026-09-19 20:56:05.619 | INFO     | strategies.copy_trading:stop:231 - CopyTrading: estrategia detenida
2026-09-19 20:56:05.620 | INFO     | core.engine.engine:stop_all:100 - Engine detenido.
2026-09-19 20:56:05.620 | INFO     | core.tracker:monitor_positions:170 - Monitoreo de posiciones detenido.
2026-09-19 20:56:05.620 | INFO     | __main__:shutdown:242 - Apagando bot...
2026-09-19 20:56:05.620 | INFO     | strategies.copy_trading:stop:231 - CopyTrading: estrategia detenida
2026-09-19 20:56:05.620 | INFO     | core.engine.engine:stop_all:100 - Engine detenido.
2026-09-19 20:56:05.620 | INFO     | __main__:main:256 - Bot finalizado.
2026-09-19 20:56:17.921 | INFO     | core.execution:cargar_keypair_desde_env:109 - Escaneando subcuentas de las 24 palabras en la red Solana...
2026-09-19 20:56:18.265 | INFO     | core.execution:cargar_keypair_desde_env:141 - WALLET SELECCIONADA: D1hdMJF8QY3zxHFnaccCGLZRdbpLjFZj5sR7e5pQsEYF (Saldo: 0 SOL)
2026-09-19 20:56:18.284 | INFO     | strategies.copy_trading:_load_wallets:119 - CopyTrading: wallet cargada: cup2 (BaLCEtq6...)
2026-09-19 20:56:18.284 | INFO     | strategies.copy_trading:_load_wallets:119 - CopyTrading: wallet cargada: orangie (26kZ9rg8...)
2026-09-19 20:56:18.285 | INFO     | strategies.copy_trading:_load_wallets:119 - CopyTrading: wallet cargada: dv (BCagckXe...)
2026-09-19 20:56:18.285 | INFO     | strategies.copy_trading:_load_wallets:119 - CopyTrading: wallet cargada: cooker (H812jAz5...)
2026-09-19 20:56:18.285 | INFO     | strategies.copy_trading:_load_wallets:119 - CopyTrading: wallet cargada: cupsey (2fg5QD1e...)
2026-09-19 20:56:18.285 | INFO     | strategies.copy_trading:_load_wallets:119 - CopyTrading: wallet cargada: cupsey (suqh5sHt...)
2026-09-19 20:56:18.285 | INFO     | strategies.copy_trading:_load_wallets:119 - CopyTrading: wallet cargada: cented (XDgpjPub...)
2026-09-19 20:56:18.285 | INFO     | strategies.copy_trading:_load_wallets:119 - CopyTrading: wallet cargada: cup2 (7NAd2EpY...)
2026-09-19 20:56:18.285 | INFO     | strategies.copy_trading:_load_wallets:119 - CopyTrading: wallet cargada: cup3 (FxN3VZ4B...)
2026-09-19 20:56:18.285 | INFO     | strategies.copy_trading:_load_wallets:130 - CopyTrading: 9 wallets monitoreadas
2026-09-19 20:56:18.285 | INFO     | core.engine.engine:register:48 - Estrategia registrada: CopyTrading
2026-09-19 20:56:18.285 | INFO     | __main__:run:160 - === TradingBot Framework Modular ===
2026-09-19 20:56:18.286 | INFO     | __main__:run:161 - Wallet: D1hdMJF8QY3zxHFnaccCGLZRdbpLjFZj5sR7e5pQsEYF
2026-09-19 20:56:18.286 | INFO     | __main__:run:162 - RPC: 9a3e97db-abca-4bc8-bc9d-a4c2295c2738
2026-09-19 20:56:18.286 | INFO     | __main__:run:163 - Estrategias: ['CopyTrading']
2026-09-19 20:56:18.286 | INFO     | __main__:_setup_helius_webhook:227 - Configurando Helius webhook...
2026-09-19 20:56:18.907 | SUCCESS  | strategies.copy_trading:setup_helius_webhook:606 - Helius webhook actualizado: da82f913-040c-46d6-952b-080f1543bb3b
2026-09-19 20:56:18.907 | SUCCESS  | __main__:_setup_helius_webhook:230 - Helius webhook listo: da82f913-040c-46d6-952b-080f1543bb3b
2026-09-19 20:56:18.908 | INFO     | core.engine.engine:start_all:77 - Engine iniciado: 1 estrategias activas
2026-09-19 20:56:18.908 | INFO     | strategies.copy_trading:start:260 - CopyTrading: estrategia iniciada (9 wallets)
2026-09-19 20:56:18.908 | INFO     | core.notifier:start_heartbeat:258 - Heartbeat iniciado cada 30 min.
2026-09-19 20:56:18.908 | INFO     | core.tracker:monitor_positions:158 - Monitoreo de posiciones iniciado (cada 2s)
2026-09-19 20:57:18.909 | DEBUG    | __main__:run:189 - Engine: 1 estrategias activas/1 | Uptime: 60s
2026-09-19 20:58:18.910 | DEBUG    | __main__:run:189 - Engine: 1 estrategias activas/1 | Uptime: 120s
2026-09-19 20:59:18.911 | DEBUG    | __main__:run:189 - Engine: 1 estrategias activas/1 | Uptime: 180s
2026-09-19 21:00:18.912 | DEBUG    | __main__:run:189 - Engine: 1 estrategias activas/1 | Uptime: 240s
2026-09-19 21:01:18.913 | DEBUG    | __main__:run:189 - Engine: 1 estrategias activas/1 | Uptime: 300s
2026-09-19 21:02:18.915 | DEBUG    | __main__:run:189 - Engine: 1 estrategias activas/1 | Uptime: 360s
2026-09-19 21:03:18.917 | DEBUG    | __main__:run:189 - Engine: 1 estrategias activas/1 | Uptime: 420s
2026-09-19 21:04:18.919 | DEBUG    | __main__:run:189 - Engine: 1 estrategias activas/1 | Uptime: 480s
2026-09-19 21:05:18.920 | DEBUG    | __main__:run:189 - Engine: 1 estrategias activas/1 | Uptime: 540s
2026-09-19 21:06:18.921 | DEBUG    | __main__:run:189 - Engine: 1 estrategias activas/1 | Uptime: 600s
2026-09-19 21:07:18.922 | DEBUG    | __main__:run:189 - Engine: 1 estrategias activas/1 | Uptime: 660s
2026-09-19 21:08:18.923 | DEBUG    | __main__:run:189 - Engine: 1 estrategias activas/1 | Uptime: 720s
2026-09-19 21:09:18.924 | DEBUG    | __main__:run:189 - Engine: 1 estrategias activas/1 | Uptime: 780s
2026-09-19 21:10:18.925 | DEBUG    | __main__:run:189 - Engine: 1 estrategias activas/1 | Uptime: 840s
2026-09-19 21:11:18.927 | DEBUG    | __main__:run:189 - Engine: 1 estrategias activas/1 | Uptime: 900s
2026-09-19 21:12:18.929 | DEBUG    | __main__:run:189 - Engine: 1 estrategias activas/1 | Uptime: 960s
2026-09-19 21:13:18.929 | DEBUG    | __main__:run:189 - Engine: 1 estrategias activas/1 | Uptime: 1020s
2026-09-19 21:14:18.931 | DEBUG    | __main__:run:189 - Engine: 1 estrategias activas/1 | Uptime: 1080s
2026-09-19 21:15:18.932 | DEBUG    | __main__:run:189 - Engine: 1 estrategias activas/1 | Uptime: 1140s
2026-09-19 21:16:18.933 | DEBUG    | __main__:run:189 - Engine: 1 estrategias activas/1 | Uptime: 1200s
2026-09-19 21:17:18.935 | DEBUG    | __main__:run:189 - Engine: 1 estrategias activas/1 | Uptime: 1260s
2026-09-19 21:18:18.936 | DEBUG    | __main__:run:189 - Engine: 1 estrategias activas/1 | Uptime: 1320s
2026-09-19 21:19:18.937 | DEBUG    | __main__:run:189 - Engine: 1 estrategias activas/1 | Uptime: 1380s
2026-09-19 21:20:18.939 | DEBUG    | __main__:run:189 - Engine: 1 estrategias activas/1 | Uptime: 1440s
2026-09-19 21:21:18.940 | DEBUG    | __main__:run:189 - Engine: 1 estrategias activas/1 | Uptime: 1500s
2026-09-19 21:22:18.941 | DEBUG    | __main__:run:189 - Engine: 1 estrategias activas/1 | Uptime: 1560s
2026-09-19 21:23:18.942 | DEBUG    | __main__:run:189 - Engine: 1 estrategias activas/1 | Uptime: 1620s
2026-09-19 21:24:18.944 | DEBUG    | __main__:run:189 - Engine: 1 estrategias activas/1 | Uptime: 1680s
2026-09-19 21:25:18.945 | DEBUG    | __main__:run:189 - Engine: 1 estrategias activas/1 | Uptime: 1740s
2026-09-19 21:26:18.947 | DEBUG    | __main__:run:189 - Engine: 1 estrategias activas/1 | Uptime: 1800s
2026-09-19 21:26:20.872 | ERROR    | core.notifier:send:71 - Telegram error 401: {"ok":false,"error_code":401,"description":"Unauthorized"}
2026-09-19 21:26:20.873 | WARNING  | core.notifier:start_heartbeat:263 - Heartbeat no pudo enviarse a Telegram.
2026-09-19 21:27:18.949 | DEBUG    | __main__:run:189 - Engine: 1 estrategias activas/1 | Uptime: 1860s
2026-09-19 21:28:18.951 | DEBUG    | __main__:run:189 - Engine: 1 estrategias activas/1 | Uptime: 1920s
2026-09-19 21:29:18.952 | DEBUG    | __main__:run:189 - Engine: 1 estrategias activas/1 | Uptime: 1980s
2026-09-19 21:30:18.954 | DEBUG    | __main__:run:189 - Engine: 1 estrategias activas/1 | Uptime: 2040s
2026-09-19 21:31:18.955 | DEBUG    | __main__:run:189 - Engine: 1 estrategias activas/1 | Uptime: 2100s
2026-09-19 21:32:18.955 | DEBUG    | __main__:run:189 - Engine: 1 estrategias activas/1 | Uptime: 2160s
2026-09-19 21:33:18.957 | DEBUG    | __main__:run:189 - Engine: 1 estrategias activas/1 | Uptime: 2220s
2026-09-19 21:34:18.959 | DEBUG    | __main__:run:189 - Engine: 1 estrategias activas/1 | Uptime: 2280s
2026-09-19 21:35:18.961 | DEBUG    | __main__:run:189 - Engine: 1 estrategias activas/1 | Uptime: 2340s
2026-09-19 21:36:18.962 | DEBUG    | __main__:run:189 - Engine: 1 estrategias activas/1 | Uptime: 2400s
2026-09-19 21:37:18.964 | DEBUG    | __main__:run:189 - Engine: 1 estrategias activas/1 | Uptime: 2460s
2026-09-19 21:38:18.965 | DEBUG    | __main__:run:189 - Engine: 1 estrategias activas/1 | Uptime: 2520s
2026-09-19 21:39:18.967 | DEBUG    | __main__:run:189 - Engine: 1 estrategias activas/1 | Uptime: 2580s
2026-09-19 21:40:18.967 | DEBUG    | __main__:run:189 - Engine: 1 estrategias activas/1 | Uptime: 2640s
2026-09-19 21:41:18.968 | DEBUG    | __main__:run:189 - Engine: 1 estrategias activas/1 | Uptime: 2700s
2026-09-19 21:42:18.970 | DEBUG    | __main__:run:189 - Engine: 1 estrategias activas/1 | Uptime: 2760s
2026-09-19 21:43:18.971 | DEBUG    | __main__:run:189 - Engine: 1 estrategias activas/1 | Uptime: 2820s
2026-09-19 21:44:18.971 | DEBUG    | __main__:run:189 - Engine: 1 estrategias activas/1 | Uptime: 2880s
2026-09-19 21:45:18.973 | DEBUG    | __main__:run:189 - Engine: 1 estrategias activas/1 | Uptime: 2940s
2026-09-19 21:46:18.974 | DEBUG    | __main__:run:189 - Engine: 1 estrategias activas/1 | Uptime: 3000s
2026-09-19 21:47:18.975 | DEBUG    | __main__:run:189 - Engine: 1 estrategias activas/1 | Uptime: 3060s
2026-09-19 21:48:18.977 | DEBUG    | __main__:run:189 - Engine: 1 estrategias activas/1 | Uptime: 3120s
2026-09-19 21:49:18.979 | DEBUG    | __main__:run:189 - Engine: 1 estrategias activas/1 | Uptime: 3180s
2026-09-19 21:50:18.979 | DEBUG    | __main__:run:189 - Engine: 1 estrategias activas/1 | Uptime: 3240s
2026-09-19 21:51:18.980 | DEBUG    | __main__:run:189 - Engine: 1 estrategias activas/1 | Uptime: 3300s
2026-09-19 21:52:18.982 | DEBUG    | __main__:run:189 - Engine: 1 estrategias activas/1 | Uptime: 3360s
2026-09-19 21:53:18.983 | DEBUG    | __main__:run:189 - Engine: 1 estrategias activas/1 | Uptime: 3420s
2026-09-19 21:54:18.985 | DEBUG    | __main__:run:189 - Engine: 1 estrategias activas/1 | Uptime: 3480s
2026-09-19 21:55:18.985 | DEBUG    | __main__:run:189 - Engine: 1 estrategias activas/1 | Uptime: 3540s
2026-09-19 21:56:18.986 | DEBUG    | __main__:run:189 - Engine: 1 estrategias activas/1 | Uptime: 3600s
2026-09-19 21:56:21.332 | ERROR    | core.notifier:send:71 - Telegram error 401: {"ok":false,"error_code":401,"description":"Unauthorized"}
2026-09-19 21:56:21.332 | WARNING  | core.notifier:start_heartbeat:263 - Heartbeat no pudo enviarse a Telegram.
2026-09-19 21:57:18.987 | DEBUG    | __main__:run:189 - Engine: 1 estrategias activas/1 | Uptime: 3660s
2026-09-19 21:58:18.988 | DEBUG    | __main__:run:189 - Engine: 1 estrategias activas/1 | Uptime: 3720s
2026-09-19 21:59:18.989 | DEBUG    | __main__:run:189 - Engine: 1 estrategias activas/1 | Uptime: 3780s
2026-09-19 22:00:18.991 | DEBUG    | __main__:run:189 - Engine: 1 estrategias activas/1 | Uptime: 3840s
2026-09-19 22:01:18.992 | DEBUG    | __main__:run:189 - Engine: 1 estrategias activas/1 | Uptime: 3900s
2026-09-19 22:02:18.994 | DEBUG    | __main__:run:189 - Engine: 1 estrategias activas/1 | Uptime: 3960s
2026-09-19 22:03:18.995 | DEBUG    | __main__:run:189 - Engine: 1 estrategias activas/1 | Uptime: 4020s
2026-09-19 22:04:18.996 | DEBUG    | __main__:run:189 - Engine: 1 estrategias activas/1 | Uptime: 4080s
2026-09-19 22:05:18.999 | DEBUG    | __main__:run:189 - Engine: 1 estrategias activas/1 | Uptime: 4140s
2026-09-19 22:06:19.000 | DEBUG    | __main__:run:189 - Engine: 1 estrategias activas/1 | Uptime: 4200s
2026-09-19 22:07:19.001 | DEBUG    | __main__:run:189 - Engine: 1 estrategias activas/1 | Uptime: 4260s
2026-09-19 22:08:19.002 | DEBUG    | __main__:run:189 - Engine: 1 estrategias activas/1 | Uptime: 4320s
2026-09-19 22:09:19.003 | DEBUG    | __main__:run:189 - Engine: 1 estrategias activas/1 | Uptime: 4380s
2026-09-19 22:10:19.005 | DEBUG    | __main__:run:189 - Engine: 1 estrategias activas/1 | Uptime: 4440s
2026-09-19 22:11:19.005 | DEBUG    | __main__:run:189 - Engine: 1 estrategias activas/1 | Uptime: 4500s
2026-09-19 22:12:19.007 | DEBUG    | __main__:run:189 - Engine: 1 estrategias activas/1 | Uptime: 4560s
2026-09-19 22:13:19.008 | DEBUG    | __main__:run:189 - Engine: 1 estrategias activas/1 | Uptime: 4620s
2026-09-19 22:14:19.010 | DEBUG    | __main__:run:189 - Engine: 1 estrategias activas/1 | Uptime: 4680s
2026-09-19 22:15:19.012 | DEBUG    | __main__:run:189 - Engine: 1 estrategias activas/1 | Uptime: 4740s
2026-09-19 22:16:19.014 | DEBUG    | __main__:run:189 - Engine: 1 estrategias activas/1 | Uptime: 4800s
2026-09-19 22:17:19.014 | DEBUG    | __main__:run:189 - Engine: 1 estrategias activas/1 | Uptime: 4860s
2026-09-19 22:18:19.016 | DEBUG    | __main__:run:189 - Engine: 1 estrategias activas/1 | Uptime: 4920s
2026-09-19 22:19:19.018 | DEBUG    | __main__:run:189 - Engine: 1 estrategias activas/1 | Uptime: 4980s
2026-09-19 22:20:19.019 | DEBUG    | __main__:run:189 - Engine: 1 estrategias activas/1 | Uptime: 5040s
2026-09-19 22:21:19.021 | DEBUG    | __main__:run:189 - Engine: 1 estrategias activas/1 | Uptime: 5100s
2026-09-19 22:22:19.023 | DEBUG    | __main__:run:189 - Engine: 1 estrategias activas/1 | Uptime: 5160s
2026-09-19 22:23:19.025 | DEBUG    | __main__:run:189 - Engine: 1 estrategias activas/1 | Uptime: 5220s
2026-09-19 22:24:19.025 | DEBUG    | __main__:run:189 - Engine: 1 estrategias activas/1 | Uptime: 5280s
2026-09-19 22:25:19.027 | DEBUG    | __main__:run:189 - Engine: 1 estrategias activas/1 | Uptime: 5340s
2026-09-19 22:26:19.027 | DEBUG    | __main__:run:189 - Engine: 1 estrategias activas/1 | Uptime: 5400s
2026-09-19 22:26:23.381 | ERROR    | core.notifier:send:71 - Telegram error 401: {"ok":false,"error_code":401,"description":"Unauthorized"}
2026-09-19 22:26:23.381 | WARNING  | core.notifier:start_heartbeat:263 - Heartbeat no pudo enviarse a Telegram.
2026-09-19 22:27:19.029 | DEBUG    | __main__:run:189 - Engine: 1 estrategias activas/1 | Uptime: 5460s
2026-09-19 22:28:19.029 | DEBUG    | __main__:run:189 - Engine: 1 estrategias activas/1 | Uptime: 5520s
2026-09-19 22:29:19.030 | DEBUG    | __main__:run:189 - Engine: 1 estrategias activas/1 | Uptime: 5580s
2026-09-19 22:30:19.032 | DEBUG    | __main__:run:189 - Engine: 1 estrategias activas/1 | Uptime: 5640s
2026-09-19 22:31:19.033 | DEBUG    | __main__:run:189 - Engine: 1 estrategias activas/1 | Uptime: 5700s
2026-09-19 22:32:19.034 | DEBUG    | __main__:run:189 - Engine: 1 estrategias activas/1 | Uptime: 5760s
2026-09-19 22:33:19.035 | DEBUG    | __main__:run:189 - Engine: 1 estrategias activas/1 | Uptime: 5820s
2026-09-19 22:34:19.035 | DEBUG    | __main__:run:189 - Engine: 1 estrategias activas/1 | Uptime: 5880s
2026-09-19 22:35:19.037 | DEBUG    | __main__:run:189 - Engine: 1 estrategias activas/1 | Uptime: 5940s
2026-09-19 22:36:19.038 | DEBUG    | __main__:run:189 - Engine: 1 estrategias activas/1 | Uptime: 6000s
2026-09-19 22:37:19.040 | DEBUG    | __main__:run:189 - Engine: 1 estrategias activas/1 | Uptime: 6060s
2026-09-19 22:38:19.041 | DEBUG    | __main__:run:189 - Engine: 1 estrategias activas/1 | Uptime: 6120s
2026-09-19 22:39:19.043 | DEBUG    | __main__:run:189 - Engine: 1 estrategias activas/1 | Uptime: 6180s
2026-09-19 22:40:19.044 | DEBUG    | __main__:run:189 - Engine: 1 estrategias activas/1 | Uptime: 6240s
2026-09-19 22:41:19.045 | DEBUG    | __main__:run:189 - Engine: 1 estrategias activas/1 | Uptime: 6300s
2026-09-19 22:42:19.047 | DEBUG    | __main__:run:189 - Engine: 1 estrategias activas/1 | Uptime: 6360s
2026-09-19 22:43:19.048 | DEBUG    | __main__:run:189 - Engine: 1 estrategias activas/1 | Uptime: 6420s
2026-09-19 22:44:19.050 | DEBUG    | __main__:run:189 - Engine: 1 estrategias activas/1 | Uptime: 6480s
2026-09-19 22:45:19.052 | DEBUG    | __main__:run:189 - Engine: 1 estrategias activas/1 | Uptime: 6540s
2026-09-19 22:46:19.053 | DEBUG    | __main__:run:189 - Engine: 1 estrategias activas/1 | Uptime: 6600s
2026-09-19 22:47:19.055 | DEBUG    | __main__:run:189 - Engine: 1 estrategias activas/1 | Uptime: 6660s
2026-09-19 22:48:19.056 | DEBUG    | __main__:run:189 - Engine: 1 estrategias activas/1 | Uptime: 6720s
2026-09-19 22:49:19.057 | DEBUG    | __main__:run:189 - Engine: 1 estrategias activas/1 | Uptime: 6780s
2026-09-19 22:50:19.058 | DEBUG    | __main__:run:189 - Engine: 1 estrategias activas/1 | Uptime: 6840s
2026-09-19 22:51:19.060 | DEBUG    | __main__:run:189 - Engine: 1 estrategias activas/1 | Uptime: 6900s
2026-09-19 22:52:19.061 | DEBUG    | __main__:run:189 - Engine: 1 estrategias activas/1 | Uptime: 6960s
2026-09-19 22:53:19.062 | DEBUG    | __main__:run:189 - Engine: 1 estrategias activas/1 | Uptime: 7020s
2026-09-19 22:54:19.063 | DEBUG    | __main__:run:189 - Engine: 1 estrategias activas/1 | Uptime: 7080s
2026-09-19 22:55:19.064 | DEBUG    | __main__:run:189 - Engine: 1 estrategias activas/1 | Uptime: 7140s
2026-09-19 22:56:19.066 | DEBUG    | __main__:run:189 - Engine: 1 estrategias activas/1 | Uptime: 7200s
2026-09-19 22:56:23.828 | ERROR    | core.notifier:send:71 - Telegram error 401: {"ok":false,"error_code":401,"description":"Unauthorized"}
2026-09-19 22:56:23.828 | WARNING  | core.notifier:start_heartbeat:263 - Heartbeat no pudo enviarse a Telegram.
2026-09-19 22:57:19.067 | DEBUG    | __main__:run:189 - Engine: 1 estrategias activas/1 | Uptime: 7260s
2026-09-19 22:58:19.069 | DEBUG    | __main__:run:189 - Engine: 1 estrategias activas/1 | Uptime: 7320s
2026-09-19 22:59:19.069 | DEBUG    | __main__:run:189 - Engine: 1 estrategias activas/1 | Uptime: 7380s
2026-09-19 23:00:19.071 | DEBUG    | __main__:run:189 - Engine: 1 estrategias activas/1 | Uptime: 7440s
2026-09-19 23:01:19.072 | DEBUG    | __main__:run:189 - Engine: 1 estrategias activas/1 | Uptime: 7500s
2026-09-19 23:02:19.072 | DEBUG    | __main__:run:189 - Engine: 1 estrategias activas/1 | Uptime: 7560s
2026-09-19 23:03:19.073 | DEBUG    | __main__:run:189 - Engine: 1 estrategias activas/1 | Uptime: 7620s
2026-09-19 23:04:19.075 | DEBUG    | __main__:run:189 - Engine: 1 estrategias activas/1 | Uptime: 7680s
2026-09-19 23:05:19.075 | DEBUG    | __main__:run:189 - Engine: 1 estrategias activas/1 | Uptime: 7740s
2026-09-19 23:06:19.076 | DEBUG    | __main__:run:189 - Engine: 1 estrategias activas/1 | Uptime: 7800s
2026-09-19 23:07:19.077 | DEBUG    | __main__:run:189 - Engine: 1 estrategias activas/1 | Uptime: 7860s
2026-09-19 23:08:19.079 | DEBUG    | __main__:run:189 - Engine: 1 estrategias activas/1 | Uptime: 7920s
2026-09-19 23:09:19.080 | DEBUG    | __main__:run:189 - Engine: 1 estrategias activas/1 | Uptime: 7980s
2026-09-19 23:10:19.081 | DEBUG    | __main__:run:189 - Engine: 1 estrategias activas/1 | Uptime: 8040s
2026-09-19 23:11:19.082 | DEBUG    | __main__:run:189 - Engine: 1 estrategias activas/1 | Uptime: 8100s
2026-09-19 23:12:19.084 | DEBUG    | __main__:run:189 - Engine: 1 estrategias activas/1 | Uptime: 8160s
2026-09-19 23:13:19.085 | DEBUG    | __main__:run:189 - Engine: 1 estrategias activas/1 | Uptime: 8220s
2026-09-19 23:14:19.086 | DEBUG    | __main__:run:189 - Engine: 1 estrategias activas/1 | Uptime: 8280s
2026-09-19 23:15:19.088 | DEBUG    | __main__:run:189 - Engine: 1 estrategias activas/1 | Uptime: 8340s
2026-09-19 23:16:19.090 | DEBUG    | __main__:run:189 - Engine: 1 estrategias activas/1 | Uptime: 8400s
2026-09-19 23:17:19.090 | DEBUG    | __main__:run:189 - Engine: 1 estrategias activas/1 | Uptime: 8460s
2026-09-19 23:18:19.091 | DEBUG    | __main__:run:189 - Engine: 1 estrategias activas/1 | Uptime: 8520s
2026-09-19 23:19:19.092 | DEBUG    | __main__:run:189 - Engine: 1 estrategias activas/1 | Uptime: 8580s
2026-09-19 23:20:19.094 | DEBUG    | __main__:run:189 - Engine: 1 estrategias activas/1 | Uptime: 8640s
2026-09-19 23:21:19.095 | DEBUG    | __main__:run:189 - Engine: 1 estrategias activas/1 | Uptime: 8700s
2026-09-19 23:22:19.096 | DEBUG    | __main__:run:189 - Engine: 1 estrategias activas/1 | Uptime: 8760s
2026-09-19 23:23:19.097 | DEBUG    | __main__:run:189 - Engine: 1 estrategias activas/1 | Uptime: 8820s
2026-09-19 23:24:19.098 | DEBUG    | __main__:run:189 - Engine: 1 estrategias activas/1 | Uptime: 8880s
2026-09-19 23:25:19.100 | DEBUG    | __main__:run:189 - Engine: 1 estrategias activas/1 | Uptime: 8940s
2026-09-19 23:26:19.102 | DEBUG    | __main__:run:189 - Engine: 1 estrategias activas/1 | Uptime: 9000s
2026-09-19 23:26:25.958 | ERROR    | core.notifier:send:71 - Telegram error 401: {"ok":false,"error_code":401,"description":"Unauthorized"}
2026-09-19 23:26:25.958 | WARNING  | core.notifier:start_heartbeat:263 - Heartbeat no pudo enviarse a Telegram.
2026-09-19 23:27:19.103 | DEBUG    | __main__:run:189 - Engine: 1 estrategias activas/1 | Uptime: 9060s
2026-09-19 23:28:19.105 | DEBUG    | __main__:run:189 - Engine: 1 estrategias activas/1 | Uptime: 9120s
2026-09-19 23:29:19.107 | DEBUG    | __main__:run:189 - Engine: 1 estrategias activas/1 | Uptime: 9180s
2026-09-19 23:30:19.108 | DEBUG    | __main__:run:189 - Engine: 1 estrategias activas/1 | Uptime: 9240s
2026-09-19 23:31:19.110 | DEBUG    | __main__:run:189 - Engine: 1 estrategias activas/1 | Uptime: 9300s
2026-09-19 23:32:19.112 | DEBUG    | __main__:run:189 - Engine: 1 estrategias activas/1 | Uptime: 9360s
2026-09-19 23:33:19.112 | DEBUG    | __main__:run:189 - Engine: 1 estrategias activas/1 | Uptime: 9420s
2026-09-19 23:34:19.113 | DEBUG    | __main__:run:189 - Engine: 1 estrategias activas/1 | Uptime: 9480s
2026-09-19 23:35:19.115 | DEBUG    | __main__:run:189 - Engine: 1 estrategias activas/1 | Uptime: 9540s
2026-09-19 23:36:19.116 | DEBUG    | __main__:run:189 - Engine: 1 estrategias activas/1 | Uptime: 9600s
2026-09-19 23:37:19.117 | DEBUG    | __main__:run:189 - Engine: 1 estrategias activas/1 | Uptime: 9660s
2026-09-19 23:38:19.119 | DEBUG    | __main__:run:189 - Engine: 1 estrategias activas/1 | Uptime: 9720s
2026-09-19 23:39:19.120 | DEBUG    | __main__:run:189 - Engine: 1 estrategias activas/1 | Uptime: 9780s
2026-09-19 23:40:19.121 | DEBUG    | __main__:run:189 - Engine: 1 estrategias activas/1 | Uptime: 9840s
2026-09-19 23:41:19.122 | DEBUG    | __main__:run:189 - Engine: 1 estrategias activas/1 | Uptime: 9900s
2026-09-19 23:42:19.124 | DEBUG    | __main__:run:189 - Engine: 1 estrategias activas/1 | Uptime: 9960s
2026-09-19 23:43:19.125 | DEBUG    | __main__:run:189 - Engine: 1 estrategias activas/1 | Uptime: 10020s
2026-09-19 23:44:19.126 | DEBUG    | __main__:run:189 - Engine: 1 estrategias activas/1 | Uptime: 10080s
2026-09-19 23:45:19.127 | DEBUG    | __main__:run:189 - Engine: 1 estrategias activas/1 | Uptime: 10140s
2026-09-19 23:46:19.128 | DEBUG    | __main__:run:189 - Engine: 1 estrategias activas/1 | Uptime: 10200s
2026-09-19 23:47:19.130 | DEBUG    | __main__:run:189 - Engine: 1 estrategias activas/1 | Uptime: 10260s
2026-09-19 23:48:19.131 | DEBUG    | __main__:run:189 - Engine: 1 estrategias activas/1 | Uptime: 10320s
2026-09-19 23:49:19.132 | DEBUG    | __main__:run:189 - Engine: 1 estrategias activas/1 | Uptime: 10380s
2026-09-19 23:50:19.134 | DEBUG    | __main__:run:189 - Engine: 1 estrategias activas/1 | Uptime: 10440s
2026-09-19 23:51:19.134 | DEBUG    | __main__:run:189 - Engine: 1 estrategias activas/1 | Uptime: 10500s
2026-09-19 23:52:19.135 | DEBUG    | __main__:run:189 - Engine: 1 estrategias activas/1 | Uptime: 10560s
2026-09-19 23:53:19.136 | DEBUG    | __main__:run:189 - Engine: 1 estrategias activas/1 | Uptime: 10620s
2026-09-19 23:54:19.139 | DEBUG    | __main__:run:189 - Engine: 1 estrategias activas/1 | Uptime: 10680s
2026-09-19 23:55:19.140 | DEBUG    | __main__:run:189 - Engine: 1 estrategias activas/1 | Uptime: 10740s
2026-09-19 23:56:19.142 | DEBUG    | __main__:run:189 - Engine: 1 estrategias activas/1 | Uptime: 10800s
2026-09-19 23:56:26.405 | ERROR    | core.notifier:send:71 - Telegram error 401: {"ok":false,"error_code":401,"description":"Unauthorized"}
2026-09-19 23:56:26.405 | WARNING  | core.notifier:start_heartbeat:263 - Heartbeat no pudo enviarse a Telegram.
2026-09-19 23:57:19.144 | DEBUG    | __main__:run:189 - Engine: 1 estrategias activas/1 | Uptime: 10860s
2026-09-19 23:58:19.145 | DEBUG    | __main__:run:189 - Engine: 1 estrategias activas/1 | Uptime: 10920s
2026-09-19 23:59:19.146 | DEBUG    | __main__:run:189 - Engine: 1 estrategias activas/1 | Uptime: 10980s
2026-09-20 00:00:19.148 | DEBUG    | __main__:run:189 - Engine: 1 estrategias activas/1 | Uptime: 11040s
2026-09-20 00:01:19.149 | DEBUG    | __main__:run:189 - Engine: 1 estrategias activas/1 | Uptime: 11100s
2026-09-20 00:02:19.150 | DEBUG    | __main__:run:189 - Engine: 1 estrategias activas/1 | Uptime: 11160s
2026-09-20 00:03:19.152 | DEBUG    | __main__:run:189 - Engine: 1 estrategias activas/1 | Uptime: 11220s
2026-09-20 00:04:19.154 | DEBUG    | __main__:run:189 - Engine: 1 estrategias activas/1 | Uptime: 11280s
2026-09-20 00:05:19.155 | DEBUG    | __main__:run:189 - Engine: 1 estrategias activas/1 | Uptime: 11340s
2026-09-20 00:06:19.157 | DEBUG    | __main__:run:189 - Engine: 1 estrategias activas/1 | Uptime: 11400s
2026-09-20 00:07:19.158 | DEBUG    | __main__:run:189 - Engine: 1 estrategias activas/1 | Uptime: 11460s
2026-09-20 00:08:19.159 | DEBUG    | __main__:run:189 - Engine: 1 estrategias activas/1 | Uptime: 11520s
2026-09-20 00:09:19.161 | DEBUG    | __main__:run:189 - Engine: 1 estrategias activas/1 | Uptime: 11580s
2026-09-20 00:10:19.162 | DEBUG    | __main__:run:189 - Engine: 1 estrategias activas/1 | Uptime: 11640s
2026-09-20 00:11:19.163 | DEBUG    | __main__:run:189 - Engine: 1 estrategias activas/1 | Uptime: 11700s
2026-09-20 00:12:19.163 | DEBUG    | __main__:run:189 - Engine: 1 estrategias activas/1 | Uptime: 11760s
2026-09-20 00:13:19.164 | DEBUG    | __main__:run:189 - Engine: 1 estrategias activas/1 | Uptime: 11820s
2026-09-20 00:14:19.165 | DEBUG    | __main__:run:189 - Engine: 1 estrategias activas/1 | Uptime: 11880s
2026-09-20 00:15:19.165 | DEBUG    | __main__:run:189 - Engine: 1 estrategias activas/1 | Uptime: 11940s
2026-09-20 00:16:19.166 | DEBUG    | __main__:run:189 - Engine: 1 estrategias activas/1 | Uptime: 12000s
2026-09-20 00:17:19.168 | DEBUG    | __main__:run:189 - Engine: 1 estrategias activas/1 | Uptime: 12060s
2026-09-20 00:18:04.047 | INFO     | strategies.copy_trading:stop:265 - CopyTrading: estrategia detenida
2026-09-20 00:18:04.047 | INFO     | core.engine.engine:stop_all:100 - Engine detenido.
2026-09-20 00:18:04.047 | INFO     | core.tracker:monitor_positions:170 - Monitoreo de posiciones detenido.
2026-09-20 00:18:04.047 | INFO     | __main__:shutdown:242 - Apagando bot...
2026-09-20 00:18:04.047 | INFO     | strategies.copy_trading:stop:265 - CopyTrading: estrategia detenida
2026-09-20 00:18:04.047 | INFO     | core.engine.engine:stop_all:100 - Engine detenido.
2026-09-20 00:18:04.048 | INFO     | __main__:main:256 - Bot finalizado.
2026-09-20 00:18:16.719 | INFO     | core.execution:cargar_keypair_desde_env:109 - Escaneando subcuentas de las 24 palabras en la red Solana...
2026-09-20 00:18:17.774 | INFO     | core.execution:cargar_keypair_desde_env:141 - WALLET SELECCIONADA: D1hdMJF8QY3zxHFnaccCGLZRdbpLjFZj5sR7e5pQsEYF (Saldo: 0 SOL)
2026-09-20 00:18:17.961 | INFO     | strategies.copy_trading:_load_wallets:120 - CopyTrading: wallet cargada: cup2 (BaLCEtq6...)
2026-09-20 00:18:17.962 | INFO     | strategies.copy_trading:_load_wallets:120 - CopyTrading: wallet cargada: orangie (26kZ9rg8...)
2026-09-20 00:18:17.962 | INFO     | strategies.copy_trading:_load_wallets:120 - CopyTrading: wallet cargada: dv (BCagckXe...)
2026-09-20 00:18:17.962 | INFO     | strategies.copy_trading:_load_wallets:120 - CopyTrading: wallet cargada: cooker (H812jAz5...)
2026-09-20 00:18:17.962 | INFO     | strategies.copy_trading:_load_wallets:120 - CopyTrading: wallet cargada: cupsey (2fg5QD1e...)
2026-09-20 00:18:17.962 | INFO     | strategies.copy_trading:_load_wallets:120 - CopyTrading: wallet cargada: cupsey (suqh5sHt...)
2026-09-20 00:18:17.962 | INFO     | strategies.copy_trading:_load_wallets:120 - CopyTrading: wallet cargada: cented (XDgpjPub...)
2026-09-20 00:18:17.962 | INFO     | strategies.copy_trading:_load_wallets:120 - CopyTrading: wallet cargada: cup2 (7NAd2EpY...)
2026-09-20 00:18:17.962 | INFO     | strategies.copy_trading:_load_wallets:120 - CopyTrading: wallet cargada: cup3 (FxN3VZ4B...)
2026-09-20 00:18:17.962 | INFO     | strategies.copy_trading:_load_wallets:120 - CopyTrading: wallet cargada: CENTED (CyaE1Vxv...)
2026-09-20 00:18:17.962 | INFO     | strategies.copy_trading:_load_wallets:131 - CopyTrading: 10 wallets monitoreadas
2026-09-20 00:18:17.963 | INFO     | core.engine.engine:register:48 - Estrategia registrada: CopyTrading
2026-09-20 00:18:17.963 | INFO     | __main__:run:164 - === TradingBot Framework Modular ===
2026-09-20 00:18:17.963 | INFO     | __main__:run:165 - Wallet: D1hdMJF8QY3zxHFnaccCGLZRdbpLjFZj5sR7e5pQsEYF
2026-09-20 00:18:17.963 | INFO     | __main__:run:166 - RPC: 9a3e97db-abca-4bc8-bc9d-a4c2295c2738
2026-09-20 00:18:17.963 | INFO     | __main__:run:167 - Estrategias: ['CopyTrading']
2026-09-20 00:18:17.963 | INFO     | __main__:_setup_helius_webhook:293 - Configurando Helius webhook...
2026-09-20 00:18:18.726 | SUCCESS  | strategies.copy_trading:setup_helius_webhook:918 - Helius webhook actualizado: da82f913-040c-46d6-952b-080f1543bb3b
2026-09-20 00:18:18.727 | SUCCESS  | __main__:_setup_helius_webhook:296 - Helius webhook listo: da82f913-040c-46d6-952b-080f1543bb3b
2026-09-20 00:18:18.727 | INFO     | core.engine.engine:start_all:77 - Engine iniciado: 1 estrategias activas
2026-09-20 00:18:18.727 | INFO     | strategies.copy_trading:start:264 - CopyTrading: estrategia iniciada (10 wallets)
2026-09-20 00:18:18.728 | INFO     | core.notifier:start_heartbeat:258 - Heartbeat iniciado cada 30 min.
2026-09-20 00:18:18.733 | INFO     | __main__:_telegram_command_loop:221 - Telegram command listener iniciado (/stats, /wallets)
2026-09-20 00:18:18.733 | INFO     | core.tracker:monitor_positions:219 - Monitoreo de posiciones iniciado (cada 2s)
2026-09-20 00:18:18.746 | WARNING  | strategies.copy_trading:_rpc_poll_loop:296 - RPC polling init failed: 9a3e97db-abca-4bc8-bc9d-a4c2295c2738
2026-09-20 00:18:20.249 | DEBUG    | strategies.copy_trading:_poll_wallets:353 - Poll error for BaLCEtq6: 9a3e97db-abca-4bc8-bc9d-a4c2295c2738
2026-09-20 00:18:20.249 | DEBUG    | strategies.copy_trading:_poll_wallets:353 - Poll error for 26kZ9rg8: 9a3e97db-abca-4bc8-bc9d-a4c2295c2738
2026-09-20 00:18:20.249 | DEBUG    | strategies.copy_trading:_poll_wallets:353 - Poll error for BCagckXe: 9a3e97db-abca-4bc8-bc9d-a4c2295c2738
2026-09-20 00:18:20.249 | DEBUG    | strategies.copy_trading:_poll_wallets:353 - Poll error for H812jAz5: 9a3e97db-abca-4bc8-bc9d-a4c2295c2738
2026-09-20 00:18:20.249 | DEBUG    | strategies.copy_trading:_poll_wallets:353 - Poll error for 2fg5QD1e: 9a3e97db-abca-4bc8-bc9d-a4c2295c2738
2026-09-20 00:18:20.249 | DEBUG    | strategies.copy_trading:_poll_wallets:353 - Poll error for suqh5sHt: 9a3e97db-abca-4bc8-bc9d-a4c2295c2738
2026-09-20 00:18:20.249 | DEBUG    | strategies.copy_trading:_poll_wallets:353 - Poll error for XDgpjPub: 9a3e97db-abca-4bc8-bc9d-a4c2295c2738
2026-09-20 00:18:20.249 | DEBUG    | strategies.copy_trading:_poll_wallets:353 - Poll error for 7NAd2EpY: 9a3e97db-abca-4bc8-bc9d-a4c2295c2738
2026-09-20 00:18:20.249 | DEBUG    | strategies.copy_trading:_poll_wallets:353 - Poll error for FxN3VZ4B: 9a3e97db-abca-4bc8-bc9d-a4c2295c2738
2026-09-20 00:18:20.249 | DEBUG    | strategies.copy_trading:_poll_wallets:353 - Poll error for CyaE1Vxv: 9a3e97db-abca-4bc8-bc9d-a4c2295c2738
2026-09-20 00:18:21.750 | DEBUG    | strategies.copy_trading:_poll_wallets:353 - Poll error for BaLCEtq6: 9a3e97db-abca-4bc8-bc9d-a4c2295c2738
2026-09-20 00:18:21.750 | DEBUG    | strategies.copy_trading:_poll_wallets:353 - Poll error for 26kZ9rg8: 9a3e97db-abca-4bc8-bc9d-a4c2295c2738
2026-09-20 00:18:21.750 | DEBUG    | strategies.copy_trading:_poll_wallets:353 - Poll error for BCagckXe: 9a3e97db-abca-4bc8-bc9d-a4c2295c2738
2026-09-20 00:18:21.750 | DEBUG    | strategies.copy_trading:_poll_wallets:353 - Poll error for H812jAz5: 9a3e97db-abca-4bc8-bc9d-a4c2295c2738
2026-09-20 00:18:21.750 | DEBUG    | strategies.copy_trading:_poll_wallets:353 - Poll error for 2fg5QD1e: 9a3e97db-abca-4bc8-bc9d-a4c2295c2738
2026-09-20 00:18:21.751 | DEBUG    | strategies.copy_trading:_poll_wallets:353 - Poll error for suqh5sHt: 9a3e97db-abca-4bc8-bc9d-a4c2295c2738
2026-09-20 00:18:21.751 | DEBUG    | strategies.copy_trading:_poll_wallets:353 - Poll error for XDgpjPub: 9a3e97db-abca-4bc8-bc9d-a4c2295c2738
2026-09-20 00:18:21.751 | DEBUG    | strategies.copy_trading:_poll_wallets:353 - Poll error for 7NAd2EpY: 9a3e97db-abca-4bc8-bc9d-a4c2295c2738
2026-09-20 00:18:21.751 | DEBUG    | strategies.copy_trading:_poll_wallets:353 - Poll error for FxN3VZ4B: 9a3e97db-abca-4bc8-bc9d-a4c2295c2738
2026-09-20 00:18:21.751 | DEBUG    | strategies.copy_trading:_poll_wallets:353 - Poll error for CyaE1Vxv: 9a3e97db-abca-4bc8-bc9d-a4c2295c2738
2026-09-20 00:18:23.252 | DEBUG    | strategies.copy_trading:_poll_wallets:353 - Poll error for BaLCEtq6: 9a3e97db-abca-4bc8-bc9d-a4c2295c2738
2026-09-20 00:18:23.253 | DEBUG    | strategies.copy_trading:_poll_wallets:353 - Poll error for 26kZ9rg8: 9a3e97db-abca-4bc8-bc9d-a4c2295c2738
2026-09-20 00:18:23.253 | DEBUG    | strategies.copy_trading:_poll_wallets:353 - Poll error for BCagckXe: 9a3e97db-abca-4bc8-bc9d-a4c2295c2738
2026-09-20 00:18:23.253 | DEBUG    | strategies.copy_trading:_poll_wallets:353 - Poll error for H812jAz5: 9a3e97db-abca-4bc8-bc9d-a4c2295c2738
2026-09-20 00:18:23.253 | DEBUG    | strategies.copy_trading:_poll_wallets:353 - Poll error for 2fg5QD1e: 9a3e97db-abca-4bc8-bc9d-a4c2295c2738
2026-09-20 00:18:23.253 | DEBUG    | strategies.copy_trading:_poll_wallets:353 - Poll error for suqh5sHt: 9a3e97db-abca-4bc8-bc9d-a4c2295c2738
2026-09-20 00:18:23.253 | DEBUG    | strategies.copy_trading:_poll_wallets:353 - Poll error for XDgpjPub: 9a3e97db-abca-4bc8-bc9d-a4c2295c2738
2026-09-20 00:18:23.253 | DEBUG    | strategies.copy_trading:_poll_wallets:353 - Poll error for 7NAd2EpY: 9a3e97db-abca-4bc8-bc9d-a4c2295c2738
2026-09-20 00:18:23.253 | DEBUG    | strategies.copy_trading:_poll_wallets:353 - Poll error for FxN3VZ4B: 9a3e97db-abca-4bc8-bc9d-a4c2295c2738
2026-09-20 00:18:23.253 | DEBUG    | strategies.copy_trading:_poll_wallets:353 - Poll error for CyaE1Vxv: 9a3e97db-abca-4bc8-bc9d-a4c2295c2738
2026-09-20 00:18:24.754 | DEBUG    | strategies.copy_trading:_poll_wallets:353 - Poll error for BaLCEtq6: 9a3e97db-abca-4bc8-bc9d-a4c2295c2738
2026-09-20 00:18:24.754 | DEBUG    | strategies.copy_trading:_poll_wallets:353 - Poll error for 26kZ9rg8: 9a3e97db-abca-4bc8-bc9d-a4c2295c2738
2026-09-20 00:18:24.754 | DEBUG    | strategies.copy_trading:_poll_wallets:353 - Poll error for BCagckXe: 9a3e97db-abca-4bc8-bc9d-a4c2295c2738
2026-09-20 00:18:24.754 | DEBUG    | strategies.copy_trading:_poll_wallets:353 - Poll error for H812jAz5: 9a3e97db-abca-4bc8-bc9d-a4c2295c2738
2026-09-20 00:18:24.755 | DEBUG    | strategies.copy_trading:_poll_wallets:353 - Poll error for 2fg5QD1e: 9a3e97db-abca-4bc8-bc9d-a4c2295c2738
2026-09-20 00:18:24.755 | DEBUG    | strategies.copy_trading:_poll_wallets:353 - Poll error for suqh5sHt: 9a3e97db-abca-4bc8-bc9d-a4c2295c2738
2026-09-20 00:18:24.755 | DEBUG    | strategies.copy_trading:_poll_wallets:353 - Poll error for XDgpjPub: 9a3e97db-abca-4bc8-bc9d-a4c2295c2738
2026-09-20 00:18:24.755 | DEBUG    | strategies.copy_trading:_poll_wallets:353 - Poll error for 7NAd2EpY: 9a3e97db-abca-4bc8-bc9d-a4c2295c2738
2026-09-20 00:18:24.755 | DEBUG    | strategies.copy_trading:_poll_wallets:353 - Poll error for FxN3VZ4B: 9a3e97db-abca-4bc8-bc9d-a4c2295c2738
2026-09-20 00:18:24.755 | DEBUG    | strategies.copy_trading:_poll_wallets:353 - Poll error for CyaE1Vxv: 9a3e97db-abca-4bc8-bc9d-a4c2295c2738
2026-09-20 00:18:26.257 | DEBUG    | strategies.copy_trading:_poll_wallets:353 - Poll error for BaLCEtq6: 9a3e97db-abca-4bc8-bc9d-a4c2295c2738
2026-09-20 00:18:26.257 | DEBUG    | strategies.copy_trading:_poll_wallets:353 - Poll error for 26kZ9rg8: 9a3e97db-abca-4bc8-bc9d-a4c2295c2738
2026-09-20 00:18:26.258 | DEBUG    | strategies.copy_trading:_poll_wallets:353 - Poll error for BCagckXe: 9a3e97db-abca-4bc8-bc9d-a4c2295c2738
2026-09-20 00:18:26.258 | DEBUG    | strategies.copy_trading:_poll_wallets:353 - Poll error for H812jAz5: 9a3e97db-abca-4bc8-bc9d-a4c2295c2738
2026-09-20 00:18:26.258 | DEBUG    | strategies.copy_trading:_poll_wallets:353 - Poll error for 2fg5QD1e: 9a3e97db-abca-4bc8-bc9d-a4c2295c2738
2026-09-20 00:18:26.258 | DEBUG    | strategies.copy_trading:_poll_wallets:353 - Poll error for suqh5sHt: 9a3e97db-abca-4bc8-bc9d-a4c2295c2738
2026-09-20 00:18:26.258 | DEBUG    | strategies.copy_trading:_poll_wallets:353 - Poll error for XDgpjPub: 9a3e97db-abca-4bc8-bc9d-a4c2295c2738
2026-09-20 00:18:26.258 | DEBUG    | strategies.copy_trading:_poll_wallets:353 - Poll error for 7NAd2EpY: 9a3e97db-abca-4bc8-bc9d-a4c2295c2738
2026-09-20 00:18:26.258 | DEBUG    | strategies.copy_trading:_poll_wallets:353 - Poll error for FxN3VZ4B: 9a3e97db-abca-4bc8-bc9d-a4c2295c2738
2026-09-20 00:18:26.258 | DEBUG    | strategies.copy_trading:_poll_wallets:353 - Poll error for CyaE1Vxv: 9a3e97db-abca-4bc8-bc9d-a4c2295c2738
2026-09-20 00:18:27.759 | DEBUG    | strategies.copy_trading:_poll_wallets:353 - Poll error for BaLCEtq6: 9a3e97db-abca-4bc8-bc9d-a4c2295c2738
2026-09-20 00:18:27.759 | DEBUG    | strategies.copy_trading:_poll_wallets:353 - Poll error for 26kZ9rg8: 9a3e97db-abca-4bc8-bc9d-a4c2295c2738
2026-09-20 00:18:27.759 | DEBUG    | strategies.copy_trading:_poll_wallets:353 - Poll error for BCagckXe: 9a3e97db-abca-4bc8-bc9d-a4c2295c2738
2026-09-20 00:18:27.759 | DEBUG    | strategies.copy_trading:_poll_wallets:353 - Poll error for H812jAz5: 9a3e97db-abca-4bc8-bc9d-a4c2295c2738
2026-09-20 00:18:27.760 | DEBUG    | strategies.copy_trading:_poll_wallets:353 - Poll error for 2fg5QD1e: 9a3e97db-abca-4bc8-bc9d-a4c2295c2738
2026-09-20 00:18:27.760 | DEBUG    | strategies.copy_trading:_poll_wallets:353 - Poll error for suqh5sHt: 9a3e97db-abca-4bc8-bc9d-a4c2295c2738
2026-09-20 00:18:27.760 | DEBUG    | strategies.copy_trading:_poll_wallets:353 - Poll error for XDgpjPub: 9a3e97db-abca-4bc8-bc9d-a4c2295c2738
2026-09-20 00:18:27.760 | DEBUG    | strategies.copy_trading:_poll_wallets:353 - Poll error for 7NAd2EpY: 9a3e97db-abca-4bc8-bc9d-a4c2295c2738
2026-09-20 00:18:27.760 | DEBUG    | strategies.copy_trading:_poll_wallets:353 - Poll error for FxN3VZ4B: 9a3e97db-abca-4bc8-bc9d-a4c2295c2738
2026-09-20 00:18:27.760 | DEBUG    | strategies.copy_trading:_poll_wallets:353 - Poll error for CyaE1Vxv: 9a3e97db-abca-4bc8-bc9d-a4c2295c2738
2026-09-20 00:18:29.262 | DEBUG    | strategies.copy_trading:_poll_wallets:353 - Poll error for BaLCEtq6: 9a3e97db-abca-4bc8-bc9d-a4c2295c2738
2026-09-20 00:18:29.263 | DEBUG    | strategies.copy_trading:_poll_wallets:353 - Poll error for 26kZ9rg8: 9a3e97db-abca-4bc8-bc9d-a4c2295c2738
2026-09-20 00:18:29.263 | DEBUG    | strategies.copy_trading:_poll_wallets:353 - Poll error for BCagckXe: 9a3e97db-abca-4bc8-bc9d-a4c2295c2738
2026-09-20 00:18:29.263 | DEBUG    | strategies.copy_trading:_poll_wallets:353 - Poll error for H812jAz5: 9a3e97db-abca-4bc8-bc9d-a4c2295c2738
2026-09-20 00:18:29.263 | DEBUG    | strategies.copy_trading:_poll_wallets:353 - Poll error for 2fg5QD1e: 9a3e97db-abca-4bc8-bc9d-a4c2295c2738
2026-09-20 00:18:29.263 | DEBUG    | strategies.copy_trading:_poll_wallets:353 - Poll error for suqh5sHt: 9a3e97db-abca-4bc8-bc9d-a4c2295c2738
2026-09-20 00:18:29.263 | DEBUG    | strategies.copy_trading:_poll_wallets:353 - Poll error for XDgpjPub: 9a3e97db-abca-4bc8-bc9d-a4c2295c2738
2026-09-20 00:18:29.263 | DEBUG    | strategies.copy_trading:_poll_wallets:353 - Poll error for 7NAd2EpY: 9a3e97db-abca-4bc8-bc9d-a4c2295c2738
2026-09-20 00:18:29.263 | DEBUG    | strategies.copy_trading:_poll_wallets:353 - Poll error for FxN3VZ4B: 9a3e97db-abca-4bc8-bc9d-a4c2295c2738
2026-09-20 00:18:29.263 | DEBUG    | strategies.copy_trading:_poll_wallets:353 - Poll error for CyaE1Vxv: 9a3e97db-abca-4bc8-bc9d-a4c2295c2738
2026-09-20 00:18:30.764 | DEBUG    | strategies.copy_trading:_poll_wallets:353 - Poll error for BaLCEtq6: 9a3e97db-abca-4bc8-bc9d-a4c2295c2738
2026-09-20 00:18:30.764 | DEBUG    | strategies.copy_trading:_poll_wallets:353 - Poll error for 26kZ9rg8: 9a3e97db-abca-4bc8-bc9d-a4c2295c2738
2026-09-20 00:18:30.764 | DEBUG    | strategies.copy_trading:_poll_wallets:353 - Poll error for BCagckXe: 9a3e97db-abca-4bc8-bc9d-a4c2295c2738
2026-09-20 00:18:30.764 | DEBUG    | strategies.copy_trading:_poll_wallets:353 - Poll error for H812jAz5: 9a3e97db-abca-4bc8-bc9d-a4c2295c2738
2026-09-20 00:18:30.764 | DEBUG    | strategies.copy_trading:_poll_wallets:353 - Poll error for 2fg5QD1e: 9a3e97db-abca-4bc8-bc9d-a4c2295c2738
2026-09-20 00:18:30.765 | DEBUG    | strategies.copy_trading:_poll_wallets:353 - Poll error for suqh5sHt: 9a3e97db-abca-4bc8-bc9d-a4c2295c2738
2026-09-20 00:18:30.765 | DEBUG    | strategies.copy_trading:_poll_wallets:353 - Poll error for XDgpjPub: 9a3e97db-abca-4bc8-bc9d-a4c2295c2738
2026-09-20 00:18:30.765 | DEBUG    | strategies.copy_trading:_poll_wallets:353 - Poll error for 7NAd2EpY: 9a3e97db-abca-4bc8-bc9d-a4c2295c2738
2026-09-20 00:18:30.765 | DEBUG    | strategies.copy_trading:_poll_wallets:353 - Poll error for FxN3VZ4B: 9a3e97db-abca-4bc8-bc9d-a4c2295c2738
2026-09-20 00:18:30.765 | DEBUG    | strategies.copy_trading:_poll_wallets:353 - Poll error for CyaE1Vxv: 9a3e97db-abca-4bc8-bc9d-a4c2295c2738
2026-09-20 00:18:32.266 | DEBUG    | strategies.copy_trading:_poll_wallets:353 - Poll error for BaLCEtq6: 9a3e97db-abca-4bc8-bc9d-a4c2295c2738
2026-09-20 00:18:32.266 | DEBUG    | strategies.copy_trading:_poll_wallets:353 - Poll error for 26kZ9rg8: 9a3e97db-abca-4bc8-bc9d-a4c2295c2738
2026-09-20 00:18:32.266 | DEBUG    | strategies.copy_trading:_poll_wallets:353 - Poll error for BCagckXe: 9a3e97db-abca-4bc8-bc9d-a4c2295c2738
2026-09-20 00:18:32.266 | DEBUG    | strategies.copy_trading:_poll_wallets:353 - Poll error for H812jAz5: 9a3e97db-abca-4bc8-bc9d-a4c2295c2738
2026-09-20 00:18:32.266 | DEBUG    | strategies.copy_trading:_poll_wallets:353 - Poll error for 2fg5QD1e: 9a3e97db-abca-4bc8-bc9d-a4c2295c2738
2026-09-20 00:18:32.266 | DEBUG    | strategies.copy_trading:_poll_wallets:353 - Poll error for suqh5sHt: 9a3e97db-abca-4bc8-bc9d-a4c2295c2738
2026-09-20 00:18:32.266 | DEBUG    | strategies.copy_trading:_poll_wallets:353 - Poll error for XDgpjPub: 9a3e97db-abca-4bc8-bc9d-a4c2295c2738
2026-09-20 00:18:32.266 | DEBUG    | strategies.copy_trading:_poll_wallets:353 - Poll error for 7NAd2EpY: 9a3e97db-abca-4bc8-bc9d-a4c2295c2738
2026-09-20 00:18:32.266 | DEBUG    | strategies.copy_trading:_poll_wallets:353 - Poll error for FxN3VZ4B: 9a3e97db-abca-4bc8-bc9d-a4c2295c2738
2026-09-20 00:18:32.266 | DEBUG    | strategies.copy_trading:_poll_wallets:353 - Poll error for CyaE1Vxv: 9a3e97db-abca-4bc8-bc9d-a4c2295c2738
2026-09-20 00:18:33.768 | DEBUG    | strategies.copy_trading:_poll_wallets:353 - Poll error for BaLCEtq6: 9a3e97db-abca-4bc8-bc9d-a4c2295c2738
2026-09-20 00:18:33.768 | DEBUG    | strategies.copy_trading:_poll_wallets:353 - Poll error for 26kZ9rg8: 9a3e97db-abca-4bc8-bc9d-a4c2295c2738
2026-09-20 00:18:33.768 | DEBUG    | strategies.copy_trading:_poll_wallets:353 - Poll error for BCagckXe: 9a3e97db-abca-4bc8-bc9d-a4c2295c2738
2026-09-20 00:18:33.768 | DEBUG    | strategies.copy_trading:_poll_wallets:353 - Poll error for H812jAz5: 9a3e97db-abca-4bc8-bc9d-a4c2295c2738
2026-09-20 00:18:33.768 | DEBUG    | strategies.copy_trading:_poll_wallets:353 - Poll error for 2fg5QD1e: 9a3e97db-abca-4bc8-bc9d-a4c2295c2738
2026-09-20 00:18:33.768 | DEBUG    | strategies.copy_trading:_poll_wallets:353 - Poll error for suqh5sHt: 9a3e97db-abca-4bc8-bc9d-a4c2295c2738
2026-09-20 00:18:33.768 | DEBUG    | strategies.copy_trading:_poll_wallets:353 - Poll error for XDgpjPub: 9a3e97db-abca-4bc8-bc9d-a4c2295c2738
2026-09-20 00:18:33.769 | DEBUG    | strategies.copy_trading:_poll_wallets:353 - Poll error for 7NAd2EpY: 9a3e97db-abca-4bc8-bc9d-a4c2295c2738
2026-09-20 00:18:33.769 | DEBUG    | strategies.copy_trading:_poll_wallets:353 - Poll error for FxN3VZ4B: 9a3e97db-abca-4bc8-bc9d-a4c2295c2738
2026-09-20 00:18:33.769 | DEBUG    | strategies.copy_trading:_poll_wallets:353 - Poll error for CyaE1Vxv: 9a3e97db-abca-4bc8-bc9d-a4c2295c2738
2026-09-20 00:18:35.270 | DEBUG    | strategies.copy_trading:_poll_wallets:353 - Poll error for BaLCEtq6: 9a3e97db-abca-4bc8-bc9d-a4c2295c2738
2026-09-20 00:18:35.271 | DEBUG    | strategies.copy_trading:_poll_wallets:353 - Poll error for 26kZ9rg8: 9a3e97db-abca-4bc8-bc9d-a4c2295c2738
2026-09-20 00:18:35.271 | DEBUG    | strategies.copy_trading:_poll_wallets:353 - Poll error for BCagckXe: 9a3e97db-abca-4bc8-bc9d-a4c2295c2738
2026-09-20 00:18:35.271 | DEBUG    | strategies.copy_trading:_poll_wallets:353 - Poll error for H812jAz5: 9a3e97db-abca-4bc8-bc9d-a4c2295c2738
2026-09-20 00:18:35.271 | DEBUG    | strategies.copy_trading:_poll_wallets:353 - Poll error for 2fg5QD1e: 9a3e97db-abca-4bc8-bc9d-a4c2295c2738
2026-09-20 00:18:35.271 | DEBUG    | strategies.copy_trading:_poll_wallets:353 - Poll error for suqh5sHt: 9a3e97db-abca-4bc8-bc9d-a4c2295c2738
2026-09-20 00:18:35.271 | DEBUG    | strategies.copy_trading:_poll_wallets:353 - Poll error for XDgpjPub: 9a3e97db-abca-4bc8-bc9d-a4c2295c2738
2026-09-20 00:18:35.271 | DEBUG    | strategies.copy_trading:_poll_wallets:353 - Poll error for 7NAd2EpY: 9a3e97db-abca-4bc8-bc9d-a4c2295c2738
2026-09-20 00:18:35.271 | DEBUG    | strategies.copy_trading:_poll_wallets:353 - Poll error for FxN3VZ4B: 9a3e97db-abca-4bc8-bc9d-a4c2295c2738
2026-09-20 00:18:35.271 | DEBUG    | strategies.copy_trading:_poll_wallets:353 - Poll error for CyaE1Vxv: 9a3e97db-abca-4bc8-bc9d-a4c2295c2738
2026-09-20 00:18:36.773 | DEBUG    | strategies.copy_trading:_poll_wallets:353 - Poll error for BaLCEtq6: 9a3e97db-abca-4bc8-bc9d-a4c2295c2738
2026-09-20 00:18:36.774 | DEBUG    | strategies.copy_trading:_poll_wallets:353 - Poll error for 26kZ9rg8: 9a3e97db-abca-4bc8-bc9d-a4c2295c2738
2026-09-20 00:18:36.774 | DEBUG    | strategies.copy_trading:_poll_wallets:353 - Poll error for BCagckXe: 9a3e97db-abca-4bc8-bc9d-a4c2295c2738
2026-09-20 00:18:36.775 | DEBUG    | strategies.copy_trading:_poll_wallets:353 - Poll error for H812jAz5: 9a3e97db-abca-4bc8-bc9d-a4c2295c2738
2026-09-20 00:18:36.775 | DEBUG    | strategies.copy_trading:_poll_wallets:353 - Poll error for 2fg5QD1e: 9a3e97db-abca-4bc8-bc9d-a4c2295c2738
2026-09-20 00:18:36.775 | DEBUG    | strategies.copy_trading:_poll_wallets:353 - Poll error for suqh5sHt: 9a3e97db-abca-4bc8-bc9d-a4c2295c2738
2026-09-20 00:18:36.775 | DEBUG    | strategies.copy_trading:_poll_wallets:353 - Poll error for XDgpjPub: 9a3e97db-abca-4bc8-bc9d-a4c2295c2738
2026-09-20 00:18:36.775 | DEBUG    | strategies.copy_trading:_poll_wallets:353 - Poll error for 7NAd2EpY: 9a3e97db-abca-4bc8-bc9d-a4c2295c2738
2026-09-20 00:18:36.775 | DEBUG    | strategies.copy_trading:_poll_wallets:353 - Poll error for FxN3VZ4B: 9a3e97db-abca-4bc8-bc9d-a4c2295c2738
2026-09-20 00:18:36.776 | DEBUG    | strategies.copy_trading:_poll_wallets:353 - Poll error for CyaE1Vxv: 9a3e97db-abca-4bc8-bc9d-a4c2295c2738
2026-09-20 00:18:38.277 | DEBUG    | strategies.copy_trading:_poll_wallets:353 - Poll error for BaLCEtq6: 9a3e97db-abca-4bc8-bc9d-a4c2295c2738
2026-09-20 00:18:38.278 | DEBUG    | strategies.copy_trading:_poll_wallets:353 - Poll error for 26kZ9rg8: 9a3e97db-abca-4bc8-bc9d-a4c2295c2738
2026-09-20 00:18:38.278 | DEBUG    | strategies.copy_trading:_poll_wallets:353 - Poll error for BCagckXe: 9a3e97db-abca-4bc8-bc9d-a4c2295c2738
2026-09-20 00:18:38.278 | DEBUG    | strategies.copy_trading:_poll_wallets:353 - Poll error for H812jAz5: 9a3e97db-abca-4bc8-bc9d-a4c2295c2738
2026-09-20 00:18:38.278 | DEBUG    | strategies.copy_trading:_poll_wallets:353 - Poll error for 2fg5QD1e: 9a3e97db-abca-4bc8-bc9d-a4c2295c2738
2026-09-20 00:18:38.278 | DEBUG    | strategies.copy_trading:_poll_wallets:353 - Poll error for suqh5sHt: 9a3e97db-abca-4bc8-bc9d-a4c2295c2738
2026-09-20 00:18:38.278 | DEBUG    | strategies.copy_trading:_poll_wallets:353 - Poll error for XDgpjPub: 9a3e97db-abca-4bc8-bc9d-a4c2295c2738
2026-09-20 00:18:38.279 | DEBUG    | strategies.copy_trading:_poll_wallets:353 - Poll error for 7NAd2EpY: 9a3e97db-abca-4bc8-bc9d-a4c2295c2738
2026-09-20 00:18:38.279 | DEBUG    | strategies.copy_trading:_poll_wallets:353 - Poll error for FxN3VZ4B: 9a3e97db-abca-4bc8-bc9d-a4c2295c2738
2026-09-20 00:18:38.279 | DEBUG    | strategies.copy_trading:_poll_wallets:353 - Poll error for CyaE1Vxv: 9a3e97db-abca-4bc8-bc9d-a4c2295c2738
2026-09-20 00:18:39.780 | DEBUG    | strategies.copy_trading:_poll_wallets:353 - Poll error for BaLCEtq6: 9a3e97db-abca-4bc8-bc9d-a4c2295c2738
2026-09-20 00:18:39.781 | DEBUG    | strategies.copy_trading:_poll_wallets:353 - Poll error for 26kZ9rg8: 9a3e97db-abca-4bc8-bc9d-a4c2295c2738
2026-09-20 00:18:39.781 | DEBUG    | strategies.copy_trading:_poll_wallets:353 - Poll error for BCagckXe: 9a3e97db-abca-4bc8-bc9d-a4c2295c2738
2026-09-20 00:18:39.781 | DEBUG    | strategies.copy_trading:_poll_wallets:353 - Poll error for H812jAz5: 9a3e97db-abca-4bc8-bc9d-a4c2295c2738
2026-09-20 00:18:39.781 | DEBUG    | strategies.copy_trading:_poll_wallets:353 - Poll error for 2fg5QD1e: 9a3e97db-abca-4bc8-bc9d-a4c2295c2738
2026-09-20 00:18:39.781 | DEBUG    | strategies.copy_trading:_poll_wallets:353 - Poll error for suqh5sHt: 9a3e97db-abca-4bc8-bc9d-a4c2295c2738
2026-09-20 00:18:39.781 | DEBUG    | strategies.copy_trading:_poll_wallets:353 - Poll error for XDgpjPub: 9a3e97db-abca-4bc8-bc9d-a4c2295c2738
2026-09-20 00:18:39.782 | DEBUG    | strategies.copy_trading:_poll_wallets:353 - Poll error for 7NAd2EpY: 9a3e97db-abca-4bc8-bc9d-a4c2295c2738
2026-09-20 00:18:39.782 | DEBUG    | strategies.copy_trading:_poll_wallets:353 - Poll error for FxN3VZ4B: 9a3e97db-abca-4bc8-bc9d-a4c2295c2738
2026-09-20 00:18:39.782 | DEBUG    | strategies.copy_trading:_poll_wallets:353 - Poll error for CyaE1Vxv: 9a3e97db-abca-4bc8-bc9d-a4c2295c2738
2026-09-20 00:18:41.283 | DEBUG    | strategies.copy_trading:_poll_wallets:353 - Poll error for BaLCEtq6: 9a3e97db-abca-4bc8-bc9d-a4c2295c2738
2026-09-20 00:18:41.284 | DEBUG    | strategies.copy_trading:_poll_wallets:353 - Poll error for 26kZ9rg8: 9a3e97db-abca-4bc8-bc9d-a4c2295c2738
2026-09-20 00:18:41.284 | DEBUG    | strategies.copy_trading:_poll_wallets:353 - Poll error for BCagckXe: 9a3e97db-abca-4bc8-bc9d-a4c2295c2738
2026-09-20 00:18:41.284 | DEBUG    | strategies.copy_trading:_poll_wallets:353 - Poll error for H812jAz5: 9a3e97db-abca-4bc8-bc9d-a4c2295c2738
2026-09-20 00:18:41.284 | DEBUG    | strategies.copy_trading:_poll_wallets:353 - Poll error for 2fg5QD1e: 9a3e97db-abca-4bc8-bc9d-a4c2295c2738
2026-09-20 00:18:41.284 | DEBUG    | strategies.copy_trading:_poll_wallets:353 - Poll error for suqh5sHt: 9a3e97db-abca-4bc8-bc9d-a4c2295c2738
2026-09-20 00:18:41.284 | DEBUG    | strategies.copy_trading:_poll_wallets:353 - Poll error for XDgpjPub: 9a3e97db-abca-4bc8-bc9d-a4c2295c2738
2026-09-20 00:18:41.284 | DEBUG    | strategies.copy_trading:_poll_wallets:353 - Poll error for 7NAd2EpY: 9a3e97db-abca-4bc8-bc9d-a4c2295c2738
2026-09-20 00:18:41.284 | DEBUG    | strategies.copy_trading:_poll_wallets:353 - Poll error for FxN3VZ4B: 9a3e97db-abca-4bc8-bc9d-a4c2295c2738
2026-09-20 00:18:41.284 | DEBUG    | strategies.copy_trading:_poll_wallets:353 - Poll error for CyaE1Vxv: 9a3e97db-abca-4bc8-bc9d-a4c2295c2738
2026-09-20 00:18:42.786 | DEBUG    | strategies.copy_trading:_poll_wallets:353 - Poll error for BaLCEtq6: 9a3e97db-abca-4bc8-bc9d-a4c2295c2738
2026-09-20 00:18:42.786 | DEBUG    | strategies.copy_trading:_poll_wallets:353 - Poll error for 26kZ9rg8: 9a3e97db-abca-4bc8-bc9d-a4c2295c2738
2026-09-20 00:18:42.786 | DEBUG    | strategies.copy_trading:_poll_wallets:353 - Poll error for BCagckXe: 9a3e97db-abca-4bc8-bc9d-a4c2295c2738
2026-09-20 00:18:42.786 | DEBUG    | strategies.copy_trading:_poll_wallets:353 - Poll error for H812jAz5: 9a3e97db-abca-4bc8-bc9d-a4c2295c2738
2026-09-20 00:18:42.786 | DEBUG    | strategies.copy_trading:_poll_wallets:353 - Poll error for 2fg5QD1e: 9a3e97db-abca-4bc8-bc9d-a4c2295c2738
2026-09-20 00:18:42.787 | DEBUG    | strategies.copy_trading:_poll_wallets:353 - Poll error for suqh5sHt: 9a3e97db-abca-4bc8-bc9d-a4c2295c2738
2026-09-20 00:18:42.787 | DEBUG    | strategies.copy_trading:_poll_wallets:353 - Poll error for XDgpjPub: 9a3e97db-abca-4bc8-bc9d-a4c2295c2738
2026-09-20 00:18:42.787 | DEBUG    | strategies.copy_trading:_poll_wallets:353 - Poll error for 7NAd2EpY: 9a3e97db-abca-4bc8-bc9d-a4c2295c2738
2026-09-20 00:18:42.787 | DEBUG    | strategies.copy_trading:_poll_wallets:353 - Poll error for FxN3VZ4B: 9a3e97db-abca-4bc8-bc9d-a4c2295c2738
2026-09-20 00:18:42.787 | DEBUG    | strategies.copy_trading:_poll_wallets:353 - Poll error for CyaE1Vxv: 9a3e97db-abca-4bc8-bc9d-a4c2295c2738
2026-09-20 00:18:44.289 | DEBUG    | strategies.copy_trading:_poll_wallets:353 - Poll error for BaLCEtq6: 9a3e97db-abca-4bc8-bc9d-a4c2295c2738
2026-09-20 00:18:44.289 | DEBUG    | strategies.copy_trading:_poll_wallets:353 - Poll error for 26kZ9rg8: 9a3e97db-abca-4bc8-bc9d-a4c2295c2738
2026-09-20 00:18:44.289 | DEBUG    | strategies.copy_trading:_poll_wallets:353 - Poll error for BCagckXe: 9a3e97db-abca-4bc8-bc9d-a4c2295c2738
2026-09-20 00:18:44.289 | DEBUG    | strategies.copy_trading:_poll_wallets:353 - Poll error for H812jAz5: 9a3e97db-abca-4bc8-bc9d-a4c2295c2738
2026-09-20 00:18:44.289 | DEBUG    | strategies.copy_trading:_poll_wallets:353 - Poll error for 2fg5QD1e: 9a3e97db-abca-4bc8-bc9d-a4c2295c2738
2026-09-20 00:18:44.289 | DEBUG    | strategies.copy_trading:_poll_wallets:353 - Poll error for suqh5sHt: 9a3e97db-abca-4bc8-bc9d-a4c2295c2738
2026-09-20 00:18:44.289 | DEBUG    | strategies.copy_trading:_poll_wallets:353 - Poll error for XDgpjPub: 9a3e97db-abca-4bc8-bc9d-a4c2295c2738
2026-09-20 00:18:44.289 | DEBUG    | strategies.copy_trading:_poll_wallets:353 - Poll error for 7NAd2EpY: 9a3e97db-abca-4bc8-bc9d-a4c2295c2738
2026-09-20 00:18:44.289 | DEBUG    | strategies.copy_trading:_poll_wallets:353 - Poll error for FxN3VZ4B: 9a3e97db-abca-4bc8-bc9d-a4c2295c2738
2026-09-20 00:18:44.289 | DEBUG    | strategies.copy_trading:_poll_wallets:353 - Poll error for CyaE1Vxv: 9a3e97db-abca-4bc8-bc9d-a4c2295c2738
2026-09-20 00:18:45.790 | DEBUG    | strategies.copy_trading:_poll_wallets:353 - Poll error for BaLCEtq6: 9a3e97db-abca-4bc8-bc9d-a4c2295c2738
2026-09-20 00:18:45.790 | DEBUG    | strategies.copy_trading:_poll_wallets:353 - Poll error for 26kZ9rg8: 9a3e97db-abca-4bc8-bc9d-a4c2295c2738
2026-09-20 00:18:45.790 | DEBUG    | strategies.copy_trading:_poll_wallets:353 - Poll error for BCagckXe: 9a3e97db-abca-4bc8-bc9d-a4c2295c2738
2026-09-20 00:18:45.791 | DEBUG    | strategies.copy_trading:_poll_wallets:353 - Poll error for H812jAz5: 9a3e97db-abca-4bc8-bc9d-a4c2295c2738
2026-09-20 00:18:45.791 | DEBUG    | strategies.copy_trading:_poll_wallets:353 - Poll error for 2fg5QD1e: 9a3e97db-abca-4bc8-bc9d-a4c2295c2738
2026-09-20 00:18:45.791 | DEBUG    | strategies.copy_trading:_poll_wallets:353 - Poll error for suqh5sHt: 9a3e97db-abca-4bc8-bc9d-a4c2295c2738
2026-09-20 00:18:45.791 | DEBUG    | strategies.copy_trading:_poll_wallets:353 - Poll error for XDgpjPub: 9a3e97db-abca-4bc8-bc9d-a4c2295c2738
2026-09-20 00:18:45.791 | DEBUG    | strategies.copy_trading:_poll_wallets:353 - Poll error for 7NAd2EpY: 9a3e97db-abca-4bc8-bc9d-a4c2295c2738
2026-09-20 00:18:45.791 | DEBUG    | strategies.copy_trading:_poll_wallets:353 - Poll error for FxN3VZ4B: 9a3e97db-abca-4bc8-bc9d-a4c2295c2738
2026-09-20 00:18:45.791 | DEBUG    | strategies.copy_trading:_poll_wallets:353 - Poll error for CyaE1Vxv: 9a3e97db-abca-4bc8-bc9d-a4c2295c2738
2026-09-20 00:18:47.293 | DEBUG    | strategies.copy_trading:_poll_wallets:353 - Poll error for BaLCEtq6: 9a3e97db-abca-4bc8-bc9d-a4c2295c2738
2026-09-20 00:18:47.293 | DEBUG    | strategies.copy_trading:_poll_wallets:353 - Poll error for 26kZ9rg8: 9a3e97db-abca-4bc8-bc9d-a4c2295c2738
2026-09-20 00:18:47.293 | DEBUG    | strategies.copy_trading:_poll_wallets:353 - Poll error for BCagckXe: 9a3e97db-abca-4bc8-bc9d-a4c2295c2738
2026-09-20 00:18:47.293 | DEBUG    | strategies.copy_trading:_poll_wallets:353 - Poll error for H812jAz5: 9a3e97db-abca-4bc8-bc9d-a4c2295c2738
2026-09-20 00:18:47.293 | DEBUG    | strategies.copy_trading:_poll_wallets:353 - Poll error for 2fg5QD1e: 9a3e97db-abca-4bc8-bc9d-a4c2295c2738
2026-09-20 00:18:47.293 | DEBUG    | strategies.copy_trading:_poll_wallets:353 - Poll error for suqh5sHt: 9a3e97db-abca-4bc8-bc9d-a4c2295c2738
2026-09-20 00:18:47.293 | DEBUG    | strategies.copy_trading:_poll_wallets:353 - Poll error for XDgpjPub: 9a3e97db-abca-4bc8-bc9d-a4c2295c2738
2026-09-20 00:18:47.293 | DEBUG    | strategies.copy_trading:_poll_wallets:353 - Poll error for 7NAd2EpY: 9a3e97db-abca-4bc8-bc9d-a4c2295c2738
2026-09-20 00:18:47.293 | DEBUG    | strategies.copy_trading:_poll_wallets:353 - Poll error for FxN3VZ4B: 9a3e97db-abca-4bc8-bc9d-a4c2295c2738
2026-09-20 00:18:47.293 | DEBUG    | strategies.copy_trading:_poll_wallets:353 - Poll error for CyaE1Vxv: 9a3e97db-abca-4bc8-bc9d-a4c2295c2738
2026-09-20 00:18:48.796 | DEBUG    | strategies.copy_trading:_poll_wallets:353 - Poll error for BaLCEtq6: 9a3e97db-abca-4bc8-bc9d-a4c2295c2738
2026-09-20 00:18:48.796 | DEBUG    | strategies.copy_trading:_poll_wallets:353 - Poll error for 26kZ9rg8: 9a3e97db-abca-4bc8-bc9d-a4c2295c2738
2026-09-20 00:18:48.796 | DEBUG    | strategies.copy_trading:_poll_wallets:353 - Poll error for BCagckXe: 9a3e97db-abca-4bc8-bc9d-a4c2295c2738
2026-09-20 00:18:48.796 | DEBUG    | strategies.copy_trading:_poll_wallets:353 - Poll error for H812jAz5: 9a3e97db-abca-4bc8-bc9d-a4c2295c2738
2026-09-20 00:18:48.796 | DEBUG    | strategies.copy_trading:_poll_wallets:353 - Poll error for 2fg5QD1e: 9a3e97db-abca-4bc8-bc9d-a4c2295c2738
2026-09-20 00:18:48.796 | DEBUG    | strategies.copy_trading:_poll_wallets:353 - Poll error for suqh5sHt: 9a3e97db-abca-4bc8-bc9d-a4c2295c2738
2026-09-20 00:18:48.796 | DEBUG    | strategies.copy_trading:_poll_wallets:353 - Poll error for XDgpjPub: 9a3e97db-abca-4bc8-bc9d-a4c2295c2738
2026-09-20 00:18:48.797 | DEBUG    | strategies.copy_trading:_poll_wallets:353 - Poll error for 7NAd2EpY: 9a3e97db-abca-4bc8-bc9d-a4c2295c2738
2026-09-20 00:18:48.797 | DEBUG    | strategies.copy_trading:_poll_wallets:353 - Poll error for FxN3VZ4B: 9a3e97db-abca-4bc8-bc9d-a4c2295c2738
2026-09-20 00:18:48.797 | DEBUG    | strategies.copy_trading:_poll_wallets:353 - Poll error for CyaE1Vxv: 9a3e97db-abca-4bc8-bc9d-a4c2295c2738
2026-09-20 00:18:50.297 | DEBUG    | strategies.copy_trading:_poll_wallets:353 - Poll error for BaLCEtq6: 9a3e97db-abca-4bc8-bc9d-a4c2295c2738
2026-09-20 00:18:50.297 | DEBUG    | strategies.copy_trading:_poll_wallets:353 - Poll error for 26kZ9rg8: 9a3e97db-abca-4bc8-bc9d-a4c2295c2738
2026-09-20 00:18:50.297 | DEBUG    | strategies.copy_trading:_poll_wallets:353 - Poll error for BCagckXe: 9a3e97db-abca-4bc8-bc9d-a4c2295c2738
2026-09-20 00:18:50.297 | DEBUG    | strategies.copy_trading:_poll_wallets:353 - Poll error for H812jAz5: 9a3e97db-abca-4bc8-bc9d-a4c2295c2738
2026-09-20 00:18:50.297 | DEBUG    | strategies.copy_trading:_poll_wallets:353 - Poll error for 2fg5QD1e: 9a3e97db-abca-4bc8-bc9d-a4c2295c2738
2026-09-20 00:18:50.297 | DEBUG    | strategies.copy_trading:_poll_wallets:353 - Poll error for suqh5sHt: 9a3e97db-abca-4bc8-bc9d-a4c2295c2738
2026-09-20 00:18:50.298 | DEBUG    | strategies.copy_trading:_poll_wallets:353 - Poll error for XDgpjPub: 9a3e97db-abca-4bc8-bc9d-a4c2295c2738
2026-09-20 00:18:50.298 | DEBUG    | strategies.copy_trading:_poll_wallets:353 - Poll error for 7NAd2EpY: 9a3e97db-abca-4bc8-bc9d-a4c2295c2738
2026-09-20 00:18:50.298 | DEBUG    | strategies.copy_trading:_poll_wallets:353 - Poll error for FxN3VZ4B: 9a3e97db-abca-4bc8-bc9d-a4c2295c2738
2026-09-20 00:18:50.298 | DEBUG    | strategies.copy_trading:_poll_wallets:353 - Poll error for CyaE1Vxv: 9a3e97db-abca-4bc8-bc9d-a4c2295c2738
2026-09-20 00:18:51.798 | DEBUG    | strategies.copy_trading:_poll_wallets:353 - Poll error for BaLCEtq6: 9a3e97db-abca-4bc8-bc9d-a4c2295c2738
2026-09-20 00:18:51.798 | DEBUG    | strategies.copy_trading:_poll_wallets:353 - Poll error for 26kZ9rg8: 9a3e97db-abca-4bc8-bc9d-a4c2295c2738
2026-09-20 00:18:51.799 | DEBUG    | strategies.copy_trading:_poll_wallets:353 - Poll error for BCagckXe: 9a3e97db-abca-4bc8-bc9d-a4c2295c2738
2026-09-20 00:18:51.799 | DEBUG    | strategies.copy_trading:_poll_wallets:353 - Poll error for H812jAz5: 9a3e97db-abca-4bc8-bc9d-a4c2295c2738
2026-09-20 00:18:51.799 | DEBUG    | strategies.copy_trading:_poll_wallets:353 - Poll error for 2fg5QD1e: 9a3e97db-abca-4bc8-bc9d-a4c2295c2738
2026-09-20 00:18:51.799 | DEBUG    | strategies.copy_trading:_poll_wallets:353 - Poll error for suqh5sHt: 9a3e97db-abca-4bc8-bc9d-a4c2295c2738
2026-09-20 00:18:51.799 | DEBUG    | strategies.copy_trading:_poll_wallets:353 - Poll error for XDgpjPub: 9a3e97db-abca-4bc8-bc9d-a4c2295c2738
2026-09-20 00:18:51.799 | DEBUG    | strategies.copy_trading:_poll_wallets:353 - Poll error for 7NAd2EpY: 9a3e97db-abca-4bc8-bc9d-a4c2295c2738
2026-09-20 00:18:51.799 | DEBUG    | strategies.copy_trading:_poll_wallets:353 - Poll error for FxN3VZ4B: 9a3e97db-abca-4bc8-bc9d-a4c2295c2738
2026-09-20 00:18:51.799 | DEBUG    | strategies.copy_trading:_poll_wallets:353 - Poll error for CyaE1Vxv: 9a3e97db-abca-4bc8-bc9d-a4c2295c2738
2026-09-20 00:18:53.301 | DEBUG    | strategies.copy_trading:_poll_wallets:353 - Poll error for BaLCEtq6: 9a3e97db-abca-4bc8-bc9d-a4c2295c2738
2026-09-20 00:18:53.301 | DEBUG    | strategies.copy_trading:_poll_wallets:353 - Poll error for 26kZ9rg8: 9a3e97db-abca-4bc8-bc9d-a4c2295c2738
2026-09-20 00:18:53.301 | DEBUG    | strategies.copy_trading:_poll_wallets:353 - Poll error for BCagckXe: 9a3e97db-abca-4bc8-bc9d-a4c2295c2738
2026-09-20 00:18:53.301 | DEBUG    | strategies.copy_trading:_poll_wallets:353 - Poll error for H812jAz5: 9a3e97db-abca-4bc8-bc9d-a4c2295c2738
2026-09-20 00:18:53.301 | DEBUG    | strategies.copy_trading:_poll_wallets:353 - Poll error for 2fg5QD1e: 9a3e97db-abca-4bc8-bc9d-a4c2295c2738
2026-09-20 00:18:53.301 | DEBUG    | strategies.copy_trading:_poll_wallets:353 - Poll error for suqh5sHt: 9a3e97db-abca-4bc8-bc9d-a4c2295c2738
2026-09-20 00:18:53.301 | DEBUG    | strategies.copy_trading:_poll_wallets:353 - Poll error for XDgpjPub: 9a3e97db-abca-4bc8-bc9d-a4c2295c2738
2026-09-20 00:18:53.301 | DEBUG    | strategies.copy_trading:_poll_wallets:353 - Poll error for 7NAd2EpY: 9a3e97db-abca-4bc8-bc9d-a4c2295c2738
2026-09-20 00:18:53.301 | DEBUG    | strategies.copy_trading:_poll_wallets:353 - Poll error for FxN3VZ4B: 9a3e97db-abca-4bc8-bc9d-a4c2295c2738
2026-09-20 00:18:53.301 | DEBUG    | strategies.copy_trading:_poll_wallets:353 - Poll error for CyaE1Vxv: 9a3e97db-abca-4bc8-bc9d-a4c2295c2738
2026-09-20 00:18:54.802 | DEBUG    | strategies.copy_trading:_poll_wallets:353 - Poll error for BaLCEtq6: 9a3e97db-abca-4bc8-bc9d-a4c2295c2738
2026-09-20 00:18:54.802 | DEBUG    | strategies.copy_trading:_poll_wallets:353 - Poll error for 26kZ9rg8: 9a3e97db-abca-4bc8-bc9d-a4c2295c2738
2026-09-20 00:18:54.803 | DEBUG    | strategies.copy_trading:_poll_wallets:353 - Poll error for BCagckXe: 9a3e97db-abca-4bc8-bc9d-a4c2295c2738
2026-09-20 00:18:54.803 | DEBUG    | strategies.copy_trading:_poll_wallets:353 - Poll error for H812jAz5: 9a3e97db-abca-4bc8-bc9d-a4c2295c2738
2026-09-20 00:18:54.803 | DEBUG    | strategies.copy_trading:_poll_wallets:353 - Poll error for 2fg5QD1e: 9a3e97db-abca-4bc8-bc9d-a4c2295c2738
2026-09-20 00:18:54.803 | DEBUG    | strategies.copy_trading:_poll_wallets:353 - Poll error for suqh5sHt: 9a3e97db-abca-4bc8-bc9d-a4c2295c2738
2026-09-20 00:18:54.803 | DEBUG    | strategies.copy_trading:_poll_wallets:353 - Poll error for XDgpjPub: 9a3e97db-abca-4bc8-bc9d-a4c2295c2738
2026-09-20 00:18:54.803 | DEBUG    | strategies.copy_trading:_poll_wallets:353 - Poll error for 7NAd2EpY: 9a3e97db-abca-4bc8-bc9d-a4c2295c2738
2026-09-20 00:18:54.803 | DEBUG    | strategies.copy_trading:_poll_wallets:353 - Poll error for FxN3VZ4B: 9a3e97db-abca-4bc8-bc9d-a4c2295c2738
2026-09-20 00:18:54.803 | DEBUG    | strategies.copy_trading:_poll_wallets:353 - Poll error for CyaE1Vxv: 9a3e97db-abca-4bc8-bc9d-a4c2295c2738
2026-09-20 00:18:56.305 | DEBUG    | strategies.copy_trading:_poll_wallets:353 - Poll error for BaLCEtq6: 9a3e97db-abca-4bc8-bc9d-a4c2295c2738
2026-09-20 00:18:56.305 | DEBUG    | strategies.copy_trading:_poll_wallets:353 - Poll error for 26kZ9rg8: 9a3e97db-abca-4bc8-bc9d-a4c2295c2738
2026-09-20 00:18:56.306 | DEBUG    | strategies.copy_trading:_poll_wallets:353 - Poll error for BCagckXe: 9a3e97db-abca-4bc8-bc9d-a4c2295c2738
2026-09-20 00:18:56.306 | DEBUG    | strategies.copy_trading:_poll_wallets:353 - Poll error for H812jAz5: 9a3e97db-abca-4bc8-bc9d-a4c2295c2738
2026-09-20 00:18:56.306 | DEBUG    | strategies.copy_trading:_poll_wallets:353 - Poll error for 2fg5QD1e: 9a3e97db-abca-4bc8-bc9d-a4c2295c2738
2026-09-20 00:18:56.306 | DEBUG    | strategies.copy_trading:_poll_wallets:353 - Poll error for suqh5sHt: 9a3e97db-abca-4bc8-bc9d-a4c2295c2738
2026-09-20 00:18:56.306 | DEBUG    | strategies.copy_trading:_poll_wallets:353 - Poll error for XDgpjPub: 9a3e97db-abca-4bc8-bc9d-a4c2295c2738
2026-09-20 00:18:56.306 | DEBUG    | strategies.copy_trading:_poll_wallets:353 - Poll error for 7NAd2EpY: 9a3e97db-abca-4bc8-bc9d-a4c2295c2738
2026-09-20 00:18:56.306 | DEBUG    | strategies.copy_trading:_poll_wallets:353 - Poll error for FxN3VZ4B: 9a3e97db-abca-4bc8-bc9d-a4c2295c2738
2026-09-20 00:18:56.306 | DEBUG    | strategies.copy_trading:_poll_wallets:353 - Poll error for CyaE1Vxv: 9a3e97db-abca-4bc8-bc9d-a4c2295c2738
2026-09-20 00:18:57.807 | DEBUG    | strategies.copy_trading:_poll_wallets:353 - Poll error for BaLCEtq6: 9a3e97db-abca-4bc8-bc9d-a4c2295c2738
2026-09-20 00:18:57.807 | DEBUG    | strategies.copy_trading:_poll_wallets:353 - Poll error for 26kZ9rg8: 9a3e97db-abca-4bc8-bc9d-a4c2295c2738
2026-09-20 00:18:57.808 | DEBUG    | strategies.copy_trading:_poll_wallets:353 - Poll error for BCagckXe: 9a3e97db-abca-4bc8-bc9d-a4c2295c2738
2026-09-20 00:18:57.808 | DEBUG    | strategies.copy_trading:_poll_wallets:353 - Poll error for H812jAz5: 9a3e97db-abca-4bc8-bc9d-a4c2295c2738
2026-09-20 00:18:57.808 | DEBUG    | strategies.copy_trading:_poll_wallets:353 - Poll error for 2fg5QD1e: 9a3e97db-abca-4bc8-bc9d-a4c2295c2738
2026-09-20 00:18:57.808 | DEBUG    | strategies.copy_trading:_poll_wallets:353 - Poll error for suqh5sHt: 9a3e97db-abca-4bc8-bc9d-a4c2295c2738
2026-09-20 00:18:57.808 | DEBUG    | strategies.copy_trading:_poll_wallets:353 - Poll error for XDgpjPub: 9a3e97db-abca-4bc8-bc9d-a4c2295c2738
2026-09-20 00:18:57.808 | DEBUG    | strategies.copy_trading:_poll_wallets:353 - Poll error for 7NAd2EpY: 9a3e97db-abca-4bc8-bc9d-a4c2295c2738
2026-09-20 00:18:57.808 | DEBUG    | strategies.copy_trading:_poll_wallets:353 - Poll error for FxN3VZ4B: 9a3e97db-abca-4bc8-bc9d-a4c2295c2738
2026-09-20 00:18:57.808 | DEBUG    | strategies.copy_trading:_poll_wallets:353 - Poll error for CyaE1Vxv: 9a3e97db-abca-4bc8-bc9d-a4c2295c2738
2026-09-20 00:18:59.309 | DEBUG    | strategies.copy_trading:_poll_wallets:353 - Poll error for BaLCEtq6: 9a3e97db-abca-4bc8-bc9d-a4c2295c2738
2026-09-20 00:18:59.310 | DEBUG    | strategies.copy_trading:_poll_wallets:353 - Poll error for 26kZ9rg8: 9a3e97db-abca-4bc8-bc9d-a4c2295c2738
2026-09-20 00:18:59.310 | DEBUG    | strategies.copy_trading:_poll_wallets:353 - Poll error for BCagckXe: 9a3e97db-abca-4bc8-bc9d-a4c2295c2738
2026-09-20 00:18:59.310 | DEBUG    | strategies.copy_trading:_poll_wallets:353 - Poll error for H812jAz5: 9a3e97db-abca-4bc8-bc9d-a4c2295c2738
2026-09-20 00:18:59.310 | DEBUG    | strategies.copy_trading:_poll_wallets:353 - Poll error for 2fg5QD1e: 9a3e97db-abca-4bc8-bc9d-a4c2295c2738
2026-09-20 00:18:59.310 | DEBUG    | strategies.copy_trading:_poll_wallets:353 - Poll error for suqh5sHt: 9a3e97db-abca-4bc8-bc9d-a4c2295c2738
2026-09-20 00:18:59.310 | DEBUG    | strategies.copy_trading:_poll_wallets:353 - Poll error for XDgpjPub: 9a3e97db-abca-4bc8-bc9d-a4c2295c2738
2026-09-20 00:18:59.310 | DEBUG    | strategies.copy_trading:_poll_wallets:353 - Poll error for 7NAd2EpY: 9a3e97db-abca-4bc8-bc9d-a4c2295c2738
2026-09-20 00:18:59.310 | DEBUG    | strategies.copy_trading:_poll_wallets:353 - Poll error for FxN3VZ4B: 9a3e97db-abca-4bc8-bc9d-a4c2295c2738
2026-09-20 00:18:59.310 | DEBUG    | strategies.copy_trading:_poll_wallets:353 - Poll error for CyaE1Vxv: 9a3e97db-abca-4bc8-bc9d-a4c2295c2738
2026-09-20 00:19:00.811 | DEBUG    | strategies.copy_trading:_poll_wallets:353 - Poll error for BaLCEtq6: 9a3e97db-abca-4bc8-bc9d-a4c2295c2738
2026-09-20 00:19:00.812 | DEBUG    | strategies.copy_trading:_poll_wallets:353 - Poll error for 26kZ9rg8: 9a3e97db-abca-4bc8-bc9d-a4c2295c2738
2026-09-20 00:19:00.812 | DEBUG    | strategies.copy_trading:_poll_wallets:353 - Poll error for BCagckXe: 9a3e97db-abca-4bc8-bc9d-a4c2295c2738
2026-09-20 00:19:00.812 | DEBUG    | strategies.copy_trading:_poll_wallets:353 - Poll error for H812jAz5: 9a3e97db-abca-4bc8-bc9d-a4c2295c2738
2026-09-20 00:19:00.812 | DEBUG    | strategies.copy_trading:_poll_wallets:353 - Poll error for 2fg5QD1e: 9a3e97db-abca-4bc8-bc9d-a4c2295c2738
2026-09-20 00:19:00.812 | DEBUG    | strategies.copy_trading:_poll_wallets:353 - Poll error for suqh5sHt: 9a3e97db-abca-4bc8-bc9d-a4c2295c2738
2026-09-20 00:19:00.812 | DEBUG    | strategies.copy_trading:_poll_wallets:353 - Poll error for XDgpjPub: 9a3e97db-abca-4bc8-bc9d-a4c2295c2738
2026-09-20 00:19:00.812 | DEBUG    | strategies.copy_trading:_poll_wallets:353 - Poll error for 7NAd2EpY: 9a3e97db-abca-4bc8-bc9d-a4c2295c2738
2026-09-20 00:19:00.812 | DEBUG    | strategies.copy_trading:_poll_wallets:353 - Poll error for FxN3VZ4B: 9a3e97db-abca-4bc8-bc9d-a4c2295c2738
2026-09-20 00:19:00.812 | DEBUG    | strategies.copy_trading:_poll_wallets:353 - Poll error for CyaE1Vxv: 9a3e97db-abca-4bc8-bc9d-a4c2295c2738
2026-09-20 00:19:02.313 | DEBUG    | strategies.copy_trading:_poll_wallets:353 - Poll error for BaLCEtq6: 9a3e97db-abca-4bc8-bc9d-a4c2295c2738
2026-09-20 00:19:02.313 | DEBUG    | strategies.copy_trading:_poll_wallets:353 - Poll error for 26kZ9rg8: 9a3e97db-abca-4bc8-bc9d-a4c2295c2738
2026-09-20 00:19:02.313 | DEBUG    | strategies.copy_trading:_poll_wallets:353 - Poll error for BCagckXe: 9a3e97db-abca-4bc8-bc9d-a4c2295c2738
2026-09-20 00:19:02.313 | DEBUG    | strategies.copy_trading:_poll_wallets:353 - Poll error for H812jAz5: 9a3e97db-abca-4bc8-bc9d-a4c2295c2738
2026-09-20 00:19:02.313 | DEBUG    | strategies.copy_trading:_poll_wallets:353 - Poll error for 2fg5QD1e: 9a3e97db-abca-4bc8-bc9d-a4c2295c2738
2026-09-20 00:19:02.313 | DEBUG    | strategies.copy_trading:_poll_wallets:353 - Poll error for suqh5sHt: 9a3e97db-abca-4bc8-bc9d-a4c2295c2738
2026-09-20 00:19:02.314 | DEBUG    | strategies.copy_trading:_poll_wallets:353 - Poll error for XDgpjPub: 9a3e97db-abca-4bc8-bc9d-a4c2295c2738
2026-09-20 00:19:02.314 | DEBUG    | strategies.copy_trading:_poll_wallets:353 - Poll error for 7NAd2EpY: 9a3e97db-abca-4bc8-bc9d-a4c2295c2738
2026-09-20 00:19:02.314 | DEBUG    | strategies.copy_trading:_poll_wallets:353 - Poll error for FxN3VZ4B: 9a3e97db-abca-4bc8-bc9d-a4c2295c2738
2026-09-20 00:19:02.314 | DEBUG    | strategies.copy_trading:_poll_wallets:353 - Poll error for CyaE1Vxv: 9a3e97db-abca-4bc8-bc9d-a4c2295c2738
2026-09-20 00:19:03.814 | DEBUG    | strategies.copy_trading:_poll_wallets:353 - Poll error for BaLCEtq6: 9a3e97db-abca-4bc8-bc9d-a4c2295c2738
2026-09-20 00:19:03.814 | DEBUG    | strategies.copy_trading:_poll_wallets:353 - Poll error for 26kZ9rg8: 9a3e97db-abca-4bc8-bc9d-a4c2295c2738
2026-09-20 00:19:03.815 | DEBUG    | strategies.copy_trading:_poll_wallets:353 - Poll error for BCagckXe: 9a3e97db-abca-4bc8-bc9d-a4c2295c2738
2026-09-20 00:19:03.815 | DEBUG    | strategies.copy_trading:_poll_wallets:353 - Poll error for H812jAz5: 9a3e97db-abca-4bc8-bc9d-a4c2295c2738
2026-09-20 00:19:03.815 | DEBUG    | strategies.copy_trading:_poll_wallets:353 - Poll error for 2fg5QD1e: 9a3e97db-abca-4bc8-bc9d-a4c2295c2738
2026-09-20 00:19:03.815 | DEBUG    | strategies.copy_trading:_poll_wallets:353 - Poll error for suqh5sHt: 9a3e97db-abca-4bc8-bc9d-a4c2295c2738
2026-09-20 00:19:03.815 | DEBUG    | strategies.copy_trading:_poll_wallets:353 - Poll error for XDgpjPub: 9a3e97db-abca-4bc8-bc9d-a4c2295c2738
2026-09-20 00:19:03.815 | DEBUG    | strategies.copy_trading:_poll_wallets:353 - Poll error for 7NAd2EpY: 9a3e97db-abca-4bc8-bc9d-a4c2295c2738
2026-09-20 00:19:03.815 | DEBUG    | strategies.copy_trading:_poll_wallets:353 - Poll error for FxN3VZ4B: 9a3e97db-abca-4bc8-bc9d-a4c2295c2738
2026-09-20 00:19:03.815 | DEBUG    | strategies.copy_trading:_poll_wallets:353 - Poll error for CyaE1Vxv: 9a3e97db-abca-4bc8-bc9d-a4c2295c2738
2026-09-20 00:19:05.316 | DEBUG    | strategies.copy_trading:_poll_wallets:353 - Poll error for BaLCEtq6: 9a3e97db-abca-4bc8-bc9d-a4c2295c2738
2026-09-20 00:19:05.317 | DEBUG    | strategies.copy_trading:_poll_wallets:353 - Poll error for 26kZ9rg8: 9a3e97db-abca-4bc8-bc9d-a4c2295c2738
2026-09-20 00:19:05.317 | DEBUG    | strategies.copy_trading:_poll_wallets:353 - Poll error for BCagckXe: 9a3e97db-abca-4bc8-bc9d-a4c2295c2738
2026-09-20 00:19:05.317 | DEBUG    | strategies.copy_trading:_poll_wallets:353 - Poll error for H812jAz5: 9a3e97db-abca-4bc8-bc9d-a4c2295c2738
2026-09-20 00:19:05.317 | DEBUG    | strategies.copy_trading:_poll_wallets:353 - Poll error for 2fg5QD1e: 9a3e97db-abca-4bc8-bc9d-a4c2295c2738
2026-09-20 00:19:05.317 | DEBUG    | strategies.copy_trading:_poll_wallets:353 - Poll error for suqh5sHt: 9a3e97db-abca-4bc8-bc9d-a4c2295c2738
2026-09-20 00:19:05.317 | DEBUG    | strategies.copy_trading:_poll_wallets:353 - Poll error for XDgpjPub: 9a3e97db-abca-4bc8-bc9d-a4c2295c2738
2026-09-20 00:19:05.317 | DEBUG    | strategies.copy_trading:_poll_wallets:353 - Poll error for 7NAd2EpY: 9a3e97db-abca-4bc8-bc9d-a4c2295c2738
2026-09-20 00:19:05.317 | DEBUG    | strategies.copy_trading:_poll_wallets:353 - Poll error for FxN3VZ4B: 9a3e97db-abca-4bc8-bc9d-a4c2295c2738
2026-09-20 00:19:05.317 | DEBUG    | strategies.copy_trading:_poll_wallets:353 - Poll error for CyaE1Vxv: 9a3e97db-abca-4bc8-bc9d-a4c2295c2738
2026-09-20 00:19:06.818 | DEBUG    | strategies.copy_trading:_poll_wallets:353 - Poll error for BaLCEtq6: 9a3e97db-abca-4bc8-bc9d-a4c2295c2738
2026-09-20 00:19:06.818 | DEBUG    | strategies.copy_trading:_poll_wallets:353 - Poll error for 26kZ9rg8: 9a3e97db-abca-4bc8-bc9d-a4c2295c2738
2026-09-20 00:19:06.818 | DEBUG    | strategies.copy_trading:_poll_wallets:353 - Poll error for BCagckXe: 9a3e97db-abca-4bc8-bc9d-a4c2295c2738
2026-09-20 00:19:06.818 | DEBUG    | strategies.copy_trading:_poll_wallets:353 - Poll error for H812jAz5: 9a3e97db-abca-4bc8-bc9d-a4c2295c2738
2026-09-20 00:19:06.818 | DEBUG    | strategies.copy_trading:_poll_wallets:353 - Poll error for 2fg5QD1e: 9a3e97db-abca-4bc8-bc9d-a4c2295c2738
2026-09-20 00:19:06.819 | DEBUG    | strategies.copy_trading:_poll_wallets:353 - Poll error for suqh5sHt: 9a3e97db-abca-4bc8-bc9d-a4c2295c2738
2026-09-20 00:19:06.819 | DEBUG    | strategies.copy_trading:_poll_wallets:353 - Poll error for XDgpjPub: 9a3e97db-abca-4bc8-bc9d-a4c2295c2738
2026-09-20 00:19:06.819 | DEBUG    | strategies.copy_trading:_poll_wallets:353 - Poll error for 7NAd2EpY: 9a3e97db-abca-4bc8-bc9d-a4c2295c2738
2026-09-20 00:19:06.819 | DEBUG    | strategies.copy_trading:_poll_wallets:353 - Poll error for FxN3VZ4B: 9a3e97db-abca-4bc8-bc9d-a4c2295c2738
2026-09-20 00:19:06.819 | DEBUG    | strategies.copy_trading:_poll_wallets:353 - Poll error for CyaE1Vxv: 9a3e97db-abca-4bc8-bc9d-a4c2295c2738
2026-09-20 00:19:08.320 | DEBUG    | strategies.copy_trading:_poll_wallets:353 - Poll error for BaLCEtq6: 9a3e97db-abca-4bc8-bc9d-a4c2295c2738
2026-09-20 00:19:08.320 | DEBUG    | strategies.copy_trading:_poll_wallets:353 - Poll error for 26kZ9rg8: 9a3e97db-abca-4bc8-bc9d-a4c2295c2738
2026-09-20 00:19:08.320 | DEBUG    | strategies.copy_trading:_poll_wallets:353 - Poll error for BCagckXe: 9a3e97db-abca-4bc8-bc9d-a4c2295c2738
2026-09-20 00:19:08.320 | DEBUG    | strategies.copy_trading:_poll_wallets:353 - Poll error for H812jAz5: 9a3e97db-abca-4bc8-bc9d-a4c2295c2738
2026-09-20 00:19:08.320 | DEBUG    | strategies.copy_trading:_poll_wallets:353 - Poll error for 2fg5QD1e: 9a3e97db-abca-4bc8-bc9d-a4c2295c2738
2026-09-20 00:19:08.320 | DEBUG    | strategies.copy_trading:_poll_wallets:353 - Poll error for suqh5sHt: 9a3e97db-abca-4bc8-bc9d-a4c2295c2738
2026-09-20 00:19:08.321 | DEBUG    | strategies.copy_trading:_poll_wallets:353 - Poll error for XDgpjPub: 9a3e97db-abca-4bc8-bc9d-a4c2295c2738
2026-09-20 00:19:08.321 | DEBUG    | strategies.copy_trading:_poll_wallets:353 - Poll error for 7NAd2EpY: 9a3e97db-abca-4bc8-bc9d-a4c2295c2738
2026-09-20 00:19:08.321 | DEBUG    | strategies.copy_trading:_poll_wallets:353 - Poll error for FxN3VZ4B: 9a3e97db-abca-4bc8-bc9d-a4c2295c2738
2026-09-20 00:19:08.321 | DEBUG    | strategies.copy_trading:_poll_wallets:353 - Poll error for CyaE1Vxv: 9a3e97db-abca-4bc8-bc9d-a4c2295c2738
2026-09-20 00:19:09.822 | DEBUG    | strategies.copy_trading:_poll_wallets:353 - Poll error for BaLCEtq6: 9a3e97db-abca-4bc8-bc9d-a4c2295c2738
2026-09-20 00:19:09.823 | DEBUG    | strategies.copy_trading:_poll_wallets:353 - Poll error for 26kZ9rg8: 9a3e97db-abca-4bc8-bc9d-a4c2295c2738
2026-09-20 00:19:09.823 | DEBUG    | strategies.copy_trading:_poll_wallets:353 - Poll error for BCagckXe: 9a3e97db-abca-4bc8-bc9d-a4c2295c2738
2026-09-20 00:19:09.823 | DEBUG    | strategies.copy_trading:_poll_wallets:353 - Poll error for H812jAz5: 9a3e97db-abca-4bc8-bc9d-a4c2295c2738
2026-09-20 00:19:09.823 | DEBUG    | strategies.copy_trading:_poll_wallets:353 - Poll error for 2fg5QD1e: 9a3e97db-abca-4bc8-bc9d-a4c2295c2738
2026-09-20 00:19:09.823 | DEBUG    | strategies.copy_trading:_poll_wallets:353 - Poll error for suqh5sHt: 9a3e97db-abca-4bc8-bc9d-a4c2295c2738
2026-09-20 00:19:09.823 | DEBUG    | strategies.copy_trading:_poll_wallets:353 - Poll error for XDgpjPub: 9a3e97db-abca-4bc8-bc9d-a4c2295c2738
2026-09-20 00:19:09.823 | DEBUG    | strategies.copy_trading:_poll_wallets:353 - Poll error for 7NAd2EpY: 9a3e97db-abca-4bc8-bc9d-a4c2295c2738
2026-09-20 00:19:09.823 | DEBUG    | strategies.copy_trading:_poll_wallets:353 - Poll error for FxN3VZ4B: 9a3e97db-abca-4bc8-bc9d-a4c2295c2738
2026-09-20 00:19:09.823 | DEBUG    | strategies.copy_trading:_poll_wallets:353 - Poll error for CyaE1Vxv: 9a3e97db-abca-4bc8-bc9d-a4c2295c2738
2026-09-20 00:19:11.324 | DEBUG    | strategies.copy_trading:_poll_wallets:353 - Poll error for BaLCEtq6: 9a3e97db-abca-4bc8-bc9d-a4c2295c2738
2026-09-20 00:19:11.324 | DEBUG    | strategies.copy_trading:_poll_wallets:353 - Poll error for 26kZ9rg8: 9a3e97db-abca-4bc8-bc9d-a4c2295c2738
2026-09-20 00:19:11.324 | DEBUG    | strategies.copy_trading:_poll_wallets:353 - Poll error for BCagckXe: 9a3e97db-abca-4bc8-bc9d-a4c2295c2738
2026-09-20 00:19:11.325 | DEBUG    | strategies.copy_trading:_poll_wallets:353 - Poll error for H812jAz5: 9a3e97db-abca-4bc8-bc9d-a4c2295c2738
2026-09-20 00:19:11.325 | DEBUG    | strategies.copy_trading:_poll_wallets:353 - Poll error for 2fg5QD1e: 9a3e97db-abca-4bc8-bc9d-a4c2295c2738
2026-09-20 00:19:11.325 | DEBUG    | strategies.copy_trading:_poll_wallets:353 - Poll error for suqh5sHt: 9a3e97db-abca-4bc8-bc9d-a4c2295c2738
2026-09-20 00:19:11.325 | DEBUG    | strategies.copy_trading:_poll_wallets:353 - Poll error for XDgpjPub: 9a3e97db-abca-4bc8-bc9d-a4c2295c2738
2026-09-20 00:19:11.325 | DEBUG    | strategies.copy_trading:_poll_wallets:353 - Poll error for 7NAd2EpY: 9a3e97db-abca-4bc8-bc9d-a4c2295c2738
2026-09-20 00:19:11.325 | DEBUG    | strategies.copy_trading:_poll_wallets:353 - Poll error for FxN3VZ4B: 9a3e97db-abca-4bc8-bc9d-a4c2295c2738
2026-09-20 00:19:11.325 | DEBUG    | strategies.copy_trading:_poll_wallets:353 - Poll error for CyaE1Vxv: 9a3e97db-abca-4bc8-bc9d-a4c2295c2738
2026-09-20 00:19:12.825 | DEBUG    | strategies.copy_trading:_poll_wallets:353 - Poll error for BaLCEtq6: 9a3e97db-abca-4bc8-bc9d-a4c2295c2738
2026-09-20 00:19:12.826 | DEBUG    | strategies.copy_trading:_poll_wallets:353 - Poll error for 26kZ9rg8: 9a3e97db-abca-4bc8-bc9d-a4c2295c2738
2026-09-20 00:19:12.826 | DEBUG    | strategies.copy_trading:_poll_wallets:353 - Poll error for BCagckXe: 9a3e97db-abca-4bc8-bc9d-a4c2295c2738
2026-09-20 00:19:12.826 | DEBUG    | strategies.copy_trading:_poll_wallets:353 - Poll error for H812jAz5: 9a3e97db-abca-4bc8-bc9d-a4c2295c2738
2026-09-20 00:19:12.826 | DEBUG    | strategies.copy_trading:_poll_wallets:353 - Poll error for 2fg5QD1e: 9a3e97db-abca-4bc8-bc9d-a4c2295c2738
2026-09-20 00:19:12.826 | DEBUG    | strategies.copy_trading:_poll_wallets:353 - Poll error for suqh5sHt: 9a3e97db-abca-4bc8-bc9d-a4c2295c2738
2026-09-20 00:19:12.826 | DEBUG    | strategies.copy_trading:_poll_wallets:353 - Poll error for XDgpjPub: 9a3e97db-abca-4bc8-bc9d-a4c2295c2738
2026-09-20 00:19:12.826 | DEBUG    | strategies.copy_trading:_poll_wallets:353 - Poll error for 7NAd2EpY: 9a3e97db-abca-4bc8-bc9d-a4c2295c2738
2026-09-20 00:19:12.826 | DEBUG    | strategies.copy_trading:_poll_wallets:353 - Poll error for FxN3VZ4B: 9a3e97db-abca-4bc8-bc9d-a4c2295c2738
2026-09-20 00:19:12.826 | DEBUG    | strategies.copy_trading:_poll_wallets:353 - Poll error for CyaE1Vxv: 9a3e97db-abca-4bc8-bc9d-a4c2295c2738
2026-09-20 00:19:14.328 | DEBUG    | strategies.copy_trading:_poll_wallets:353 - Poll error for BaLCEtq6: 9a3e97db-abca-4bc8-bc9d-a4c2295c2738
2026-09-20 00:19:14.328 | DEBUG    | strategies.copy_trading:_poll_wallets:353 - Poll error for 26kZ9rg8: 9a3e97db-abca-4bc8-bc9d-a4c2295c2738
2026-09-20 00:19:14.328 | DEBUG    | strategies.copy_trading:_poll_wallets:353 - Poll error for BCagckXe: 9a3e97db-abca-4bc8-bc9d-a4c2295c2738
2026-09-20 00:19:14.328 | DEBUG    | strategies.copy_trading:_poll_wallets:353 - Poll error for H812jAz5: 9a3e97db-abca-4bc8-bc9d-a4c2295c2738
2026-09-20 00:19:14.328 | DEBUG    | strategies.copy_trading:_poll_wallets:353 - Poll error for 2fg5QD1e: 9a3e97db-abca-4bc8-bc9d-a4c2295c2738
2026-09-20 00:19:14.328 | DEBUG    | strategies.copy_trading:_poll_wallets:353 - Poll error for suqh5sHt: 9a3e97db-abca-4bc8-bc9d-a4c2295c2738
2026-09-20 00:19:14.328 | DEBUG    | strategies.copy_trading:_poll_wallets:353 - Poll error for XDgpjPub: 9a3e97db-abca-4bc8-bc9d-a4c2295c2738
2026-09-20 00:19:14.328 | DEBUG    | strategies.copy_trading:_poll_wallets:353 - Poll error for 7NAd2EpY: 9a3e97db-abca-4bc8-bc9d-a4c2295c2738
2026-09-20 00:19:14.328 | DEBUG    | strategies.copy_trading:_poll_wallets:353 - Poll error for FxN3VZ4B: 9a3e97db-abca-4bc8-bc9d-a4c2295c2738
2026-09-20 00:19:14.328 | DEBUG    | strategies.copy_trading:_poll_wallets:353 - Poll error for CyaE1Vxv: 9a3e97db-abca-4bc8-bc9d-a4c2295c2738
2026-09-20 00:19:15.829 | DEBUG    | strategies.copy_trading:_poll_wallets:353 - Poll error for BaLCEtq6: 9a3e97db-abca-4bc8-bc9d-a4c2295c2738
2026-09-20 00:19:15.829 | DEBUG    | strategies.copy_trading:_poll_wallets:353 - Poll error for 26kZ9rg8: 9a3e97db-abca-4bc8-bc9d-a4c2295c2738
2026-09-20 00:19:15.829 | DEBUG    | strategies.copy_trading:_poll_wallets:353 - Poll error for BCagckXe: 9a3e97db-abca-4bc8-bc9d-a4c2295c2738
2026-09-20 00:19:15.829 | DEBUG    | strategies.copy_trading:_poll_wallets:353 - Poll error for H812jAz5: 9a3e97db-abca-4bc8-bc9d-a4c2295c2738
2026-09-20 00:19:15.829 | DEBUG    | strategies.copy_trading:_poll_wallets:353 - Poll error for 2fg5QD1e: 9a3e97db-abca-4bc8-bc9d-a4c2295c2738
2026-09-20 00:19:15.829 | DEBUG    | strategies.copy_trading:_poll_wallets:353 - Poll error for suqh5sHt: 9a3e97db-abca-4bc8-bc9d-a4c2295c2738
2026-09-20 00:19:15.829 | DEBUG    | strategies.copy_trading:_poll_wallets:353 - Poll error for XDgpjPub: 9a3e97db-abca-4bc8-bc9d-a4c2295c2738
2026-09-20 00:19:15.829 | DEBUG    | strategies.copy_trading:_poll_wallets:353 - Poll error for 7NAd2EpY: 9a3e97db-abca-4bc8-bc9d-a4c2295c2738
2026-09-20 00:19:15.830 | DEBUG    | strategies.copy_trading:_poll_wallets:353 - Poll error for FxN3VZ4B: 9a3e97db-abca-4bc8-bc9d-a4c2295c2738
2026-09-20 00:19:15.830 | DEBUG    | strategies.copy_trading:_poll_wallets:353 - Poll error for CyaE1Vxv: 9a3e97db-abca-4bc8-bc9d-a4c2295c2738
2026-09-20 00:19:17.331 | DEBUG    | strategies.copy_trading:_poll_wallets:353 - Poll error for BaLCEtq6: 9a3e97db-abca-4bc8-bc9d-a4c2295c2738
2026-09-20 00:19:17.331 | DEBUG    | strategies.copy_trading:_poll_wallets:353 - Poll error for 26kZ9rg8: 9a3e97db-abca-4bc8-bc9d-a4c2295c2738
2026-09-20 00:19:17.331 | DEBUG    | strategies.copy_trading:_poll_wallets:353 - Poll error for BCagckXe: 9a3e97db-abca-4bc8-bc9d-a4c2295c2738
2026-09-20 00:19:17.331 | DEBUG    | strategies.copy_trading:_poll_wallets:353 - Poll error for H812jAz5: 9a3e97db-abca-4bc8-bc9d-a4c2295c2738
2026-09-20 00:19:17.332 | DEBUG    | strategies.copy_trading:_poll_wallets:353 - Poll error for 2fg5QD1e: 9a3e97db-abca-4bc8-bc9d-a4c2295c2738
2026-09-20 00:19:17.332 | DEBUG    | strategies.copy_trading:_poll_wallets:353 - Poll error for suqh5sHt: 9a3e97db-abca-4bc8-bc9d-a4c2295c2738
2026-09-20 00:19:17.332 | DEBUG    | strategies.copy_trading:_poll_wallets:353 - Poll error for XDgpjPub: 9a3e97db-abca-4bc8-bc9d-a4c2295c2738
2026-09-20 00:19:17.332 | DEBUG    | strategies.copy_trading:_poll_wallets:353 - Poll error for 7NAd2EpY: 9a3e97db-abca-4bc8-bc9d-a4c2295c2738
2026-09-20 00:19:17.332 | DEBUG    | strategies.copy_trading:_poll_wallets:353 - Poll error for FxN3VZ4B: 9a3e97db-abca-4bc8-bc9d-a4c2295c2738
2026-09-20 00:19:17.332 | DEBUG    | strategies.copy_trading:_poll_wallets:353 - Poll error for CyaE1Vxv: 9a3e97db-abca-4bc8-bc9d-a4c2295c2738
2026-09-20 00:19:18.729 | DEBUG    | __main__:run:196 - Engine: 1 estrategias activas/1 | Uptime: 60s
2026-09-20 00:19:18.834 | DEBUG    | strategies.copy_trading:_poll_wallets:353 - Poll error for BaLCEtq6: 9a3e97db-abca-4bc8-bc9d-a4c2295c2738
2026-09-20 00:19:18.834 | DEBUG    | strategies.copy_trading:_poll_wallets:353 - Poll error for 26kZ9rg8: 9a3e97db-abca-4bc8-bc9d-a4c2295c2738
2026-09-20 00:19:18.834 | DEBUG    | strategies.copy_trading:_poll_wallets:353 - Poll error for BCagckXe: 9a3e97db-abca-4bc8-bc9d-a4c2295c2738
2026-09-20 00:19:18.834 | DEBUG    | strategies.copy_trading:_poll_wallets:353 - Poll error for H812jAz5: 9a3e97db-abca-4bc8-bc9d-a4c2295c2738
2026-09-20 00:19:18.834 | DEBUG    | strategies.copy_trading:_poll_wallets:353 - Poll error for 2fg5QD1e: 9a3e97db-abca-4bc8-bc9d-a4c2295c2738
2026-09-20 00:19:18.835 | DEBUG    | strategies.copy_trading:_poll_wallets:353 - Poll error for suqh5sHt: 9a3e97db-abca-4bc8-bc9d-a4c2295c2738
2026-09-20 00:19:18.835 | DEBUG    | strategies.copy_trading:_poll_wallets:353 - Poll error for XDgpjPub: 9a3e97db-abca-4bc8-bc9d-a4c2295c2738
2026-09-20 00:19:18.835 | DEBUG    | strategies.copy_trading:_poll_wallets:353 - Poll error for 7NAd2EpY: 9a3e97db-abca-4bc8-bc9d-a4c2295c2738
2026-09-20 00:19:18.835 | DEBUG    | strategies.copy_trading:_poll_wallets:353 - Poll error for FxN3VZ4B: 9a3e97db-abca-4bc8-bc9d-a4c2295c2738
2026-09-20 00:19:18.835 | DEBUG    | strategies.copy_trading:_poll_wallets:353 - Poll error for CyaE1Vxv: 9a3e97db-abca-4bc8-bc9d-a4c2295c2738
2026-09-20 00:19:20.335 | DEBUG    | strategies.copy_trading:_poll_wallets:353 - Poll error for BaLCEtq6: 9a3e97db-abca-4bc8-bc9d-a4c2295c2738
2026-09-20 00:19:20.335 | DEBUG    | strategies.copy_trading:_poll_wallets:353 - Poll error for 26kZ9rg8: 9a3e97db-abca-4bc8-bc9d-a4c2295c2738
2026-09-20 00:19:20.336 | DEBUG    | strategies.copy_trading:_poll_wallets:353 - Poll error for BCagckXe: 9a3e97db-abca-4bc8-bc9d-a4c2295c2738
2026-09-20 00:19:20.336 | DEBUG    | strategies.copy_trading:_poll_wallets:353 - Poll error for H812jAz5: 9a3e97db-abca-4bc8-bc9d-a4c2295c2738
2026-09-20 00:19:20.336 | DEBUG    | strategies.copy_trading:_poll_wallets:353 - Poll error for 2fg5QD1e: 9a3e97db-abca-4bc8-bc9d-a4c2295c2738
2026-09-20 00:19:20.336 | DEBUG    | strategies.copy_trading:_poll_wallets:353 - Poll error for suqh5sHt: 9a3e97db-abca-4bc8-bc9d-a4c2295c2738
2026-09-20 00:19:20.336 | DEBUG    | strategies.copy_trading:_poll_wallets:353 - Poll error for XDgpjPub: 9a3e97db-abca-4bc8-bc9d-a4c2295c2738
2026-09-20 00:19:20.336 | DEBUG    | strategies.copy_trading:_poll_wallets:353 - Poll error for 7NAd2EpY: 9a3e97db-abca-4bc8-bc9d-a4c2295c2738
2026-09-20 00:19:20.336 | DEBUG    | strategies.copy_trading:_poll_wallets:353 - Poll error for FxN3VZ4B: 9a3e97db-abca-4bc8-bc9d-a4c2295c2738
2026-09-20 00:19:20.336 | DEBUG    | strategies.copy_trading:_poll_wallets:353 - Poll error for CyaE1Vxv: 9a3e97db-abca-4bc8-bc9d-a4c2295c2738
2026-09-20 00:19:21.837 | DEBUG    | strategies.copy_trading:_poll_wallets:353 - Poll error for BaLCEtq6: 9a3e97db-abca-4bc8-bc9d-a4c2295c2738
2026-09-20 00:19:21.837 | DEBUG    | strategies.copy_trading:_poll_wallets:353 - Poll error for 26kZ9rg8: 9a3e97db-abca-4bc8-bc9d-a4c2295c2738
2026-09-20 00:19:21.837 | DEBUG    | strategies.copy_trading:_poll_wallets:353 - Poll error for BCagckXe: 9a3e97db-abca-4bc8-bc9d-a4c2295c2738
2026-09-20 00:19:21.837 | DEBUG    | strategies.copy_trading:_poll_wallets:353 - Poll error for H812jAz5: 9a3e97db-abca-4bc8-bc9d-a4c2295c2738
2026-09-20 00:19:21.837 | DEBUG    | strategies.copy_trading:_poll_wallets:353 - Poll error for 2fg5QD1e: 9a3e97db-abca-4bc8-bc9d-a4c2295c2738
2026-09-20 00:19:21.837 | DEBUG    | strategies.copy_trading:_poll_wallets:353 - Poll error for suqh5sHt: 9a3e97db-abca-4bc8-bc9d-a4c2295c2738
2026-09-20 00:19:21.837 | DEBUG    | strategies.copy_trading:_poll_wallets:353 - Poll error for XDgpjPub: 9a3e97db-abca-4bc8-bc9d-a4c2295c2738
2026-09-20 00:19:21.837 | DEBUG    | strategies.copy_trading:_poll_wallets:353 - Poll error for 7NAd2EpY: 9a3e97db-abca-4bc8-bc9d-a4c2295c2738
2026-09-20 00:19:21.837 | DEBUG    | strategies.copy_trading:_poll_wallets:353 - Poll error for FxN3VZ4B: 9a3e97db-abca-4bc8-bc9d-a4c2295c2738
2026-09-20 00:19:21.837 | DEBUG    | strategies.copy_trading:_poll_wallets:353 - Poll error for CyaE1Vxv: 9a3e97db-abca-4bc8-bc9d-a4c2295c2738
2026-09-20 00:19:23.338 | DEBUG    | strategies.copy_trading:_poll_wallets:353 - Poll error for BaLCEtq6: 9a3e97db-abca-4bc8-bc9d-a4c2295c2738
2026-09-20 00:19:23.338 | DEBUG    | strategies.copy_trading:_poll_wallets:353 - Poll error for 26kZ9rg8: 9a3e97db-abca-4bc8-bc9d-a4c2295c2738
2026-09-20 00:19:23.339 | DEBUG    | strategies.copy_trading:_poll_wallets:353 - Poll error for BCagckXe: 9a3e97db-abca-4bc8-bc9d-a4c2295c2738
2026-09-20 00:19:23.339 | DEBUG    | strategies.copy_trading:_poll_wallets:353 - Poll error for H812jAz5: 9a3e97db-abca-4bc8-bc9d-a4c2295c2738
2026-09-20 00:19:23.339 | DEBUG    | strategies.copy_trading:_poll_wallets:353 - Poll error for 2fg5QD1e: 9a3e97db-abca-4bc8-bc9d-a4c2295c2738
2026-09-20 00:19:23.339 | DEBUG    | strategies.copy_trading:_poll_wallets:353 - Poll error for suqh5sHt: 9a3e97db-abca-4bc8-bc9d-a4c2295c2738
2026-09-20 00:19:23.339 | DEBUG    | strategies.copy_trading:_poll_wallets:353 - Poll error for XDgpjPub: 9a3e97db-abca-4bc8-bc9d-a4c2295c2738
2026-09-20 00:19:23.339 | DEBUG    | strategies.copy_trading:_poll_wallets:353 - Poll error for 7NAd2EpY: 9a3e97db-abca-4bc8-bc9d-a4c2295c2738
2026-09-20 00:19:23.339 | DEBUG    | strategies.copy_trading:_poll_wallets:353 - Poll error for FxN3VZ4B: 9a3e97db-abca-4bc8-bc9d-a4c2295c2738
2026-09-20 00:19:23.339 | DEBUG    | strategies.copy_trading:_poll_wallets:353 - Poll error for CyaE1Vxv: 9a3e97db-abca-4bc8-bc9d-a4c2295c2738
2026-09-20 00:19:24.840 | DEBUG    | strategies.copy_trading:_poll_wallets:353 - Poll error for BaLCEtq6: 9a3e97db-abca-4bc8-bc9d-a4c2295c2738
2026-09-20 00:19:24.840 | DEBUG    | strategies.copy_trading:_poll_wallets:353 - Poll error for 26kZ9rg8: 9a3e97db-abca-4bc8-bc9d-a4c2295c2738
2026-09-20 00:19:24.840 | DEBUG    | strategies.copy_trading:_poll_wallets:353 - Poll error for BCagckXe: 9a3e97db-abca-4bc8-bc9d-a4c2295c2738
2026-09-20 00:19:24.841 | DEBUG    | strategies.copy_trading:_poll_wallets:353 - Poll error for H812jAz5: 9a3e97db-abca-4bc8-bc9d-a4c2295c2738
2026-09-20 00:19:24.841 | DEBUG    | strategies.copy_trading:_poll_wallets:353 - Poll error for 2fg5QD1e: 9a3e97db-abca-4bc8-bc9d-a4c2295c2738
2026-09-20 00:19:24.841 | DEBUG    | strategies.copy_trading:_poll_wallets:353 - Poll error for suqh5sHt: 9a3e97db-abca-4bc8-bc9d-a4c2295c2738
2026-09-20 00:19:24.841 | DEBUG    | strategies.copy_trading:_poll_wallets:353 - Poll error for XDgpjPub: 9a3e97db-abca-4bc8-bc9d-a4c2295c2738
2026-09-20 00:19:24.841 | DEBUG    | strategies.copy_trading:_poll_wallets:353 - Poll error for 7NAd2EpY: 9a3e97db-abca-4bc8-bc9d-a4c2295c2738
2026-09-20 00:19:24.841 | DEBUG    | strategies.copy_trading:_poll_wallets:353 - Poll error for FxN3VZ4B: 9a3e97db-abca-4bc8-bc9d-a4c2295c2738
2026-09-20 00:19:24.841 | DEBUG    | strategies.copy_trading:_poll_wallets:353 - Poll error for CyaE1Vxv: 9a3e97db-abca-4bc8-bc9d-a4c2295c2738
2026-09-20 00:19:26.342 | DEBUG    | strategies.copy_trading:_poll_wallets:353 - Poll error for BaLCEtq6: 9a3e97db-abca-4bc8-bc9d-a4c2295c2738
2026-09-20 00:19:26.342 | DEBUG    | strategies.copy_trading:_poll_wallets:353 - Poll error for 26kZ9rg8: 9a3e97db-abca-4bc8-bc9d-a4c2295c2738
2026-09-20 00:19:26.342 | DEBUG    | strategies.copy_trading:_poll_wallets:353 - Poll error for BCagckXe: 9a3e97db-abca-4bc8-bc9d-a4c2295c2738
2026-09-20 00:19:26.342 | DEBUG    | strategies.copy_trading:_poll_wallets:353 - Poll error for H812jAz5: 9a3e97db-abca-4bc8-bc9d-a4c2295c2738
2026-09-20 00:19:26.342 | DEBUG    | strategies.copy_trading:_poll_wallets:353 - Poll error for 2fg5QD1e: 9a3e97db-abca-4bc8-bc9d-a4c2295c2738
2026-09-20 00:19:26.342 | DEBUG    | strategies.copy_trading:_poll_wallets:353 - Poll error for suqh5sHt: 9a3e97db-abca-4bc8-bc9d-a4c2295c2738
2026-09-20 00:19:26.343 | DEBUG    | strategies.copy_trading:_poll_wallets:353 - Poll error for XDgpjPub: 9a3e97db-abca-4bc8-bc9d-a4c2295c2738
2026-09-20 00:19:26.343 | DEBUG    | strategies.copy_trading:_poll_wallets:353 - Poll error for 7NAd2EpY: 9a3e97db-abca-4bc8-bc9d-a4c2295c2738
2026-09-20 00:19:26.343 | DEBUG    | strategies.copy_trading:_poll_wallets:353 - Poll error for FxN3VZ4B: 9a3e97db-abca-4bc8-bc9d-a4c2295c2738
2026-09-20 00:19:26.343 | DEBUG    | strategies.copy_trading:_poll_wallets:353 - Poll error for CyaE1Vxv: 9a3e97db-abca-4bc8-bc9d-a4c2295c2738
2026-09-20 00:19:27.843 | DEBUG    | strategies.copy_trading:_poll_wallets:353 - Poll error for BaLCEtq6: 9a3e97db-abca-4bc8-bc9d-a4c2295c2738
2026-09-20 00:19:27.843 | DEBUG    | strategies.copy_trading:_poll_wallets:353 - Poll error for 26kZ9rg8: 9a3e97db-abca-4bc8-bc9d-a4c2295c2738
2026-09-20 00:19:27.844 | DEBUG    | strategies.copy_trading:_poll_wallets:353 - Poll error for BCagckXe: 9a3e97db-abca-4bc8-bc9d-a4c2295c2738
2026-09-20 00:19:27.844 | DEBUG    | strategies.copy_trading:_poll_wallets:353 - Poll error for H812jAz5: 9a3e97db-abca-4bc8-bc9d-a4c2295c2738
2026-09-20 00:19:27.844 | DEBUG    | strategies.copy_trading:_poll_wallets:353 - Poll error for 2fg5QD1e: 9a3e97db-abca-4bc8-bc9d-a4c2295c2738
2026-09-20 00:19:27.844 | DEBUG    | strategies.copy_trading:_poll_wallets:353 - Poll error for suqh5sHt: 9a3e97db-abca-4bc8-bc9d-a4c2295c2738
2026-09-20 00:19:27.844 | DEBUG    | strategies.copy_trading:_poll_wallets:353 - Poll error for XDgpjPub: 9a3e97db-abca-4bc8-bc9d-a4c2295c2738
2026-09-20 00:19:27.844 | DEBUG    | strategies.copy_trading:_poll_wallets:353 - Poll error for 7NAd2EpY: 9a3e97db-abca-4bc8-bc9d-a4c2295c2738
2026-09-20 00:19:27.844 | DEBUG    | strategies.copy_trading:_poll_wallets:353 - Poll error for FxN3VZ4B: 9a3e97db-abca-4bc8-bc9d-a4c2295c2738
2026-09-20 00:19:27.844 | DEBUG    | strategies.copy_trading:_poll_wallets:353 - Poll error for CyaE1Vxv: 9a3e97db-abca-4bc8-bc9d-a4c2295c2738
2026-09-20 00:19:29.345 | DEBUG    | strategies.copy_trading:_poll_wallets:353 - Poll error for BaLCEtq6: 9a3e97db-abca-4bc8-bc9d-a4c2295c2738
2026-09-20 00:19:29.345 | DEBUG    | strategies.copy_trading:_poll_wallets:353 - Poll error for 26kZ9rg8: 9a3e97db-abca-4bc8-bc9d-a4c2295c2738
2026-09-20 00:19:29.345 | DEBUG    | strategies.copy_trading:_poll_wallets:353 - Poll error for BCagckXe: 9a3e97db-abca-4bc8-bc9d-a4c2295c2738
2026-09-20 00:19:29.346 | DEBUG    | strategies.copy_trading:_poll_wallets:353 - Poll error for H812jAz5: 9a3e97db-abca-4bc8-bc9d-a4c2295c2738
2026-09-20 00:19:29.346 | DEBUG    | strategies.copy_trading:_poll_wallets:353 - Poll error for 2fg5QD1e: 9a3e97db-abca-4bc8-bc9d-a4c2295c2738
2026-09-20 00:19:29.346 | DEBUG    | strategies.copy_trading:_poll_wallets:353 - Poll error for suqh5sHt: 9a3e97db-abca-4bc8-bc9d-a4c2295c2738
2026-09-20 00:19:29.346 | DEBUG    | strategies.copy_trading:_poll_wallets:353 - Poll error for XDgpjPub: 9a3e97db-abca-4bc8-bc9d-a4c2295c2738
2026-09-20 00:19:29.346 | DEBUG    | strategies.copy_trading:_poll_wallets:353 - Poll error for 7NAd2EpY: 9a3e97db-abca-4bc8-bc9d-a4c2295c2738
2026-09-20 00:19:29.346 | DEBUG    | strategies.copy_trading:_poll_wallets:353 - Poll error for FxN3VZ4B: 9a3e97db-abca-4bc8-bc9d-a4c2295c2738
2026-09-20 00:19:29.346 | DEBUG    | strategies.copy_trading:_poll_wallets:353 - Poll error for CyaE1Vxv: 9a3e97db-abca-4bc8-bc9d-a4c2295c2738
2026-09-20 00:19:30.847 | DEBUG    | strategies.copy_trading:_poll_wallets:353 - Poll error for BaLCEtq6: 9a3e97db-abca-4bc8-bc9d-a4c2295c2738
2026-09-20 00:19:30.847 | DEBUG    | strategies.copy_trading:_poll_wallets:353 - Poll error for 26kZ9rg8: 9a3e97db-abca-4bc8-bc9d-a4c2295c2738
2026-09-20 00:19:30.847 | DEBUG    | strategies.copy_trading:_poll_wallets:353 - Poll error for BCagckXe: 9a3e97db-abca-4bc8-bc9d-a4c2295c2738
2026-09-20 00:19:30.847 | DEBUG    | strategies.copy_trading:_poll_wallets:353 - Poll error for H812jAz5: 9a3e97db-abca-4bc8-bc9d-a4c2295c2738
2026-09-20 00:19:30.847 | DEBUG    | strategies.copy_trading:_poll_wallets:353 - Poll error for 2fg5QD1e: 9a3e97db-abca-4bc8-bc9d-a4c2295c2738
2026-09-20 00:19:30.847 | DEBUG    | strategies.copy_trading:_poll_wallets:353 - Poll error for suqh5sHt: 9a3e97db-abca-4bc8-bc9d-a4c2295c2738
2026-09-20 00:19:30.847 | DEBUG    | strategies.copy_trading:_poll_wallets:353 - Poll error for XDgpjPub: 9a3e97db-abca-4bc8-bc9d-a4c2295c2738
2026-09-20 00:19:30.847 | DEBUG    | strategies.copy_trading:_poll_wallets:353 - Poll error for 7NAd2EpY: 9a3e97db-abca-4bc8-bc9d-a4c2295c2738
2026-09-20 00:19:30.847 | DEBUG    | strategies.copy_trading:_poll_wallets:353 - Poll error for FxN3VZ4B: 9a3e97db-abca-4bc8-bc9d-a4c2295c2738
2026-09-20 00:19:30.847 | DEBUG    | strategies.copy_trading:_poll_wallets:353 - Poll error for CyaE1Vxv: 9a3e97db-abca-4bc8-bc9d-a4c2295c2738
2026-09-20 00:19:32.349 | DEBUG    | strategies.copy_trading:_poll_wallets:353 - Poll error for BaLCEtq6: 9a3e97db-abca-4bc8-bc9d-a4c2295c2738
2026-09-20 00:19:32.349 | DEBUG    | strategies.copy_trading:_poll_wallets:353 - Poll error for 26kZ9rg8: 9a3e97db-abca-4bc8-bc9d-a4c2295c2738
2026-09-20 00:19:32.349 | DEBUG    | strategies.copy_trading:_poll_wallets:353 - Poll error for BCagckXe: 9a3e97db-abca-4bc8-bc9d-a4c2295c2738
2026-09-20 00:19:32.349 | DEBUG    | strategies.copy_trading:_poll_wallets:353 - Poll error for H812jAz5: 9a3e97db-abca-4bc8-bc9d-a4c2295c2738
2026-09-20 00:19:32.349 | DEBUG    | strategies.copy_trading:_poll_wallets:353 - Poll error for 2fg5QD1e: 9a3e97db-abca-4bc8-bc9d-a4c2295c2738
2026-09-20 00:19:32.349 | DEBUG    | strategies.copy_trading:_poll_wallets:353 - Poll error for suqh5sHt: 9a3e97db-abca-4bc8-bc9d-a4c2295c2738
2026-09-20 00:19:32.349 | DEBUG    | strategies.copy_trading:_poll_wallets:353 - Poll error for XDgpjPub: 9a3e97db-abca-4bc8-bc9d-a4c2295c2738
2026-09-20 00:19:32.349 | DEBUG    | strategies.copy_trading:_poll_wallets:353 - Poll error for 7NAd2EpY: 9a3e97db-abca-4bc8-bc9d-a4c2295c2738
2026-09-20 00:19:32.350 | DEBUG    | strategies.copy_trading:_poll_wallets:353 - Poll error for FxN3VZ4B: 9a3e97db-abca-4bc8-bc9d-a4c2295c2738
2026-09-20 00:19:32.350 | DEBUG    | strategies.copy_trading:_poll_wallets:353 - Poll error for CyaE1Vxv: 9a3e97db-abca-4bc8-bc9d-a4c2295c2738
2026-09-20 00:19:33.851 | DEBUG    | strategies.copy_trading:_poll_wallets:353 - Poll error for BaLCEtq6: 9a3e97db-abca-4bc8-bc9d-a4c2295c2738
2026-09-20 00:19:33.851 | DEBUG    | strategies.copy_trading:_poll_wallets:353 - Poll error for 26kZ9rg8: 9a3e97db-abca-4bc8-bc9d-a4c2295c2738
2026-09-20 00:19:33.851 | DEBUG    | strategies.copy_trading:_poll_wallets:353 - Poll error for BCagckXe: 9a3e97db-abca-4bc8-bc9d-a4c2295c2738
2026-09-20 00:19:33.851 | DEBUG    | strategies.copy_trading:_poll_wallets:353 - Poll error for H812jAz5: 9a3e97db-abca-4bc8-bc9d-a4c2295c2738
2026-09-20 00:19:33.851 | DEBUG    | strategies.copy_trading:_poll_wallets:353 - Poll error for 2fg5QD1e: 9a3e97db-abca-4bc8-bc9d-a4c2295c2738
2026-09-20 00:19:33.852 | DEBUG    | strategies.copy_trading:_poll_wallets:353 - Poll error for suqh5sHt: 9a3e97db-abca-4bc8-bc9d-a4c2295c2738
2026-09-20 00:19:33.852 | DEBUG    | strategies.copy_trading:_poll_wallets:353 - Poll error for XDgpjPub: 9a3e97db-abca-4bc8-bc9d-a4c2295c2738
2026-09-20 00:19:33.852 | DEBUG    | strategies.copy_trading:_poll_wallets:353 - Poll error for 7NAd2EpY: 9a3e97db-abca-4bc8-bc9d-a4c2295c2738
2026-09-20 00:19:33.852 | DEBUG    | strategies.copy_trading:_poll_wallets:353 - Poll error for FxN3VZ4B: 9a3e97db-abca-4bc8-bc9d-a4c2295c2738
2026-09-20 00:19:33.852 | DEBUG    | strategies.copy_trading:_poll_wallets:353 - Poll error for CyaE1Vxv: 9a3e97db-abca-4bc8-bc9d-a4c2295c2738
2026-09-20 00:19:35.353 | DEBUG    | strategies.copy_trading:_poll_wallets:353 - Poll error for BaLCEtq6: 9a3e97db-abca-4bc8-bc9d-a4c2295c2738
2026-09-20 00:19:35.353 | DEBUG    | strategies.copy_trading:_poll_wallets:353 - Poll error for 26kZ9rg8: 9a3e97db-abca-4bc8-bc9d-a4c2295c2738
2026-09-20 00:19:35.353 | DEBUG    | strategies.copy_trading:_poll_wallets:353 - Poll error for BCagckXe: 9a3e97db-abca-4bc8-bc9d-a4c2295c2738
2026-09-20 00:19:35.353 | DEBUG    | strategies.copy_trading:_poll_wallets:353 - Poll error for H812jAz5: 9a3e97db-abca-4bc8-bc9d-a4c2295c2738
2026-09-20 00:19:35.353 | DEBUG    | strategies.copy_trading:_poll_wallets:353 - Poll error for 2fg5QD1e: 9a3e97db-abca-4bc8-bc9d-a4c2295c2738
2026-09-20 00:19:35.353 | DEBUG    | strategies.copy_trading:_poll_wallets:353 - Poll error for suqh5sHt: 9a3e97db-abca-4bc8-bc9d-a4c2295c2738
2026-09-20 00:19:35.354 | DEBUG    | strategies.copy_trading:_poll_wallets:353 - Poll error for XDgpjPub: 9a3e97db-abca-4bc8-bc9d-a4c2295c2738
2026-09-20 00:19:35.354 | DEBUG    | strategies.copy_trading:_poll_wallets:353 - Poll error for 7NAd2EpY: 9a3e97db-abca-4bc8-bc9d-a4c2295c2738
2026-09-20 00:19:35.354 | DEBUG    | strategies.copy_trading:_poll_wallets:353 - Poll error for FxN3VZ4B: 9a3e97db-abca-4bc8-bc9d-a4c2295c2738
2026-09-20 00:19:35.354 | DEBUG    | strategies.copy_trading:_poll_wallets:353 - Poll error for CyaE1Vxv: 9a3e97db-abca-4bc8-bc9d-a4c2295c2738
2026-09-20 00:19:36.855 | DEBUG    | strategies.copy_trading:_poll_wallets:353 - Poll error for BaLCEtq6: 9a3e97db-abca-4bc8-bc9d-a4c2295c2738
2026-09-20 00:19:36.855 | DEBUG    | strategies.copy_trading:_poll_wallets:353 - Poll error for 26kZ9rg8: 9a3e97db-abca-4bc8-bc9d-a4c2295c2738
2026-09-20 00:19:36.855 | DEBUG    | strategies.copy_trading:_poll_wallets:353 - Poll error for BCagckXe: 9a3e97db-abca-4bc8-bc9d-a4c2295c2738
2026-09-20 00:19:36.855 | DEBUG    | strategies.copy_trading:_poll_wallets:353 - Poll error for H812jAz5: 9a3e97db-abca-4bc8-bc9d-a4c2295c2738
2026-09-20 00:19:36.855 | DEBUG    | strategies.copy_trading:_poll_wallets:353 - Poll error for 2fg5QD1e: 9a3e97db-abca-4bc8-bc9d-a4c2295c2738
2026-09-20 00:19:36.855 | DEBUG    | strategies.copy_trading:_poll_wallets:353 - Poll error for suqh5sHt: 9a3e97db-abca-4bc8-bc9d-a4c2295c2738
2026-09-20 00:19:36.855 | DEBUG    | strategies.copy_trading:_poll_wallets:353 - Poll error for XDgpjPub: 9a3e97db-abca-4bc8-bc9d-a4c2295c2738
2026-09-20 00:19:36.855 | DEBUG    | strategies.copy_trading:_poll_wallets:353 - Poll error for 7NAd2EpY: 9a3e97db-abca-4bc8-bc9d-a4c2295c2738
2026-09-20 00:19:36.855 | DEBUG    | strategies.copy_trading:_poll_wallets:353 - Poll error for FxN3VZ4B: 9a3e97db-abca-4bc8-bc9d-a4c2295c2738
2026-09-20 00:19:36.855 | DEBUG    | strategies.copy_trading:_poll_wallets:353 - Poll error for CyaE1Vxv: 9a3e97db-abca-4bc8-bc9d-a4c2295c2738
2026-09-20 00:19:38.356 | DEBUG    | strategies.copy_trading:_poll_wallets:353 - Poll error for BaLCEtq6: 9a3e97db-abca-4bc8-bc9d-a4c2295c2738
2026-09-20 00:19:38.357 | DEBUG    | strategies.copy_trading:_poll_wallets:353 - Poll error for 26kZ9rg8: 9a3e97db-abca-4bc8-bc9d-a4c2295c2738
2026-09-20 00:19:38.357 | DEBUG    | strategies.copy_trading:_poll_wallets:353 - Poll error for BCagckXe: 9a3e97db-abca-4bc8-bc9d-a4c2295c2738
2026-09-20 00:19:38.357 | DEBUG    | strategies.copy_trading:_poll_wallets:353 - Poll error for H812jAz5: 9a3e97db-abca-4bc8-bc9d-a4c2295c2738
2026-09-20 00:19:38.357 | DEBUG    | strategies.copy_trading:_poll_wallets:353 - Poll error for 2fg5QD1e: 9a3e97db-abca-4bc8-bc9d-a4c2295c2738
2026-09-20 00:19:38.357 | DEBUG    | strategies.copy_trading:_poll_wallets:353 - Poll error for suqh5sHt: 9a3e97db-abca-4bc8-bc9d-a4c2295c2738
2026-09-20 00:19:38.357 | DEBUG    | strategies.copy_trading:_poll_wallets:353 - Poll error for XDgpjPub: 9a3e97db-abca-4bc8-bc9d-a4c2295c2738
2026-09-20 00:19:38.357 | DEBUG    | strategies.copy_trading:_poll_wallets:353 - Poll error for 7NAd2EpY: 9a3e97db-abca-4bc8-bc9d-a4c2295c2738
2026-09-20 00:19:38.357 | DEBUG    | strategies.copy_trading:_poll_wallets:353 - Poll error for FxN3VZ4B: 9a3e97db-abca-4bc8-bc9d-a4c2295c2738
2026-09-20 00:19:38.357 | DEBUG    | strategies.copy_trading:_poll_wallets:353 - Poll error for CyaE1Vxv: 9a3e97db-abca-4bc8-bc9d-a4c2295c2738
2026-09-20 00:19:39.858 | DEBUG    | strategies.copy_trading:_poll_wallets:353 - Poll error for BaLCEtq6: 9a3e97db-abca-4bc8-bc9d-a4c2295c2738
2026-09-20 00:19:39.858 | DEBUG    | strategies.copy_trading:_poll_wallets:353 - Poll error for 26kZ9rg8: 9a3e97db-abca-4bc8-bc9d-a4c2295c2738
2026-09-20 00:19:39.859 | DEBUG    | strategies.copy_trading:_poll_wallets:353 - Poll error for BCagckXe: 9a3e97db-abca-4bc8-bc9d-a4c2295c2738
2026-09-20 00:19:39.859 | DEBUG    | strategies.copy_trading:_poll_wallets:353 - Poll error for H812jAz5: 9a3e97db-abca-4bc8-bc9d-a4c2295c2738
2026-09-20 00:19:39.859 | DEBUG    | strategies.copy_trading:_poll_wallets:353 - Poll error for 2fg5QD1e: 9a3e97db-abca-4bc8-bc9d-a4c2295c2738
2026-09-20 00:19:39.859 | DEBUG    | strategies.copy_trading:_poll_wallets:353 - Poll error for suqh5sHt: 9a3e97db-abca-4bc8-bc9d-a4c2295c2738
2026-09-20 00:19:39.859 | DEBUG    | strategies.copy_trading:_poll_wallets:353 - Poll error for XDgpjPub: 9a3e97db-abca-4bc8-bc9d-a4c2295c2738
2026-09-20 00:19:39.859 | DEBUG    | strategies.copy_trading:_poll_wallets:353 - Poll error for 7NAd2EpY: 9a3e97db-abca-4bc8-bc9d-a4c2295c2738
2026-09-20 00:19:39.859 | DEBUG    | strategies.copy_trading:_poll_wallets:353 - Poll error for FxN3VZ4B: 9a3e97db-abca-4bc8-bc9d-a4c2295c2738
2026-09-20 00:19:39.859 | DEBUG    | strategies.copy_trading:_poll_wallets:353 - Poll error for CyaE1Vxv: 9a3e97db-abca-4bc8-bc9d-a4c2295c2738
2026-09-20 00:19:41.360 | DEBUG    | strategies.copy_trading:_poll_wallets:353 - Poll error for BaLCEtq6: 9a3e97db-abca-4bc8-bc9d-a4c2295c2738
2026-09-20 00:19:41.361 | DEBUG    | strategies.copy_trading:_poll_wallets:353 - Poll error for 26kZ9rg8: 9a3e97db-abca-4bc8-bc9d-a4c2295c2738
2026-09-20 00:19:41.361 | DEBUG    | strategies.copy_trading:_poll_wallets:353 - Poll error for BCagckXe: 9a3e97db-abca-4bc8-bc9d-a4c2295c2738
2026-09-20 00:19:41.361 | DEBUG    | strategies.copy_trading:_poll_wallets:353 - Poll error for H812jAz5: 9a3e97db-abca-4bc8-bc9d-a4c2295c2738
2026-09-20 00:19:41.361 | DEBUG    | strategies.copy_trading:_poll_wallets:353 - Poll error for 2fg5QD1e: 9a3e97db-abca-4bc8-bc9d-a4c2295c2738
2026-09-20 00:19:41.361 | DEBUG    | strategies.copy_trading:_poll_wallets:353 - Poll error for suqh5sHt: 9a3e97db-abca-4bc8-bc9d-a4c2295c2738
2026-09-20 00:19:41.361 | DEBUG    | strategies.copy_trading:_poll_wallets:353 - Poll error for XDgpjPub: 9a3e97db-abca-4bc8-bc9d-a4c2295c2738
2026-09-20 00:19:41.361 | DEBUG    | strategies.copy_trading:_poll_wallets:353 - Poll error for 7NAd2EpY: 9a3e97db-abca-4bc8-bc9d-a4c2295c2738
2026-09-20 00:19:41.361 | DEBUG    | strategies.copy_trading:_poll_wallets:353 - Poll error for FxN3VZ4B: 9a3e97db-abca-4bc8-bc9d-a4c2295c2738
2026-09-20 00:19:41.361 | DEBUG    | strategies.copy_trading:_poll_wallets:353 - Poll error for CyaE1Vxv: 9a3e97db-abca-4bc8-bc9d-a4c2295c2738
2026-09-20 00:19:42.862 | DEBUG    | strategies.copy_trading:_poll_wallets:353 - Poll error for BaLCEtq6: 9a3e97db-abca-4bc8-bc9d-a4c2295c2738
2026-09-20 00:19:42.862 | DEBUG    | strategies.copy_trading:_poll_wallets:353 - Poll error for 26kZ9rg8: 9a3e97db-abca-4bc8-bc9d-a4c2295c2738
2026-09-20 00:19:42.863 | DEBUG    | strategies.copy_trading:_poll_wallets:353 - Poll error for BCagckXe: 9a3e97db-abca-4bc8-bc9d-a4c2295c2738
2026-09-20 00:19:42.863 | DEBUG    | strategies.copy_trading:_poll_wallets:353 - Poll error for H812jAz5: 9a3e97db-abca-4bc8-bc9d-a4c2295c2738
2026-09-20 00:19:42.863 | DEBUG    | strategies.copy_trading:_poll_wallets:353 - Poll error for 2fg5QD1e: 9a3e97db-abca-4bc8-bc9d-a4c2295c2738
2026-09-20 00:19:42.863 | DEBUG    | strategies.copy_trading:_poll_wallets:353 - Poll error for suqh5sHt: 9a3e97db-abca-4bc8-bc9d-a4c2295c2738
2026-09-20 00:19:42.863 | DEBUG    | strategies.copy_trading:_poll_wallets:353 - Poll error for XDgpjPub: 9a3e97db-abca-4bc8-bc9d-a4c2295c2738
2026-09-20 00:19:42.863 | DEBUG    | strategies.copy_trading:_poll_wallets:353 - Poll error for 7NAd2EpY: 9a3e97db-abca-4bc8-bc9d-a4c2295c2738
2026-09-20 00:19:42.863 | DEBUG    | strategies.copy_trading:_poll_wallets:353 - Poll error for FxN3VZ4B: 9a3e97db-abca-4bc8-bc9d-a4c2295c2738
2026-09-20 00:19:42.863 | DEBUG    | strategies.copy_trading:_poll_wallets:353 - Poll error for CyaE1Vxv: 9a3e97db-abca-4bc8-bc9d-a4c2295c2738
2026-09-20 00:19:44.364 | DEBUG    | strategies.copy_trading:_poll_wallets:353 - Poll error for BaLCEtq6: 9a3e97db-abca-4bc8-bc9d-a4c2295c2738
2026-09-20 00:19:44.364 | DEBUG    | strategies.copy_trading:_poll_wallets:353 - Poll error for 26kZ9rg8: 9a3e97db-abca-4bc8-bc9d-a4c2295c2738
2026-09-20 00:19:44.364 | DEBUG    | strategies.copy_trading:_poll_wallets:353 - Poll error for BCagckXe: 9a3e97db-abca-4bc8-bc9d-a4c2295c2738
2026-09-20 00:19:44.365 | DEBUG    | strategies.copy_trading:_poll_wallets:353 - Poll error for H812jAz5: 9a3e97db-abca-4bc8-bc9d-a4c2295c2738
2026-09-20 00:19:44.365 | DEBUG    | strategies.copy_trading:_poll_wallets:353 - Poll error for 2fg5QD1e: 9a3e97db-abca-4bc8-bc9d-a4c2295c2738
2026-09-20 00:19:44.365 | DEBUG    | strategies.copy_trading:_poll_wallets:353 - Poll error for suqh5sHt: 9a3e97db-abca-4bc8-bc9d-a4c2295c2738
2026-09-20 00:19:44.365 | DEBUG    | strategies.copy_trading:_poll_wallets:353 - Poll error for XDgpjPub: 9a3e97db-abca-4bc8-bc9d-a4c2295c2738
2026-09-20 00:19:44.365 | DEBUG    | strategies.copy_trading:_poll_wallets:353 - Poll error for 7NAd2EpY: 9a3e97db-abca-4bc8-bc9d-a4c2295c2738
2026-09-20 00:19:44.365 | DEBUG    | strategies.copy_trading:_poll_wallets:353 - Poll error for FxN3VZ4B: 9a3e97db-abca-4bc8-bc9d-a4c2295c2738
2026-09-20 00:19:44.365 | DEBUG    | strategies.copy_trading:_poll_wallets:353 - Poll error for CyaE1Vxv: 9a3e97db-abca-4bc8-bc9d-a4c2295c2738
2026-09-20 00:19:45.865 | DEBUG    | strategies.copy_trading:_poll_wallets:353 - Poll error for BaLCEtq6: 9a3e97db-abca-4bc8-bc9d-a4c2295c2738
2026-09-20 00:19:45.865 | DEBUG    | strategies.copy_trading:_poll_wallets:353 - Poll error for 26kZ9rg8: 9a3e97db-abca-4bc8-bc9d-a4c2295c2738
2026-09-20 00:19:45.866 | DEBUG    | strategies.copy_trading:_poll_wallets:353 - Poll error for BCagckXe: 9a3e97db-abca-4bc8-bc9d-a4c2295c2738
2026-09-20 00:19:45.866 | DEBUG    | strategies.copy_trading:_poll_wallets:353 - Poll error for H812jAz5: 9a3e97db-abca-4bc8-bc9d-a4c2295c2738
2026-09-20 00:19:45.866 | DEBUG    | strategies.copy_trading:_poll_wallets:353 - Poll error for 2fg5QD1e: 9a3e97db-abca-4bc8-bc9d-a4c2295c2738
2026-09-20 00:19:45.866 | DEBUG    | strategies.copy_trading:_poll_wallets:353 - Poll error for suqh5sHt: 9a3e97db-abca-4bc8-bc9d-a4c2295c2738
2026-09-20 00:19:45.866 | DEBUG    | strategies.copy_trading:_poll_wallets:353 - Poll error for XDgpjPub: 9a3e97db-abca-4bc8-bc9d-a4c2295c2738
2026-09-20 00:19:45.866 | DEBUG    | strategies.copy_trading:_poll_wallets:353 - Poll error for 7NAd2EpY: 9a3e97db-abca-4bc8-bc9d-a4c2295c2738
2026-09-20 00:19:45.866 | DEBUG    | strategies.copy_trading:_poll_wallets:353 - Poll error for FxN3VZ4B: 9a3e97db-abca-4bc8-bc9d-a4c2295c2738
2026-09-20 00:19:45.866 | DEBUG    | strategies.copy_trading:_poll_wallets:353 - Poll error for CyaE1Vxv: 9a3e97db-abca-4bc8-bc9d-a4c2295c2738
2026-09-20 00:19:47.367 | DEBUG    | strategies.copy_trading:_poll_wallets:353 - Poll error for BaLCEtq6: 9a3e97db-abca-4bc8-bc9d-a4c2295c2738
2026-09-20 00:19:47.367 | DEBUG    | strategies.copy_trading:_poll_wallets:353 - Poll error for 26kZ9rg8: 9a3e97db-abca-4bc8-bc9d-a4c2295c2738
2026-09-20 00:19:47.367 | DEBUG    | strategies.copy_trading:_poll_wallets:353 - Poll error for BCagckXe: 9a3e97db-abca-4bc8-bc9d-a4c2295c2738
2026-09-20 00:19:47.367 | DEBUG    | strategies.copy_trading:_poll_wallets:353 - Poll error for H812jAz5: 9a3e97db-abca-4bc8-bc9d-a4c2295c2738
2026-09-20 00:19:47.367 | DEBUG    | strategies.copy_trading:_poll_wallets:353 - Poll error for 2fg5QD1e: 9a3e97db-abca-4bc8-bc9d-a4c2295c2738
2026-09-20 00:19:47.367 | DEBUG    | strategies.copy_trading:_poll_wallets:353 - Poll error for suqh5sHt: 9a3e97db-abca-4bc8-bc9d-a4c2295c2738
2026-09-20 00:19:47.367 | DEBUG    | strategies.copy_trading:_poll_wallets:353 - Poll error for XDgpjPub: 9a3e97db-abca-4bc8-bc9d-a4c2295c2738
2026-09-20 00:19:47.367 | DEBUG    | strategies.copy_trading:_poll_wallets:353 - Poll error for 7NAd2EpY: 9a3e97db-abca-4bc8-bc9d-a4c2295c2738
2026-09-20 00:19:47.368 | DEBUG    | strategies.copy_trading:_poll_wallets:353 - Poll error for FxN3VZ4B: 9a3e97db-abca-4bc8-bc9d-a4c2295c2738
2026-09-20 00:19:47.368 | DEBUG    | strategies.copy_trading:_poll_wallets:353 - Poll error for CyaE1Vxv: 9a3e97db-abca-4bc8-bc9d-a4c2295c2738
2026-09-20 00:19:48.874 | DEBUG    | strategies.copy_trading:_poll_wallets:353 - Poll error for BaLCEtq6: 9a3e97db-abca-4bc8-bc9d-a4c2295c2738
2026-09-20 00:19:48.874 | DEBUG    | strategies.copy_trading:_poll_wallets:353 - Poll error for 26kZ9rg8: 9a3e97db-abca-4bc8-bc9d-a4c2295c2738
2026-09-20 00:19:48.875 | DEBUG    | strategies.copy_trading:_poll_wallets:353 - Poll error for BCagckXe: 9a3e97db-abca-4bc8-bc9d-a4c2295c2738
2026-09-20 00:19:48.875 | DEBUG    | strategies.copy_trading:_poll_wallets:353 - Poll error for H812jAz5: 9a3e97db-abca-4bc8-bc9d-a4c2295c2738
2026-09-20 00:19:48.875 | DEBUG    | strategies.copy_trading:_poll_wallets:353 - Poll error for 2fg5QD1e: 9a3e97db-abca-4bc8-bc9d-a4c2295c2738
2026-09-20 00:19:48.875 | DEBUG    | strategies.copy_trading:_poll_wallets:353 - Poll error for suqh5sHt: 9a3e97db-abca-4bc8-bc9d-a4c2295c2738
2026-09-20 00:19:48.875 | DEBUG    | strategies.copy_trading:_poll_wallets:353 - Poll error for XDgpjPub: 9a3e97db-abca-4bc8-bc9d-a4c2295c2738
2026-09-20 00:19:48.876 | DEBUG    | strategies.copy_trading:_poll_wallets:353 - Poll error for 7NAd2EpY: 9a3e97db-abca-4bc8-bc9d-a4c2295c2738
2026-09-20 00:19:48.876 | DEBUG    | strategies.copy_trading:_poll_wallets:353 - Poll error for FxN3VZ4B: 9a3e97db-abca-4bc8-bc9d-a4c2295c2738
2026-09-20 00:19:48.877 | DEBUG    | strategies.copy_trading:_poll_wallets:353 - Poll error for CyaE1Vxv: 9a3e97db-abca-4bc8-bc9d-a4c2295c2738
2026-09-20 00:19:50.378 | DEBUG    | strategies.copy_trading:_poll_wallets:353 - Poll error for BaLCEtq6: 9a3e97db-abca-4bc8-bc9d-a4c2295c2738
2026-09-20 00:19:50.378 | DEBUG    | strategies.copy_trading:_poll_wallets:353 - Poll error for 26kZ9rg8: 9a3e97db-abca-4bc8-bc9d-a4c2295c2738
2026-09-20 00:19:50.379 | DEBUG    | strategies.copy_trading:_poll_wallets:353 - Poll error for BCagckXe: 9a3e97db-abca-4bc8-bc9d-a4c2295c2738
2026-09-20 00:19:50.379 | DEBUG    | strategies.copy_trading:_poll_wallets:353 - Poll error for H812jAz5: 9a3e97db-abca-4bc8-bc9d-a4c2295c2738
2026-09-20 00:19:50.379 | DEBUG    | strategies.copy_trading:_poll_wallets:353 - Poll error for 2fg5QD1e: 9a3e97db-abca-4bc8-bc9d-a4c2295c2738
2026-09-20 00:19:50.379 | DEBUG    | strategies.copy_trading:_poll_wallets:353 - Poll error for suqh5sHt: 9a3e97db-abca-4bc8-bc9d-a4c2295c2738
2026-09-20 00:19:50.379 | DEBUG    | strategies.copy_trading:_poll_wallets:353 - Poll error for XDgpjPub: 9a3e97db-abca-4bc8-bc9d-a4c2295c2738
2026-09-20 00:19:50.379 | DEBUG    | strategies.copy_trading:_poll_wallets:353 - Poll error for 7NAd2EpY: 9a3e97db-abca-4bc8-bc9d-a4c2295c2738
2026-09-20 00:19:50.379 | DEBUG    | strategies.copy_trading:_poll_wallets:353 - Poll error for FxN3VZ4B: 9a3e97db-abca-4bc8-bc9d-a4c2295c2738
2026-09-20 00:19:50.379 | DEBUG    | strategies.copy_trading:_poll_wallets:353 - Poll error for CyaE1Vxv: 9a3e97db-abca-4bc8-bc9d-a4c2295c2738
2026-09-20 00:19:51.880 | DEBUG    | strategies.copy_trading:_poll_wallets:353 - Poll error for BaLCEtq6: 9a3e97db-abca-4bc8-bc9d-a4c2295c2738
2026-09-20 00:19:51.880 | DEBUG    | strategies.copy_trading:_poll_wallets:353 - Poll error for 26kZ9rg8: 9a3e97db-abca-4bc8-bc9d-a4c2295c2738
2026-09-20 00:19:51.880 | DEBUG    | strategies.copy_trading:_poll_wallets:353 - Poll error for BCagckXe: 9a3e97db-abca-4bc8-bc9d-a4c2295c2738
2026-09-20 00:19:51.880 | DEBUG    | strategies.copy_trading:_poll_wallets:353 - Poll error for H812jAz5: 9a3e97db-abca-4bc8-bc9d-a4c2295c2738
2026-09-20 00:19:51.880 | DEBUG    | strategies.copy_trading:_poll_wallets:353 - Poll error for 2fg5QD1e: 9a3e97db-abca-4bc8-bc9d-a4c2295c2738
2026-09-20 00:19:51.880 | DEBUG    | strategies.copy_trading:_poll_wallets:353 - Poll error for suqh5sHt: 9a3e97db-abca-4bc8-bc9d-a4c2295c2738
2026-09-20 00:19:51.880 | DEBUG    | strategies.copy_trading:_poll_wallets:353 - Poll error for XDgpjPub: 9a3e97db-abca-4bc8-bc9d-a4c2295c2738
2026-09-20 00:19:51.880 | DEBUG    | strategies.copy_trading:_poll_wallets:353 - Poll error for 7NAd2EpY: 9a3e97db-abca-4bc8-bc9d-a4c2295c2738
2026-09-20 00:19:51.880 | DEBUG    | strategies.copy_trading:_poll_wallets:353 - Poll error for FxN3VZ4B: 9a3e97db-abca-4bc8-bc9d-a4c2295c2738
2026-09-20 00:19:51.881 | DEBUG    | strategies.copy_trading:_poll_wallets:353 - Poll error for CyaE1Vxv: 9a3e97db-abca-4bc8-bc9d-a4c2295c2738
2026-09-20 00:19:53.381 | DEBUG    | strategies.copy_trading:_poll_wallets:353 - Poll error for BaLCEtq6: 9a3e97db-abca-4bc8-bc9d-a4c2295c2738
2026-09-20 00:19:53.382 | DEBUG    | strategies.copy_trading:_poll_wallets:353 - Poll error for 26kZ9rg8: 9a3e97db-abca-4bc8-bc9d-a4c2295c2738
2026-09-20 00:19:53.382 | DEBUG    | strategies.copy_trading:_poll_wallets:353 - Poll error for BCagckXe: 9a3e97db-abca-4bc8-bc9d-a4c2295c2738
2026-09-20 00:19:53.382 | DEBUG    | strategies.copy_trading:_poll_wallets:353 - Poll error for H812jAz5: 9a3e97db-abca-4bc8-bc9d-a4c2295c2738
2026-09-20 00:19:53.382 | DEBUG    | strategies.copy_trading:_poll_wallets:353 - Poll error for 2fg5QD1e: 9a3e97db-abca-4bc8-bc9d-a4c2295c2738
2026-09-20 00:19:53.382 | DEBUG    | strategies.copy_trading:_poll_wallets:353 - Poll error for suqh5sHt: 9a3e97db-abca-4bc8-bc9d-a4c2295c2738
2026-09-20 00:19:53.382 | DEBUG    | strategies.copy_trading:_poll_wallets:353 - Poll error for XDgpjPub: 9a3e97db-abca-4bc8-bc9d-a4c2295c2738
2026-09-20 00:19:53.382 | DEBUG    | strategies.copy_trading:_poll_wallets:353 - Poll error for 7NAd2EpY: 9a3e97db-abca-4bc8-bc9d-a4c2295c2738
2026-09-20 00:19:53.382 | DEBUG    | strategies.copy_trading:_poll_wallets:353 - Poll error for FxN3VZ4B: 9a3e97db-abca-4bc8-bc9d-a4c2295c2738
2026-09-20 00:19:53.382 | DEBUG    | strategies.copy_trading:_poll_wallets:353 - Poll error for CyaE1Vxv: 9a3e97db-abca-4bc8-bc9d-a4c2295c2738
2026-09-20 00:19:54.883 | DEBUG    | strategies.copy_trading:_poll_wallets:353 - Poll error for BaLCEtq6: 9a3e97db-abca-4bc8-bc9d-a4c2295c2738
2026-09-20 00:19:54.883 | DEBUG    | strategies.copy_trading:_poll_wallets:353 - Poll error for 26kZ9rg8: 9a3e97db-abca-4bc8-bc9d-a4c2295c2738
2026-09-20 00:19:54.883 | DEBUG    | strategies.copy_trading:_poll_wallets:353 - Poll error for BCagckXe: 9a3e97db-abca-4bc8-bc9d-a4c2295c2738
2026-09-20 00:19:54.884 | DEBUG    | strategies.copy_trading:_poll_wallets:353 - Poll error for H812jAz5: 9a3e97db-abca-4bc8-bc9d-a4c2295c2738
2026-09-20 00:19:54.884 | DEBUG    | strategies.copy_trading:_poll_wallets:353 - Poll error for 2fg5QD1e: 9a3e97db-abca-4bc8-bc9d-a4c2295c2738
2026-09-20 00:19:54.884 | DEBUG    | strategies.copy_trading:_poll_wallets:353 - Poll error for suqh5sHt: 9a3e97db-abca-4bc8-bc9d-a4c2295c2738
2026-09-20 00:19:54.884 | DEBUG    | strategies.copy_trading:_poll_wallets:353 - Poll error for XDgpjPub: 9a3e97db-abca-4bc8-bc9d-a4c2295c2738
2026-09-20 00:19:54.884 | DEBUG    | strategies.copy_trading:_poll_wallets:353 - Poll error for 7NAd2EpY: 9a3e97db-abca-4bc8-bc9d-a4c2295c2738
2026-09-20 00:19:54.884 | DEBUG    | strategies.copy_trading:_poll_wallets:353 - Poll error for FxN3VZ4B: 9a3e97db-abca-4bc8-bc9d-a4c2295c2738
2026-09-20 00:19:54.884 | DEBUG    | strategies.copy_trading:_poll_wallets:353 - Poll error for CyaE1Vxv: 9a3e97db-abca-4bc8-bc9d-a4c2295c2738
2026-09-20 00:19:56.385 | DEBUG    | strategies.copy_trading:_poll_wallets:353 - Poll error for BaLCEtq6: 9a3e97db-abca-4bc8-bc9d-a4c2295c2738
2026-09-20 00:19:56.385 | DEBUG    | strategies.copy_trading:_poll_wallets:353 - Poll error for 26kZ9rg8: 9a3e97db-abca-4bc8-bc9d-a4c2295c2738
2026-09-20 00:19:56.385 | DEBUG    | strategies.copy_trading:_poll_wallets:353 - Poll error for BCagckXe: 9a3e97db-abca-4bc8-bc9d-a4c2295c2738
2026-09-20 00:19:56.386 | DEBUG    | strategies.copy_trading:_poll_wallets:353 - Poll error for H812jAz5: 9a3e97db-abca-4bc8-bc9d-a4c2295c2738
2026-09-20 00:19:56.386 | DEBUG    | strategies.copy_trading:_poll_wallets:353 - Poll error for 2fg5QD1e: 9a3e97db-abca-4bc8-bc9d-a4c2295c2738
2026-09-20 00:19:56.386 | DEBUG    | strategies.copy_trading:_poll_wallets:353 - Poll error for suqh5sHt: 9a3e97db-abca-4bc8-bc9d-a4c2295c2738
2026-09-20 00:19:56.386 | DEBUG    | strategies.copy_trading:_poll_wallets:353 - Poll error for XDgpjPub: 9a3e97db-abca-4bc8-bc9d-a4c2295c2738
2026-09-20 00:19:56.386 | DEBUG    | strategies.copy_trading:_poll_wallets:353 - Poll error for 7NAd2EpY: 9a3e97db-abca-4bc8-bc9d-a4c2295c2738
2026-09-20 00:19:56.386 | DEBUG    | strategies.copy_trading:_poll_wallets:353 - Poll error for FxN3VZ4B: 9a3e97db-abca-4bc8-bc9d-a4c2295c2738
2026-09-20 00:19:56.386 | DEBUG    | strategies.copy_trading:_poll_wallets:353 - Poll error for CyaE1Vxv: 9a3e97db-abca-4bc8-bc9d-a4c2295c2738
2026-09-20 00:19:57.886 | DEBUG    | strategies.copy_trading:_poll_wallets:353 - Poll error for BaLCEtq6: 9a3e97db-abca-4bc8-bc9d-a4c2295c2738
2026-09-20 00:19:57.887 | DEBUG    | strategies.copy_trading:_poll_wallets:353 - Poll error for 26kZ9rg8: 9a3e97db-abca-4bc8-bc9d-a4c2295c2738
2026-09-20 00:19:57.887 | DEBUG    | strategies.copy_trading:_poll_wallets:353 - Poll error for BCagckXe: 9a3e97db-abca-4bc8-bc9d-a4c2295c2738
2026-09-20 00:19:57.887 | DEBUG    | strategies.copy_trading:_poll_wallets:353 - Poll error for H812jAz5: 9a3e97db-abca-4bc8-bc9d-a4c2295c2738
2026-09-20 00:19:57.887 | DEBUG    | strategies.copy_trading:_poll_wallets:353 - Poll error for 2fg5QD1e: 9a3e97db-abca-4bc8-bc9d-a4c2295c2738
2026-09-20 00:19:57.887 | DEBUG    | strategies.copy_trading:_poll_wallets:353 - Poll error for suqh5sHt: 9a3e97db-abca-4bc8-bc9d-a4c2295c2738
2026-09-20 00:19:57.887 | DEBUG    | strategies.copy_trading:_poll_wallets:353 - Poll error for XDgpjPub: 9a3e97db-abca-4bc8-bc9d-a4c2295c2738
2026-09-20 00:19:57.887 | DEBUG    | strategies.copy_trading:_poll_wallets:353 - Poll error for 7NAd2EpY: 9a3e97db-abca-4bc8-bc9d-a4c2295c2738
2026-09-20 00:19:57.887 | DEBUG    | strategies.copy_trading:_poll_wallets:353 - Poll error for FxN3VZ4B: 9a3e97db-abca-4bc8-bc9d-a4c2295c2738
2026-09-20 00:19:57.887 | DEBUG    | strategies.copy_trading:_poll_wallets:353 - Poll error for CyaE1Vxv: 9a3e97db-abca-4bc8-bc9d-a4c2295c2738
2026-09-20 00:19:59.389 | DEBUG    | strategies.copy_trading:_poll_wallets:353 - Poll error for BaLCEtq6: 9a3e97db-abca-4bc8-bc9d-a4c2295c2738
2026-09-20 00:19:59.389 | DEBUG    | strategies.copy_trading:_poll_wallets:353 - Poll error for 26kZ9rg8: 9a3e97db-abca-4bc8-bc9d-a4c2295c2738
2026-09-20 00:19:59.389 | DEBUG    | strategies.copy_trading:_poll_wallets:353 - Poll error for BCagckXe: 9a3e97db-abca-4bc8-bc9d-a4c2295c2738
2026-09-20 00:19:59.389 | DEBUG    | strategies.copy_trading:_poll_wallets:353 - Poll error for H812jAz5: 9a3e97db-abca-4bc8-bc9d-a4c2295c2738
2026-09-20 00:19:59.389 | DEBUG    | strategies.copy_trading:_poll_wallets:353 - Poll error for 2fg5QD1e: 9a3e97db-abca-4bc8-bc9d-a4c2295c2738
2026-09-20 00:19:59.389 | DEBUG    | strategies.copy_trading:_poll_wallets:353 - Poll error for suqh5sHt: 9a3e97db-abca-4bc8-bc9d-a4c2295c2738
2026-09-20 00:19:59.389 | DEBUG    | strategies.copy_trading:_poll_wallets:353 - Poll error for XDgpjPub: 9a3e97db-abca-4bc8-bc9d-a4c2295c2738
2026-09-20 00:19:59.389 | DEBUG    | strategies.copy_trading:_poll_wallets:353 - Poll error for 7NAd2EpY: 9a3e97db-abca-4bc8-bc9d-a4c2295c2738
2026-09-20 00:19:59.389 | DEBUG    | strategies.copy_trading:_poll_wallets:353 - Poll error for FxN3VZ4B: 9a3e97db-abca-4bc8-bc9d-a4c2295c2738
2026-09-20 00:19:59.389 | DEBUG    | strategies.copy_trading:_poll_wallets:353 - Poll error for CyaE1Vxv: 9a3e97db-abca-4bc8-bc9d-a4c2295c2738
2026-09-20 00:20:00.891 | DEBUG    | strategies.copy_trading:_poll_wallets:353 - Poll error for BaLCEtq6: 9a3e97db-abca-4bc8-bc9d-a4c2295c2738
2026-09-20 00:20:00.891 | DEBUG    | strategies.copy_trading:_poll_wallets:353 - Poll error for 26kZ9rg8: 9a3e97db-abca-4bc8-bc9d-a4c2295c2738
2026-09-20 00:20:00.891 | DEBUG    | strategies.copy_trading:_poll_wallets:353 - Poll error for BCagckXe: 9a3e97db-abca-4bc8-bc9d-a4c2295c2738
2026-09-20 00:20:00.891 | DEBUG    | strategies.copy_trading:_poll_wallets:353 - Poll error for H812jAz5: 9a3e97db-abca-4bc8-bc9d-a4c2295c2738
2026-09-20 00:20:00.891 | DEBUG    | strategies.copy_trading:_poll_wallets:353 - Poll error for 2fg5QD1e: 9a3e97db-abca-4bc8-bc9d-a4c2295c2738
2026-09-20 00:20:00.891 | DEBUG    | strategies.copy_trading:_poll_wallets:353 - Poll error for suqh5sHt: 9a3e97db-abca-4bc8-bc9d-a4c2295c2738
2026-09-20 00:20:00.891 | DEBUG    | strategies.copy_trading:_poll_wallets:353 - Poll error for XDgpjPub: 9a3e97db-abca-4bc8-bc9d-a4c2295c2738
2026-09-20 00:20:00.892 | DEBUG    | strategies.copy_trading:_poll_wallets:353 - Poll error for 7NAd2EpY: 9a3e97db-abca-4bc8-bc9d-a4c2295c2738
2026-09-20 00:20:00.892 | DEBUG    | strategies.copy_trading:_poll_wallets:353 - Poll error for FxN3VZ4B: 9a3e97db-abca-4bc8-bc9d-a4c2295c2738
2026-09-20 00:20:00.892 | DEBUG    | strategies.copy_trading:_poll_wallets:353 - Poll error for CyaE1Vxv: 9a3e97db-abca-4bc8-bc9d-a4c2295c2738
2026-09-20 00:20:02.392 | DEBUG    | strategies.copy_trading:_poll_wallets:353 - Poll error for BaLCEtq6: 9a3e97db-abca-4bc8-bc9d-a4c2295c2738
2026-09-20 00:20:02.393 | DEBUG    | strategies.copy_trading:_poll_wallets:353 - Poll error for 26kZ9rg8: 9a3e97db-abca-4bc8-bc9d-a4c2295c2738
2026-09-20 00:20:02.393 | DEBUG    | strategies.copy_trading:_poll_wallets:353 - Poll error for BCagckXe: 9a3e97db-abca-4bc8-bc9d-a4c2295c2738
2026-09-20 00:20:02.393 | DEBUG    | strategies.copy_trading:_poll_wallets:353 - Poll error for H812jAz5: 9a3e97db-abca-4bc8-bc9d-a4c2295c2738
2026-09-20 00:20:02.393 | DEBUG    | strategies.copy_trading:_poll_wallets:353 - Poll error for 2fg5QD1e: 9a3e97db-abca-4bc8-bc9d-a4c2295c2738
2026-09-20 00:20:02.393 | DEBUG    | strategies.copy_trading:_poll_wallets:353 - Poll error for suqh5sHt: 9a3e97db-abca-4bc8-bc9d-a4c2295c2738
2026-09-20 00:20:02.393 | DEBUG    | strategies.copy_trading:_poll_wallets:353 - Poll error for XDgpjPub: 9a3e97db-abca-4bc8-bc9d-a4c2295c2738
2026-09-20 00:20:02.393 | DEBUG    | strategies.copy_trading:_poll_wallets:353 - Poll error for 7NAd2EpY: 9a3e97db-abca-4bc8-bc9d-a4c2295c2738
2026-09-20 00:20:02.393 | DEBUG    | strategies.copy_trading:_poll_wallets:353 - Poll error for FxN3VZ4B: 9a3e97db-abca-4bc8-bc9d-a4c2295c2738
2026-09-20 00:20:02.393 | DEBUG    | strategies.copy_trading:_poll_wallets:353 - Poll error for CyaE1Vxv: 9a3e97db-abca-4bc8-bc9d-a4c2295c2738
2026-09-20 00:20:03.894 | DEBUG    | strategies.copy_trading:_poll_wallets:353 - Poll error for BaLCEtq6: 9a3e97db-abca-4bc8-bc9d-a4c2295c2738
2026-09-20 00:20:03.894 | DEBUG    | strategies.copy_trading:_poll_wallets:353 - Poll error for 26kZ9rg8: 9a3e97db-abca-4bc8-bc9d-a4c2295c2738
2026-09-20 00:20:03.895 | DEBUG    | strategies.copy_trading:_poll_wallets:353 - Poll error for BCagckXe: 9a3e97db-abca-4bc8-bc9d-a4c2295c2738
2026-09-20 00:20:03.895 | DEBUG    | strategies.copy_trading:_poll_wallets:353 - Poll error for H812jAz5: 9a3e97db-abca-4bc8-bc9d-a4c2295c2738
2026-09-20 00:20:03.895 | DEBUG    | strategies.copy_trading:_poll_wallets:353 - Poll error for 2fg5QD1e: 9a3e97db-abca-4bc8-bc9d-a4c2295c2738
2026-09-20 00:20:03.895 | DEBUG    | strategies.copy_trading:_poll_wallets:353 - Poll error for suqh5sHt: 9a3e97db-abca-4bc8-bc9d-a4c2295c2738
2026-09-20 00:20:03.895 | DEBUG    | strategies.copy_trading:_poll_wallets:353 - Poll error for XDgpjPub: 9a3e97db-abca-4bc8-bc9d-a4c2295c2738
2026-09-20 00:20:03.895 | DEBUG    | strategies.copy_trading:_poll_wallets:353 - Poll error for 7NAd2EpY: 9a3e97db-abca-4bc8-bc9d-a4c2295c2738
2026-09-20 00:20:03.895 | DEBUG    | strategies.copy_trading:_poll_wallets:353 - Poll error for FxN3VZ4B: 9a3e97db-abca-4bc8-bc9d-a4c2295c2738
2026-09-20 00:20:03.895 | DEBUG    | strategies.copy_trading:_poll_wallets:353 - Poll error for CyaE1Vxv: 9a3e97db-abca-4bc8-bc9d-a4c2295c2738
2026-09-20 00:20:05.395 | DEBUG    | strategies.copy_trading:_poll_wallets:353 - Poll error for BaLCEtq6: 9a3e97db-abca-4bc8-bc9d-a4c2295c2738
2026-09-20 00:20:05.396 | DEBUG    | strategies.copy_trading:_poll_wallets:353 - Poll error for 26kZ9rg8: 9a3e97db-abca-4bc8-bc9d-a4c2295c2738
2026-09-20 00:20:05.396 | DEBUG    | strategies.copy_trading:_poll_wallets:353 - Poll error for BCagckXe: 9a3e97db-abca-4bc8-bc9d-a4c2295c2738
2026-09-20 00:20:05.396 | DEBUG    | strategies.copy_trading:_poll_wallets:353 - Poll error for H812jAz5: 9a3e97db-abca-4bc8-bc9d-a4c2295c2738
2026-09-20 00:20:05.396 | DEBUG    | strategies.copy_trading:_poll_wallets:353 - Poll error for 2fg5QD1e: 9a3e97db-abca-4bc8-bc9d-a4c2295c2738
2026-09-20 00:20:05.396 | DEBUG    | strategies.copy_trading:_poll_wallets:353 - Poll error for suqh5sHt: 9a3e97db-abca-4bc8-bc9d-a4c2295c2738
2026-09-20 00:20:05.396 | DEBUG    | strategies.copy_trading:_poll_wallets:353 - Poll error for XDgpjPub: 9a3e97db-abca-4bc8-bc9d-a4c2295c2738
2026-09-20 00:20:05.396 | DEBUG    | strategies.copy_trading:_poll_wallets:353 - Poll error for 7NAd2EpY: 9a3e97db-abca-4bc8-bc9d-a4c2295c2738
2026-09-20 00:20:05.396 | DEBUG    | strategies.copy_trading:_poll_wallets:353 - Poll error for FxN3VZ4B: 9a3e97db-abca-4bc8-bc9d-a4c2295c2738
2026-09-20 00:20:05.396 | DEBUG    | strategies.copy_trading:_poll_wallets:353 - Poll error for CyaE1Vxv: 9a3e97db-abca-4bc8-bc9d-a4c2295c2738
2026-09-20 00:20:06.896 | DEBUG    | strategies.copy_trading:_poll_wallets:353 - Poll error for BaLCEtq6: 9a3e97db-abca-4bc8-bc9d-a4c2295c2738
2026-09-20 00:20:06.897 | DEBUG    | strategies.copy_trading:_poll_wallets:353 - Poll error for 26kZ9rg8: 9a3e97db-abca-4bc8-bc9d-a4c2295c2738
2026-09-20 00:20:06.897 | DEBUG    | strategies.copy_trading:_poll_wallets:353 - Poll error for BCagckXe: 9a3e97db-abca-4bc8-bc9d-a4c2295c2738
2026-09-20 00:20:06.897 | DEBUG    | strategies.copy_trading:_poll_wallets:353 - Poll error for H812jAz5: 9a3e97db-abca-4bc8-bc9d-a4c2295c2738
2026-09-20 00:20:06.897 | DEBUG    | strategies.copy_trading:_poll_wallets:353 - Poll error for 2fg5QD1e: 9a3e97db-abca-4bc8-bc9d-a4c2295c2738
2026-09-20 00:20:06.897 | DEBUG    | strategies.copy_trading:_poll_wallets:353 - Poll error for suqh5sHt: 9a3e97db-abca-4bc8-bc9d-a4c2295c2738
2026-09-20 00:20:06.897 | DEBUG    | strategies.copy_trading:_poll_wallets:353 - Poll error for XDgpjPub: 9a3e97db-abca-4bc8-bc9d-a4c2295c2738
2026-09-20 00:20:06.897 | DEBUG    | strategies.copy_trading:_poll_wallets:353 - Poll error for 7NAd2EpY: 9a3e97db-abca-4bc8-bc9d-a4c2295c2738
2026-09-20 00:20:06.897 | DEBUG    | strategies.copy_trading:_poll_wallets:353 - Poll error for FxN3VZ4B: 9a3e97db-abca-4bc8-bc9d-a4c2295c2738
2026-09-20 00:20:06.897 | DEBUG    | strategies.copy_trading:_poll_wallets:353 - Poll error for CyaE1Vxv: 9a3e97db-abca-4bc8-bc9d-a4c2295c2738
2026-09-20 00:20:08.398 | DEBUG    | strategies.copy_trading:_poll_wallets:353 - Poll error for BaLCEtq6: 9a3e97db-abca-4bc8-bc9d-a4c2295c2738
2026-09-20 00:20:08.398 | DEBUG    | strategies.copy_trading:_poll_wallets:353 - Poll error for 26kZ9rg8: 9a3e97db-abca-4bc8-bc9d-a4c2295c2738
2026-09-20 00:20:08.398 | DEBUG    | strategies.copy_trading:_poll_wallets:353 - Poll error for BCagckXe: 9a3e97db-abca-4bc8-bc9d-a4c2295c2738
2026-09-20 00:20:08.398 | DEBUG    | strategies.copy_trading:_poll_wallets:353 - Poll error for H812jAz5: 9a3e97db-abca-4bc8-bc9d-a4c2295c2738
2026-09-20 00:20:08.398 | DEBUG    | strategies.copy_trading:_poll_wallets:353 - Poll error for 2fg5QD1e: 9a3e97db-abca-4bc8-bc9d-a4c2295c2738
2026-09-20 00:20:08.398 | DEBUG    | strategies.copy_trading:_poll_wallets:353 - Poll error for suqh5sHt: 9a3e97db-abca-4bc8-bc9d-a4c2295c2738
2026-09-20 00:20:08.398 | DEBUG    | strategies.copy_trading:_poll_wallets:353 - Poll error for XDgpjPub: 9a3e97db-abca-4bc8-bc9d-a4c2295c2738
2026-09-20 00:20:08.399 | DEBUG    | strategies.copy_trading:_poll_wallets:353 - Poll error for 7NAd2EpY: 9a3e97db-abca-4bc8-bc9d-a4c2295c2738
2026-09-20 00:20:08.399 | DEBUG    | strategies.copy_trading:_poll_wallets:353 - Poll error for FxN3VZ4B: 9a3e97db-abca-4bc8-bc9d-a4c2295c2738
2026-09-20 00:20:08.399 | DEBUG    | strategies.copy_trading:_poll_wallets:353 - Poll error for CyaE1Vxv: 9a3e97db-abca-4bc8-bc9d-a4c2295c2738
2026-09-20 00:20:09.900 | DEBUG    | strategies.copy_trading:_poll_wallets:353 - Poll error for BaLCEtq6: 9a3e97db-abca-4bc8-bc9d-a4c2295c2738
2026-09-20 00:20:09.900 | DEBUG    | strategies.copy_trading:_poll_wallets:353 - Poll error for 26kZ9rg8: 9a3e97db-abca-4bc8-bc9d-a4c2295c2738
2026-09-20 00:20:09.900 | DEBUG    | strategies.copy_trading:_poll_wallets:353 - Poll error for BCagckXe: 9a3e97db-abca-4bc8-bc9d-a4c2295c2738
2026-09-20 00:20:09.900 | DEBUG    | strategies.copy_trading:_poll_wallets:353 - Poll error for H812jAz5: 9a3e97db-abca-4bc8-bc9d-a4c2295c2738
2026-09-20 00:20:09.900 | DEBUG    | strategies.copy_trading:_poll_wallets:353 - Poll error for 2fg5QD1e: 9a3e97db-abca-4bc8-bc9d-a4c2295c2738
2026-09-20 00:20:09.900 | DEBUG    | strategies.copy_trading:_poll_wallets:353 - Poll error for suqh5sHt: 9a3e97db-abca-4bc8-bc9d-a4c2295c2738
2026-09-20 00:20:09.900 | DEBUG    | strategies.copy_trading:_poll_wallets:353 - Poll error for XDgpjPub: 9a3e97db-abca-4bc8-bc9d-a4c2295c2738
2026-09-20 00:20:09.900 | DEBUG    | strategies.copy_trading:_poll_wallets:353 - Poll error for 7NAd2EpY: 9a3e97db-abca-4bc8-bc9d-a4c2295c2738
2026-09-20 00:20:09.900 | DEBUG    | strategies.copy_trading:_poll_wallets:353 - Poll error for FxN3VZ4B: 9a3e97db-abca-4bc8-bc9d-a4c2295c2738
2026-09-20 00:20:09.900 | DEBUG    | strategies.copy_trading:_poll_wallets:353 - Poll error for CyaE1Vxv: 9a3e97db-abca-4bc8-bc9d-a4c2295c2738
2026-09-20 00:20:11.401 | DEBUG    | strategies.copy_trading:_poll_wallets:353 - Poll error for BaLCEtq6: 9a3e97db-abca-4bc8-bc9d-a4c2295c2738
2026-09-20 00:20:11.401 | DEBUG    | strategies.copy_trading:_poll_wallets:353 - Poll error for 26kZ9rg8: 9a3e97db-abca-4bc8-bc9d-a4c2295c2738
2026-09-20 00:20:11.401 | DEBUG    | strategies.copy_trading:_poll_wallets:353 - Poll error for BCagckXe: 9a3e97db-abca-4bc8-bc9d-a4c2295c2738
2026-09-20 00:20:11.401 | DEBUG    | strategies.copy_trading:_poll_wallets:353 - Poll error for H812jAz5: 9a3e97db-abca-4bc8-bc9d-a4c2295c2738
2026-09-20 00:20:11.401 | DEBUG    | strategies.copy_trading:_poll_wallets:353 - Poll error for 2fg5QD1e: 9a3e97db-abca-4bc8-bc9d-a4c2295c2738
2026-09-20 00:20:11.402 | DEBUG    | strategies.copy_trading:_poll_wallets:353 - Poll error for suqh5sHt: 9a3e97db-abca-4bc8-bc9d-a4c2295c2738
2026-09-20 00:20:11.402 | DEBUG    | strategies.copy_trading:_poll_wallets:353 - Poll error for XDgpjPub: 9a3e97db-abca-4bc8-bc9d-a4c2295c2738
2026-09-20 00:20:11.402 | DEBUG    | strategies.copy_trading:_poll_wallets:353 - Poll error for 7NAd2EpY: 9a3e97db-abca-4bc8-bc9d-a4c2295c2738
2026-09-20 00:20:11.402 | DEBUG    | strategies.copy_trading:_poll_wallets:353 - Poll error for FxN3VZ4B: 9a3e97db-abca-4bc8-bc9d-a4c2295c2738
2026-09-20 00:20:11.402 | DEBUG    | strategies.copy_trading:_poll_wallets:353 - Poll error for CyaE1Vxv: 9a3e97db-abca-4bc8-bc9d-a4c2295c2738
2026-09-20 00:20:12.902 | DEBUG    | strategies.copy_trading:_poll_wallets:353 - Poll error for BaLCEtq6: 9a3e97db-abca-4bc8-bc9d-a4c2295c2738
2026-09-20 00:20:12.903 | DEBUG    | strategies.copy_trading:_poll_wallets:353 - Poll error for 26kZ9rg8: 9a3e97db-abca-4bc8-bc9d-a4c2295c2738
2026-09-20 00:20:12.903 | DEBUG    | strategies.copy_trading:_poll_wallets:353 - Poll error for BCagckXe: 9a3e97db-abca-4bc8-bc9d-a4c2295c2738
2026-09-20 00:20:12.903 | DEBUG    | strategies.copy_trading:_poll_wallets:353 - Poll error for H812jAz5: 9a3e97db-abca-4bc8-bc9d-a4c2295c2738
2026-09-20 00:20:12.903 | DEBUG    | strategies.copy_trading:_poll_wallets:353 - Poll error for 2fg5QD1e: 9a3e97db-abca-4bc8-bc9d-a4c2295c2738
2026-09-20 00:20:12.903 | DEBUG    | strategies.copy_trading:_poll_wallets:353 - Poll error for suqh5sHt: 9a3e97db-abca-4bc8-bc9d-a4c2295c2738
2026-09-20 00:20:12.903 | DEBUG    | strategies.copy_trading:_poll_wallets:353 - Poll error for XDgpjPub: 9a3e97db-abca-4bc8-bc9d-a4c2295c2738
2026-09-20 00:20:12.903 | DEBUG    | strategies.copy_trading:_poll_wallets:353 - Poll error for 7NAd2EpY: 9a3e97db-abca-4bc8-bc9d-a4c2295c2738
2026-09-20 00:20:12.903 | DEBUG    | strategies.copy_trading:_poll_wallets:353 - Poll error for FxN3VZ4B: 9a3e97db-abca-4bc8-bc9d-a4c2295c2738
2026-09-20 00:20:12.904 | DEBUG    | strategies.copy_trading:_poll_wallets:353 - Poll error for CyaE1Vxv: 9a3e97db-abca-4bc8-bc9d-a4c2295c2738
2026-09-20 00:20:14.404 | DEBUG    | strategies.copy_trading:_poll_wallets:353 - Poll error for BaLCEtq6: 9a3e97db-abca-4bc8-bc9d-a4c2295c2738
2026-09-20 00:20:14.405 | DEBUG    | strategies.copy_trading:_poll_wallets:353 - Poll error for 26kZ9rg8: 9a3e97db-abca-4bc8-bc9d-a4c2295c2738
2026-09-20 00:20:14.405 | DEBUG    | strategies.copy_trading:_poll_wallets:353 - Poll error for BCagckXe: 9a3e97db-abca-4bc8-bc9d-a4c2295c2738
2026-09-20 00:20:14.405 | DEBUG    | strategies.copy_trading:_poll_wallets:353 - Poll error for H812jAz5: 9a3e97db-abca-4bc8-bc9d-a4c2295c2738
2026-09-20 00:20:14.405 | DEBUG    | strategies.copy_trading:_poll_wallets:353 - Poll error for 2fg5QD1e: 9a3e97db-abca-4bc8-bc9d-a4c2295c2738
2026-09-20 00:20:14.405 | DEBUG    | strategies.copy_trading:_poll_wallets:353 - Poll error for suqh5sHt: 9a3e97db-abca-4bc8-bc9d-a4c2295c2738
2026-09-20 00:20:14.405 | DEBUG    | strategies.copy_trading:_poll_wallets:353 - Poll error for XDgpjPub: 9a3e97db-abca-4bc8-bc9d-a4c2295c2738
2026-09-20 00:20:14.405 | DEBUG    | strategies.copy_trading:_poll_wallets:353 - Poll error for 7NAd2EpY: 9a3e97db-abca-4bc8-bc9d-a4c2295c2738
2026-09-20 00:20:14.405 | DEBUG    | strategies.copy_trading:_poll_wallets:353 - Poll error for FxN3VZ4B: 9a3e97db-abca-4bc8-bc9d-a4c2295c2738
2026-09-20 00:20:14.405 | DEBUG    | strategies.copy_trading:_poll_wallets:353 - Poll error for CyaE1Vxv: 9a3e97db-abca-4bc8-bc9d-a4c2295c2738
2026-09-20 00:20:15.906 | DEBUG    | strategies.copy_trading:_poll_wallets:353 - Poll error for BaLCEtq6: 9a3e97db-abca-4bc8-bc9d-a4c2295c2738
2026-09-20 00:20:15.906 | DEBUG    | strategies.copy_trading:_poll_wallets:353 - Poll error for 26kZ9rg8: 9a3e97db-abca-4bc8-bc9d-a4c2295c2738
2026-09-20 00:20:15.906 | DEBUG    | strategies.copy_trading:_poll_wallets:353 - Poll error for BCagckXe: 9a3e97db-abca-4bc8-bc9d-a4c2295c2738
2026-09-20 00:20:15.906 | DEBUG    | strategies.copy_trading:_poll_wallets:353 - Poll error for H812jAz5: 9a3e97db-abca-4bc8-bc9d-a4c2295c2738
2026-09-20 00:20:15.907 | DEBUG    | strategies.copy_trading:_poll_wallets:353 - Poll error for 2fg5QD1e: 9a3e97db-abca-4bc8-bc9d-a4c2295c2738
2026-09-20 00:20:15.907 | DEBUG    | strategies.copy_trading:_poll_wallets:353 - Poll error for suqh5sHt: 9a3e97db-abca-4bc8-bc9d-a4c2295c2738
2026-09-20 00:20:15.907 | DEBUG    | strategies.copy_trading:_poll_wallets:353 - Poll error for XDgpjPub: 9a3e97db-abca-4bc8-bc9d-a4c2295c2738
2026-09-20 00:20:15.907 | DEBUG    | strategies.copy_trading:_poll_wallets:353 - Poll error for 7NAd2EpY: 9a3e97db-abca-4bc8-bc9d-a4c2295c2738
2026-09-20 00:20:15.907 | DEBUG    | strategies.copy_trading:_poll_wallets:353 - Poll error for FxN3VZ4B: 9a3e97db-abca-4bc8-bc9d-a4c2295c2738
2026-09-20 00:20:15.907 | DEBUG    | strategies.copy_trading:_poll_wallets:353 - Poll error for CyaE1Vxv: 9a3e97db-abca-4bc8-bc9d-a4c2295c2738
2026-09-20 00:20:17.407 | DEBUG    | strategies.copy_trading:_poll_wallets:353 - Poll error for BaLCEtq6: 9a3e97db-abca-4bc8-bc9d-a4c2295c2738
2026-09-20 00:20:17.408 | DEBUG    | strategies.copy_trading:_poll_wallets:353 - Poll error for 26kZ9rg8: 9a3e97db-abca-4bc8-bc9d-a4c2295c2738
2026-09-20 00:20:17.408 | DEBUG    | strategies.copy_trading:_poll_wallets:353 - Poll error for BCagckXe: 9a3e97db-abca-4bc8-bc9d-a4c2295c2738
2026-09-20 00:20:17.408 | DEBUG    | strategies.copy_trading:_poll_wallets:353 - Poll error for H812jAz5: 9a3e97db-abca-4bc8-bc9d-a4c2295c2738
2026-09-20 00:20:17.408 | DEBUG    | strategies.copy_trading:_poll_wallets:353 - Poll error for 2fg5QD1e: 9a3e97db-abca-4bc8-bc9d-a4c2295c2738
2026-09-20 00:20:17.408 | DEBUG    | strategies.copy_trading:_poll_wallets:353 - Poll error for suqh5sHt: 9a3e97db-abca-4bc8-bc9d-a4c2295c2738
2026-09-20 00:20:17.408 | DEBUG    | strategies.copy_trading:_poll_wallets:353 - Poll error for XDgpjPub: 9a3e97db-abca-4bc8-bc9d-a4c2295c2738
2026-09-20 00:20:17.408 | DEBUG    | strategies.copy_trading:_poll_wallets:353 - Poll error for 7NAd2EpY: 9a3e97db-abca-4bc8-bc9d-a4c2295c2738
2026-09-20 00:20:17.408 | DEBUG    | strategies.copy_trading:_poll_wallets:353 - Poll error for FxN3VZ4B: 9a3e97db-abca-4bc8-bc9d-a4c2295c2738
2026-09-20 00:20:17.408 | DEBUG    | strategies.copy_trading:_poll_wallets:353 - Poll error for CyaE1Vxv: 9a3e97db-abca-4bc8-bc9d-a4c2295c2738
2026-09-20 00:20:18.729 | DEBUG    | __main__:run:196 - Engine: 1 estrategias activas/1 | Uptime: 120s
2026-09-20 00:20:18.908 | DEBUG    | strategies.copy_trading:_poll_wallets:353 - Poll error for BaLCEtq6: 9a3e97db-abca-4bc8-bc9d-a4c2295c2738
2026-09-20 00:20:18.909 | DEBUG    | strategies.copy_trading:_poll_wallets:353 - Poll error for 26kZ9rg8: 9a3e97db-abca-4bc8-bc9d-a4c2295c2738
2026-09-20 00:20:18.909 | DEBUG    | strategies.copy_trading:_poll_wallets:353 - Poll error for BCagckXe: 9a3e97db-abca-4bc8-bc9d-a4c2295c2738
2026-09-20 00:20:18.909 | DEBUG    | strategies.copy_trading:_poll_wallets:353 - Poll error for H812jAz5: 9a3e97db-abca-4bc8-bc9d-a4c2295c2738
2026-09-20 00:20:18.909 | DEBUG    | strategies.copy_trading:_poll_wallets:353 - Poll error for 2fg5QD1e: 9a3e97db-abca-4bc8-bc9d-a4c2295c2738
2026-09-20 00:20:18.909 | DEBUG    | strategies.copy_trading:_poll_wallets:353 - Poll error for suqh5sHt: 9a3e97db-abca-4bc8-bc9d-a4c2295c2738
2026-09-20 00:20:18.909 | DEBUG    | strategies.copy_trading:_poll_wallets:353 - Poll error for XDgpjPub: 9a3e97db-abca-4bc8-bc9d-a4c2295c2738
2026-09-20 00:20:18.909 | DEBUG    | strategies.copy_trading:_poll_wallets:353 - Poll error for 7NAd2EpY: 9a3e97db-abca-4bc8-bc9d-a4c2295c2738
2026-09-20 00:20:18.909 | DEBUG    | strategies.copy_trading:_poll_wallets:353 - Poll error for FxN3VZ4B: 9a3e97db-abca-4bc8-bc9d-a4c2295c2738
2026-09-20 00:20:18.909 | DEBUG    | strategies.copy_trading:_poll_wallets:353 - Poll error for CyaE1Vxv: 9a3e97db-abca-4bc8-bc9d-a4c2295c2738
2026-09-20 00:20:20.410 | DEBUG    | strategies.copy_trading:_poll_wallets:353 - Poll error for BaLCEtq6: 9a3e97db-abca-4bc8-bc9d-a4c2295c2738
2026-09-20 00:20:20.411 | DEBUG    | strategies.copy_trading:_poll_wallets:353 - Poll error for 26kZ9rg8: 9a3e97db-abca-4bc8-bc9d-a4c2295c2738
2026-09-20 00:20:20.411 | DEBUG    | strategies.copy_trading:_poll_wallets:353 - Poll error for BCagckXe: 9a3e97db-abca-4bc8-bc9d-a4c2295c2738
2026-09-20 00:20:20.411 | DEBUG    | strategies.copy_trading:_poll_wallets:353 - Poll error for H812jAz5: 9a3e97db-abca-4bc8-bc9d-a4c2295c2738
2026-09-20 00:20:20.411 | DEBUG    | strategies.copy_trading:_poll_wallets:353 - Poll error for 2fg5QD1e: 9a3e97db-abca-4bc8-bc9d-a4c2295c2738
2026-09-20 00:20:20.411 | DEBUG    | strategies.copy_trading:_poll_wallets:353 - Poll error for suqh5sHt: 9a3e97db-abca-4bc8-bc9d-a4c2295c2738
2026-09-20 00:20:20.411 | DEBUG    | strategies.copy_trading:_poll_wallets:353 - Poll error for XDgpjPub: 9a3e97db-abca-4bc8-bc9d-a4c2295c2738
2026-09-20 00:20:20.412 | DEBUG    | strategies.copy_trading:_poll_wallets:353 - Poll error for 7NAd2EpY: 9a3e97db-abca-4bc8-bc9d-a4c2295c2738
2026-09-20 00:20:20.412 | DEBUG    | strategies.copy_trading:_poll_wallets:353 - Poll error for FxN3VZ4B: 9a3e97db-abca-4bc8-bc9d-a4c2295c2738
2026-09-20 00:20:20.412 | DEBUG    | strategies.copy_trading:_poll_wallets:353 - Poll error for CyaE1Vxv: 9a3e97db-abca-4bc8-bc9d-a4c2295c2738
2026-09-20 00:20:21.913 | DEBUG    | strategies.copy_trading:_poll_wallets:353 - Poll error for BaLCEtq6: 9a3e97db-abca-4bc8-bc9d-a4c2295c2738
2026-09-20 00:20:21.913 | DEBUG    | strategies.copy_trading:_poll_wallets:353 - Poll error for 26kZ9rg8: 9a3e97db-abca-4bc8-bc9d-a4c2295c2738
2026-09-20 00:20:21.913 | DEBUG    | strategies.copy_trading:_poll_wallets:353 - Poll error for BCagckXe: 9a3e97db-abca-4bc8-bc9d-a4c2295c2738
2026-09-20 00:20:21.913 | DEBUG    | strategies.copy_trading:_poll_wallets:353 - Poll error for H812jAz5: 9a3e97db-abca-4bc8-bc9d-a4c2295c2738
2026-09-20 00:20:21.913 | DEBUG    | strategies.copy_trading:_poll_wallets:353 - Poll error for 2fg5QD1e: 9a3e97db-abca-4bc8-bc9d-a4c2295c2738
2026-09-20 00:20:21.913 | DEBUG    | strategies.copy_trading:_poll_wallets:353 - Poll error for suqh5sHt: 9a3e97db-abca-4bc8-bc9d-a4c2295c2738
2026-09-20 00:20:21.913 | DEBUG    | strategies.copy_trading:_poll_wallets:353 - Poll error for XDgpjPub: 9a3e97db-abca-4bc8-bc9d-a4c2295c2738
2026-09-20 00:20:21.913 | DEBUG    | strategies.copy_trading:_poll_wallets:353 - Poll error for 7NAd2EpY: 9a3e97db-abca-4bc8-bc9d-a4c2295c2738
2026-09-20 00:20:21.913 | DEBUG    | strategies.copy_trading:_poll_wallets:353 - Poll error for FxN3VZ4B: 9a3e97db-abca-4bc8-bc9d-a4c2295c2738
2026-09-20 00:20:21.913 | DEBUG    | strategies.copy_trading:_poll_wallets:353 - Poll error for CyaE1Vxv: 9a3e97db-abca-4bc8-bc9d-a4c2295c2738
2026-09-20 00:20:23.414 | DEBUG    | strategies.copy_trading:_poll_wallets:353 - Poll error for BaLCEtq6: 9a3e97db-abca-4bc8-bc9d-a4c2295c2738
2026-09-20 00:20:23.414 | DEBUG    | strategies.copy_trading:_poll_wallets:353 - Poll error for 26kZ9rg8: 9a3e97db-abca-4bc8-bc9d-a4c2295c2738
2026-09-20 00:20:23.414 | DEBUG    | strategies.copy_trading:_poll_wallets:353 - Poll error for BCagckXe: 9a3e97db-abca-4bc8-bc9d-a4c2295c2738
2026-09-20 00:20:23.415 | DEBUG    | strategies.copy_trading:_poll_wallets:353 - Poll error for H812jAz5: 9a3e97db-abca-4bc8-bc9d-a4c2295c2738
2026-09-20 00:20:23.415 | DEBUG    | strategies.copy_trading:_poll_wallets:353 - Poll error for 2fg5QD1e: 9a3e97db-abca-4bc8-bc9d-a4c2295c2738
2026-09-20 00:20:23.415 | DEBUG    | strategies.copy_trading:_poll_wallets:353 - Poll error for suqh5sHt: 9a3e97db-abca-4bc8-bc9d-a4c2295c2738
2026-09-20 00:20:23.415 | DEBUG    | strategies.copy_trading:_poll_wallets:353 - Poll error for XDgpjPub: 9a3e97db-abca-4bc8-bc9d-a4c2295c2738
2026-09-20 00:20:23.415 | DEBUG    | strategies.copy_trading:_poll_wallets:353 - Poll error for 7NAd2EpY: 9a3e97db-abca-4bc8-bc9d-a4c2295c2738
2026-09-20 00:20:23.415 | DEBUG    | strategies.copy_trading:_poll_wallets:353 - Poll error for FxN3VZ4B: 9a3e97db-abca-4bc8-bc9d-a4c2295c2738
2026-09-20 00:20:23.415 | DEBUG    | strategies.copy_trading:_poll_wallets:353 - Poll error for CyaE1Vxv: 9a3e97db-abca-4bc8-bc9d-a4c2295c2738
2026-09-20 00:20:24.916 | DEBUG    | strategies.copy_trading:_poll_wallets:353 - Poll error for BaLCEtq6: 9a3e97db-abca-4bc8-bc9d-a4c2295c2738
2026-09-20 00:20:24.917 | DEBUG    | strategies.copy_trading:_poll_wallets:353 - Poll error for 26kZ9rg8: 9a3e97db-abca-4bc8-bc9d-a4c2295c2738
2026-09-20 00:20:24.917 | DEBUG    | strategies.copy_trading:_poll_wallets:353 - Poll error for BCagckXe: 9a3e97db-abca-4bc8-bc9d-a4c2295c2738
2026-09-20 00:20:24.917 | DEBUG    | strategies.copy_trading:_poll_wallets:353 - Poll error for H812jAz5: 9a3e97db-abca-4bc8-bc9d-a4c2295c2738
2026-09-20 00:20:24.917 | DEBUG    | strategies.copy_trading:_poll_wallets:353 - Poll error for 2fg5QD1e: 9a3e97db-abca-4bc8-bc9d-a4c2295c2738
2026-09-20 00:20:24.917 | DEBUG    | strategies.copy_trading:_poll_wallets:353 - Poll error for suqh5sHt: 9a3e97db-abca-4bc8-bc9d-a4c2295c2738
2026-09-20 00:20:24.917 | DEBUG    | strategies.copy_trading:_poll_wallets:353 - Poll error for XDgpjPub: 9a3e97db-abca-4bc8-bc9d-a4c2295c2738
2026-09-20 00:20:24.917 | DEBUG    | strategies.copy_trading:_poll_wallets:353 - Poll error for 7NAd2EpY: 9a3e97db-abca-4bc8-bc9d-a4c2295c2738
2026-09-20 00:20:24.917 | DEBUG    | strategies.copy_trading:_poll_wallets:353 - Poll error for FxN3VZ4B: 9a3e97db-abca-4bc8-bc9d-a4c2295c2738
2026-09-20 00:20:24.917 | DEBUG    | strategies.copy_trading:_poll_wallets:353 - Poll error for CyaE1Vxv: 9a3e97db-abca-4bc8-bc9d-a4c2295c2738
2026-09-20 00:20:26.419 | DEBUG    | strategies.copy_trading:_poll_wallets:353 - Poll error for BaLCEtq6: 9a3e97db-abca-4bc8-bc9d-a4c2295c2738
2026-09-20 00:20:26.419 | DEBUG    | strategies.copy_trading:_poll_wallets:353 - Poll error for 26kZ9rg8: 9a3e97db-abca-4bc8-bc9d-a4c2295c2738
2026-09-20 00:20:26.419 | DEBUG    | strategies.copy_trading:_poll_wallets:353 - Poll error for BCagckXe: 9a3e97db-abca-4bc8-bc9d-a4c2295c2738
2026-09-20 00:20:26.419 | DEBUG    | strategies.copy_trading:_poll_wallets:353 - Poll error for H812jAz5: 9a3e97db-abca-4bc8-bc9d-a4c2295c2738
2026-09-20 00:20:26.420 | DEBUG    | strategies.copy_trading:_poll_wallets:353 - Poll error for 2fg5QD1e: 9a3e97db-abca-4bc8-bc9d-a4c2295c2738
2026-09-20 00:20:26.420 | DEBUG    | strategies.copy_trading:_poll_wallets:353 - Poll error for suqh5sHt: 9a3e97db-abca-4bc8-bc9d-a4c2295c2738
2026-09-20 00:20:26.420 | DEBUG    | strategies.copy_trading:_poll_wallets:353 - Poll error for XDgpjPub: 9a3e97db-abca-4bc8-bc9d-a4c2295c2738
2026-09-20 00:20:26.420 | DEBUG    | strategies.copy_trading:_poll_wallets:353 - Poll error for 7NAd2EpY: 9a3e97db-abca-4bc8-bc9d-a4c2295c2738
2026-09-20 00:20:26.420 | DEBUG    | strategies.copy_trading:_poll_wallets:353 - Poll error for FxN3VZ4B: 9a3e97db-abca-4bc8-bc9d-a4c2295c2738
2026-09-20 00:20:26.420 | DEBUG    | strategies.copy_trading:_poll_wallets:353 - Poll error for CyaE1Vxv: 9a3e97db-abca-4bc8-bc9d-a4c2295c2738
2026-09-20 00:20:27.921 | DEBUG    | strategies.copy_trading:_poll_wallets:353 - Poll error for BaLCEtq6: 9a3e97db-abca-4bc8-bc9d-a4c2295c2738
2026-09-20 00:20:27.921 | DEBUG    | strategies.copy_trading:_poll_wallets:353 - Poll error for 26kZ9rg8: 9a3e97db-abca-4bc8-bc9d-a4c2295c2738
2026-09-20 00:20:27.921 | DEBUG    | strategies.copy_trading:_poll_wallets:353 - Poll error for BCagckXe: 9a3e97db-abca-4bc8-bc9d-a4c2295c2738
2026-09-20 00:20:27.921 | DEBUG    | strategies.copy_trading:_poll_wallets:353 - Poll error for H812jAz5: 9a3e97db-abca-4bc8-bc9d-a4c2295c2738
2026-09-20 00:20:27.921 | DEBUG    | strategies.copy_trading:_poll_wallets:353 - Poll error for 2fg5QD1e: 9a3e97db-abca-4bc8-bc9d-a4c2295c2738
2026-09-20 00:20:27.921 | DEBUG    | strategies.copy_trading:_poll_wallets:353 - Poll error for suqh5sHt: 9a3e97db-abca-4bc8-bc9d-a4c2295c2738
2026-09-20 00:20:27.922 | DEBUG    | strategies.copy_trading:_poll_wallets:353 - Poll error for XDgpjPub: 9a3e97db-abca-4bc8-bc9d-a4c2295c2738
2026-09-20 00:20:27.922 | DEBUG    | strategies.copy_trading:_poll_wallets:353 - Poll error for 7NAd2EpY: 9a3e97db-abca-4bc8-bc9d-a4c2295c2738
2026-09-20 00:20:27.922 | DEBUG    | strategies.copy_trading:_poll_wallets:353 - Poll error for FxN3VZ4B: 9a3e97db-abca-4bc8-bc9d-a4c2295c2738
2026-09-20 00:20:27.922 | DEBUG    | strategies.copy_trading:_poll_wallets:353 - Poll error for CyaE1Vxv: 9a3e97db-abca-4bc8-bc9d-a4c2295c2738
2026-09-20 00:20:29.423 | DEBUG    | strategies.copy_trading:_poll_wallets:353 - Poll error for BaLCEtq6: 9a3e97db-abca-4bc8-bc9d-a4c2295c2738
2026-09-20 00:20:29.423 | DEBUG    | strategies.copy_trading:_poll_wallets:353 - Poll error for 26kZ9rg8: 9a3e97db-abca-4bc8-bc9d-a4c2295c2738
2026-09-20 00:20:29.424 | DEBUG    | strategies.copy_trading:_poll_wallets:353 - Poll error for BCagckXe: 9a3e97db-abca-4bc8-bc9d-a4c2295c2738
2026-09-20 00:20:29.424 | DEBUG    | strategies.copy_trading:_poll_wallets:353 - Poll error for H812jAz5: 9a3e97db-abca-4bc8-bc9d-a4c2295c2738
2026-09-20 00:20:29.424 | DEBUG    | strategies.copy_trading:_poll_wallets:353 - Poll error for 2fg5QD1e: 9a3e97db-abca-4bc8-bc9d-a4c2295c2738
2026-09-20 00:20:29.424 | DEBUG    | strategies.copy_trading:_poll_wallets:353 - Poll error for suqh5sHt: 9a3e97db-abca-4bc8-bc9d-a4c2295c2738
2026-09-20 00:20:29.424 | DEBUG    | strategies.copy_trading:_poll_wallets:353 - Poll error for XDgpjPub: 9a3e97db-abca-4bc8-bc9d-a4c2295c2738
2026-09-20 00:20:29.424 | DEBUG    | strategies.copy_trading:_poll_wallets:353 - Poll error for 7NAd2EpY: 9a3e97db-abca-4bc8-bc9d-a4c2295c2738
2026-09-20 00:20:29.424 | DEBUG    | strategies.copy_trading:_poll_wallets:353 - Poll error for FxN3VZ4B: 9a3e97db-abca-4bc8-bc9d-a4c2295c2738
2026-09-20 00:20:29.425 | DEBUG    | strategies.copy_trading:_poll_wallets:353 - Poll error for CyaE1Vxv: 9a3e97db-abca-4bc8-bc9d-a4c2295c2738
2026-09-20 00:20:30.926 | DEBUG    | strategies.copy_trading:_poll_wallets:353 - Poll error for BaLCEtq6: 9a3e97db-abca-4bc8-bc9d-a4c2295c2738
2026-09-20 00:20:30.926 | DEBUG    | strategies.copy_trading:_poll_wallets:353 - Poll error for 26kZ9rg8: 9a3e97db-abca-4bc8-bc9d-a4c2295c2738
2026-09-20 00:20:30.926 | DEBUG    | strategies.copy_trading:_poll_wallets:353 - Poll error for BCagckXe: 9a3e97db-abca-4bc8-bc9d-a4c2295c2738
2026-09-20 00:20:30.926 | DEBUG    | strategies.copy_trading:_poll_wallets:353 - Poll error for H812jAz5: 9a3e97db-abca-4bc8-bc9d-a4c2295c2738
2026-09-20 00:20:30.926 | DEBUG    | strategies.copy_trading:_poll_wallets:353 - Poll error for 2fg5QD1e: 9a3e97db-abca-4bc8-bc9d-a4c2295c2738
2026-09-20 00:20:30.926 | DEBUG    | strategies.copy_trading:_poll_wallets:353 - Poll error for suqh5sHt: 9a3e97db-abca-4bc8-bc9d-a4c2295c2738
2026-09-20 00:20:30.926 | DEBUG    | strategies.copy_trading:_poll_wallets:353 - Poll error for XDgpjPub: 9a3e97db-abca-4bc8-bc9d-a4c2295c2738
2026-09-20 00:20:30.926 | DEBUG    | strategies.copy_trading:_poll_wallets:353 - Poll error for 7NAd2EpY: 9a3e97db-abca-4bc8-bc9d-a4c2295c2738
2026-09-20 00:20:30.927 | DEBUG    | strategies.copy_trading:_poll_wallets:353 - Poll error for FxN3VZ4B: 9a3e97db-abca-4bc8-bc9d-a4c2295c2738
2026-09-20 00:20:30.927 | DEBUG    | strategies.copy_trading:_poll_wallets:353 - Poll error for CyaE1Vxv: 9a3e97db-abca-4bc8-bc9d-a4c2295c2738
2026-09-20 00:20:32.427 | DEBUG    | strategies.copy_trading:_poll_wallets:353 - Poll error for BaLCEtq6: 9a3e97db-abca-4bc8-bc9d-a4c2295c2738
2026-09-20 00:20:32.427 | DEBUG    | strategies.copy_trading:_poll_wallets:353 - Poll error for 26kZ9rg8: 9a3e97db-abca-4bc8-bc9d-a4c2295c2738
2026-09-20 00:20:32.427 | DEBUG    | strategies.copy_trading:_poll_wallets:353 - Poll error for BCagckXe: 9a3e97db-abca-4bc8-bc9d-a4c2295c2738
2026-09-20 00:20:32.427 | DEBUG    | strategies.copy_trading:_poll_wallets:353 - Poll error for H812jAz5: 9a3e97db-abca-4bc8-bc9d-a4c2295c2738
2026-09-20 00:20:32.427 | DEBUG    | strategies.copy_trading:_poll_wallets:353 - Poll error for 2fg5QD1e: 9a3e97db-abca-4bc8-bc9d-a4c2295c2738
2026-09-20 00:20:32.427 | DEBUG    | strategies.copy_trading:_poll_wallets:353 - Poll error for suqh5sHt: 9a3e97db-abca-4bc8-bc9d-a4c2295c2738
2026-09-20 00:20:32.427 | DEBUG    | strategies.copy_trading:_poll_wallets:353 - Poll error for XDgpjPub: 9a3e97db-abca-4bc8-bc9d-a4c2295c2738
2026-09-20 00:20:32.428 | DEBUG    | strategies.copy_trading:_poll_wallets:353 - Poll error for 7NAd2EpY: 9a3e97db-abca-4bc8-bc9d-a4c2295c2738
2026-09-20 00:20:32.428 | DEBUG    | strategies.copy_trading:_poll_wallets:353 - Poll error for FxN3VZ4B: 9a3e97db-abca-4bc8-bc9d-a4c2295c2738
2026-09-20 00:20:32.428 | DEBUG    | strategies.copy_trading:_poll_wallets:353 - Poll error for CyaE1Vxv: 9a3e97db-abca-4bc8-bc9d-a4c2295c2738
2026-09-20 00:20:33.929 | DEBUG    | strategies.copy_trading:_poll_wallets:353 - Poll error for BaLCEtq6: 9a3e97db-abca-4bc8-bc9d-a4c2295c2738
2026-09-20 00:20:33.930 | DEBUG    | strategies.copy_trading:_poll_wallets:353 - Poll error for 26kZ9rg8: 9a3e97db-abca-4bc8-bc9d-a4c2295c2738
2026-09-20 00:20:33.930 | DEBUG    | strategies.copy_trading:_poll_wallets:353 - Poll error for BCagckXe: 9a3e97db-abca-4bc8-bc9d-a4c2295c2738
2026-09-20 00:20:33.930 | DEBUG    | strategies.copy_trading:_poll_wallets:353 - Poll error for H812jAz5: 9a3e97db-abca-4bc8-bc9d-a4c2295c2738
2026-09-20 00:20:33.930 | DEBUG    | strategies.copy_trading:_poll_wallets:353 - Poll error for 2fg5QD1e: 9a3e97db-abca-4bc8-bc9d-a4c2295c2738
2026-09-20 00:20:33.930 | DEBUG    | strategies.copy_trading:_poll_wallets:353 - Poll error for suqh5sHt: 9a3e97db-abca-4bc8-bc9d-a4c2295c2738
2026-09-20 00:20:33.930 | DEBUG    | strategies.copy_trading:_poll_wallets:353 - Poll error for XDgpjPub: 9a3e97db-abca-4bc8-bc9d-a4c2295c2738
2026-09-20 00:20:33.930 | DEBUG    | strategies.copy_trading:_poll_wallets:353 - Poll error for 7NAd2EpY: 9a3e97db-abca-4bc8-bc9d-a4c2295c2738
2026-09-20 00:20:33.930 | DEBUG    | strategies.copy_trading:_poll_wallets:353 - Poll error for FxN3VZ4B: 9a3e97db-abca-4bc8-bc9d-a4c2295c2738
2026-09-20 00:20:33.930 | DEBUG    | strategies.copy_trading:_poll_wallets:353 - Poll error for CyaE1Vxv: 9a3e97db-abca-4bc8-bc9d-a4c2295c2738
2026-09-20 00:20:35.431 | DEBUG    | strategies.copy_trading:_poll_wallets:353 - Poll error for BaLCEtq6: 9a3e97db-abca-4bc8-bc9d-a4c2295c2738
2026-09-20 00:20:35.431 | DEBUG    | strategies.copy_trading:_poll_wallets:353 - Poll error for 26kZ9rg8: 9a3e97db-abca-4bc8-bc9d-a4c2295c2738
2026-09-20 00:20:35.431 | DEBUG    | strategies.copy_trading:_poll_wallets:353 - Poll error for BCagckXe: 9a3e97db-abca-4bc8-bc9d-a4c2295c2738
2026-09-20 00:20:35.431 | DEBUG    | strategies.copy_trading:_poll_wallets:353 - Poll error for H812jAz5: 9a3e97db-abca-4bc8-bc9d-a4c2295c2738
2026-09-20 00:20:35.431 | DEBUG    | strategies.copy_trading:_poll_wallets:353 - Poll error for 2fg5QD1e: 9a3e97db-abca-4bc8-bc9d-a4c2295c2738
2026-09-20 00:20:35.431 | DEBUG    | strategies.copy_trading:_poll_wallets:353 - Poll error for suqh5sHt: 9a3e97db-abca-4bc8-bc9d-a4c2295c2738
2026-09-20 00:20:35.432 | DEBUG    | strategies.copy_trading:_poll_wallets:353 - Poll error for XDgpjPub: 9a3e97db-abca-4bc8-bc9d-a4c2295c2738
2026-09-20 00:20:35.432 | DEBUG    | strategies.copy_trading:_poll_wallets:353 - Poll error for 7NAd2EpY: 9a3e97db-abca-4bc8-bc9d-a4c2295c2738
2026-09-20 00:20:35.432 | DEBUG    | strategies.copy_trading:_poll_wallets:353 - Poll error for FxN3VZ4B: 9a3e97db-abca-4bc8-bc9d-a4c2295c2738
2026-09-20 00:20:35.432 | DEBUG    | strategies.copy_trading:_poll_wallets:353 - Poll error for CyaE1Vxv: 9a3e97db-abca-4bc8-bc9d-a4c2295c2738
2026-09-20 00:20:36.933 | DEBUG    | strategies.copy_trading:_poll_wallets:353 - Poll error for BaLCEtq6: 9a3e97db-abca-4bc8-bc9d-a4c2295c2738
2026-09-20 00:20:36.933 | DEBUG    | strategies.copy_trading:_poll_wallets:353 - Poll error for 26kZ9rg8: 9a3e97db-abca-4bc8-bc9d-a4c2295c2738
2026-09-20 00:20:36.933 | DEBUG    | strategies.copy_trading:_poll_wallets:353 - Poll error for BCagckXe: 9a3e97db-abca-4bc8-bc9d-a4c2295c2738
2026-09-20 00:20:36.933 | DEBUG    | strategies.copy_trading:_poll_wallets:353 - Poll error for H812jAz5: 9a3e97db-abca-4bc8-bc9d-a4c2295c2738
2026-09-20 00:20:36.933 | DEBUG    | strategies.copy_trading:_poll_wallets:353 - Poll error for 2fg5QD1e: 9a3e97db-abca-4bc8-bc9d-a4c2295c2738
2026-09-20 00:20:36.933 | DEBUG    | strategies.copy_trading:_poll_wallets:353 - Poll error for suqh5sHt: 9a3e97db-abca-4bc8-bc9d-a4c2295c2738
2026-09-20 00:20:36.933 | DEBUG    | strategies.copy_trading:_poll_wallets:353 - Poll error for XDgpjPub: 9a3e97db-abca-4bc8-bc9d-a4c2295c2738
2026-09-20 00:20:36.933 | DEBUG    | strategies.copy_trading:_poll_wallets:353 - Poll error for 7NAd2EpY: 9a3e97db-abca-4bc8-bc9d-a4c2295c2738
2026-09-20 00:20:36.933 | DEBUG    | strategies.copy_trading:_poll_wallets:353 - Poll error for FxN3VZ4B: 9a3e97db-abca-4bc8-bc9d-a4c2295c2738
2026-09-20 00:20:36.933 | DEBUG    | strategies.copy_trading:_poll_wallets:353 - Poll error for CyaE1Vxv: 9a3e97db-abca-4bc8-bc9d-a4c2295c2738
2026-09-20 00:20:38.435 | DEBUG    | strategies.copy_trading:_poll_wallets:353 - Poll error for BaLCEtq6: 9a3e97db-abca-4bc8-bc9d-a4c2295c2738
2026-09-20 00:20:38.435 | DEBUG    | strategies.copy_trading:_poll_wallets:353 - Poll error for 26kZ9rg8: 9a3e97db-abca-4bc8-bc9d-a4c2295c2738
2026-09-20 00:20:38.435 | DEBUG    | strategies.copy_trading:_poll_wallets:353 - Poll error for BCagckXe: 9a3e97db-abca-4bc8-bc9d-a4c2295c2738
2026-09-20 00:20:38.435 | DEBUG    | strategies.copy_trading:_poll_wallets:353 - Poll error for H812jAz5: 9a3e97db-abca-4bc8-bc9d-a4c2295c2738
2026-09-20 00:20:38.435 | DEBUG    | strategies.copy_trading:_poll_wallets:353 - Poll error for 2fg5QD1e: 9a3e97db-abca-4bc8-bc9d-a4c2295c2738
2026-09-20 00:20:38.435 | DEBUG    | strategies.copy_trading:_poll_wallets:353 - Poll error for suqh5sHt: 9a3e97db-abca-4bc8-bc9d-a4c2295c2738
2026-09-20 00:20:38.435 | DEBUG    | strategies.copy_trading:_poll_wallets:353 - Poll error for XDgpjPub: 9a3e97db-abca-4bc8-bc9d-a4c2295c2738
2026-09-20 00:20:38.436 | DEBUG    | strategies.copy_trading:_poll_wallets:353 - Poll error for 7NAd2EpY: 9a3e97db-abca-4bc8-bc9d-a4c2295c2738
2026-09-20 00:20:38.436 | DEBUG    | strategies.copy_trading:_poll_wallets:353 - Poll error for FxN3VZ4B: 9a3e97db-abca-4bc8-bc9d-a4c2295c2738
2026-09-20 00:20:38.436 | DEBUG    | strategies.copy_trading:_poll_wallets:353 - Poll error for CyaE1Vxv: 9a3e97db-abca-4bc8-bc9d-a4c2295c2738
2026-09-20 00:20:39.936 | DEBUG    | strategies.copy_trading:_poll_wallets:353 - Poll error for BaLCEtq6: 9a3e97db-abca-4bc8-bc9d-a4c2295c2738
2026-09-20 00:20:39.937 | DEBUG    | strategies.copy_trading:_poll_wallets:353 - Poll error for 26kZ9rg8: 9a3e97db-abca-4bc8-bc9d-a4c2295c2738
2026-09-20 00:20:39.937 | DEBUG    | strategies.copy_trading:_poll_wallets:353 - Poll error for BCagckXe: 9a3e97db-abca-4bc8-bc9d-a4c2295c2738
2026-09-20 00:20:39.937 | DEBUG    | strategies.copy_trading:_poll_wallets:353 - Poll error for H812jAz5: 9a3e97db-abca-4bc8-bc9d-a4c2295c2738
2026-09-20 00:20:39.937 | DEBUG    | strategies.copy_trading:_poll_wallets:353 - Poll error for 2fg5QD1e: 9a3e97db-abca-4bc8-bc9d-a4c2295c2738
2026-09-20 00:20:39.937 | DEBUG    | strategies.copy_trading:_poll_wallets:353 - Poll error for suqh5sHt: 9a3e97db-abca-4bc8-bc9d-a4c2295c2738
2026-09-20 00:20:39.937 | DEBUG    | strategies.copy_trading:_poll_wallets:353 - Poll error for XDgpjPub: 9a3e97db-abca-4bc8-bc9d-a4c2295c2738
2026-09-20 00:20:39.937 | DEBUG    | strategies.copy_trading:_poll_wallets:353 - Poll error for 7NAd2EpY: 9a3e97db-abca-4bc8-bc9d-a4c2295c2738
2026-09-20 00:20:39.937 | DEBUG    | strategies.copy_trading:_poll_wallets:353 - Poll error for FxN3VZ4B: 9a3e97db-abca-4bc8-bc9d-a4c2295c2738
2026-09-20 00:20:39.937 | DEBUG    | strategies.copy_trading:_poll_wallets:353 - Poll error for CyaE1Vxv: 9a3e97db-abca-4bc8-bc9d-a4c2295c2738
2026-09-20 00:20:41.439 | DEBUG    | strategies.copy_trading:_poll_wallets:353 - Poll error for BaLCEtq6: 9a3e97db-abca-4bc8-bc9d-a4c2295c2738
2026-09-20 00:20:41.439 | DEBUG    | strategies.copy_trading:_poll_wallets:353 - Poll error for 26kZ9rg8: 9a3e97db-abca-4bc8-bc9d-a4c2295c2738
2026-09-20 00:20:41.439 | DEBUG    | strategies.copy_trading:_poll_wallets:353 - Poll error for BCagckXe: 9a3e97db-abca-4bc8-bc9d-a4c2295c2738
2026-09-20 00:20:41.439 | DEBUG    | strategies.copy_trading:_poll_wallets:353 - Poll error for H812jAz5: 9a3e97db-abca-4bc8-bc9d-a4c2295c2738
2026-09-20 00:20:41.439 | DEBUG    | strategies.copy_trading:_poll_wallets:353 - Poll error for 2fg5QD1e: 9a3e97db-abca-4bc8-bc9d-a4c2295c2738
2026-09-20 00:20:41.439 | DEBUG    | strategies.copy_trading:_poll_wallets:353 - Poll error for suqh5sHt: 9a3e97db-abca-4bc8-bc9d-a4c2295c2738
2026-09-20 00:20:41.439 | DEBUG    | strategies.copy_trading:_poll_wallets:353 - Poll error for XDgpjPub: 9a3e97db-abca-4bc8-bc9d-a4c2295c2738
2026-09-20 00:20:41.439 | DEBUG    | strategies.copy_trading:_poll_wallets:353 - Poll error for 7NAd2EpY: 9a3e97db-abca-4bc8-bc9d-a4c2295c2738
2026-09-20 00:20:41.440 | DEBUG    | strategies.copy_trading:_poll_wallets:353 - Poll error for FxN3VZ4B: 9a3e97db-abca-4bc8-bc9d-a4c2295c2738
2026-09-20 00:20:41.440 | DEBUG    | strategies.copy_trading:_poll_wallets:353 - Poll error for CyaE1Vxv: 9a3e97db-abca-4bc8-bc9d-a4c2295c2738
2026-09-20 00:20:42.941 | DEBUG    | strategies.copy_trading:_poll_wallets:353 - Poll error for BaLCEtq6: 9a3e97db-abca-4bc8-bc9d-a4c2295c2738
2026-09-20 00:20:42.941 | DEBUG    | strategies.copy_trading:_poll_wallets:353 - Poll error for 26kZ9rg8: 9a3e97db-abca-4bc8-bc9d-a4c2295c2738
2026-09-20 00:20:42.941 | DEBUG    | strategies.copy_trading:_poll_wallets:353 - Poll error for BCagckXe: 9a3e97db-abca-4bc8-bc9d-a4c2295c2738
2026-09-20 00:20:42.941 | DEBUG    | strategies.copy_trading:_poll_wallets:353 - Poll error for H812jAz5: 9a3e97db-abca-4bc8-bc9d-a4c2295c2738
2026-09-20 00:20:42.941 | DEBUG    | strategies.copy_trading:_poll_wallets:353 - Poll error for 2fg5QD1e: 9a3e97db-abca-4bc8-bc9d-a4c2295c2738
2026-09-20 00:20:42.941 | DEBUG    | strategies.copy_trading:_poll_wallets:353 - Poll error for suqh5sHt: 9a3e97db-abca-4bc8-bc9d-a4c2295c2738
2026-09-20 00:20:42.941 | DEBUG    | strategies.copy_trading:_poll_wallets:353 - Poll error for XDgpjPub: 9a3e97db-abca-4bc8-bc9d-a4c2295c2738
2026-09-20 00:20:42.941 | DEBUG    | strategies.copy_trading:_poll_wallets:353 - Poll error for 7NAd2EpY: 9a3e97db-abca-4bc8-bc9d-a4c2295c2738
2026-09-20 00:20:42.941 | DEBUG    | strategies.copy_trading:_poll_wallets:353 - Poll error for FxN3VZ4B: 9a3e97db-abca-4bc8-bc9d-a4c2295c2738
2026-09-20 00:20:42.941 | DEBUG    | strategies.copy_trading:_poll_wallets:353 - Poll error for CyaE1Vxv: 9a3e97db-abca-4bc8-bc9d-a4c2295c2738
2026-09-20 00:20:44.443 | DEBUG    | strategies.copy_trading:_poll_wallets:353 - Poll error for BaLCEtq6: 9a3e97db-abca-4bc8-bc9d-a4c2295c2738
2026-09-20 00:20:44.443 | DEBUG    | strategies.copy_trading:_poll_wallets:353 - Poll error for 26kZ9rg8: 9a3e97db-abca-4bc8-bc9d-a4c2295c2738
2026-09-20 00:20:44.443 | DEBUG    | strategies.copy_trading:_poll_wallets:353 - Poll error for BCagckXe: 9a3e97db-abca-4bc8-bc9d-a4c2295c2738
2026-09-20 00:20:44.443 | DEBUG    | strategies.copy_trading:_poll_wallets:353 - Poll error for H812jAz5: 9a3e97db-abca-4bc8-bc9d-a4c2295c2738
2026-09-20 00:20:44.443 | DEBUG    | strategies.copy_trading:_poll_wallets:353 - Poll error for 2fg5QD1e: 9a3e97db-abca-4bc8-bc9d-a4c2295c2738
2026-09-20 00:20:44.443 | DEBUG    | strategies.copy_trading:_poll_wallets:353 - Poll error for suqh5sHt: 9a3e97db-abca-4bc8-bc9d-a4c2295c2738
2026-09-20 00:20:44.443 | DEBUG    | strategies.copy_trading:_poll_wallets:353 - Poll error for XDgpjPub: 9a3e97db-abca-4bc8-bc9d-a4c2295c2738
2026-09-20 00:20:44.443 | DEBUG    | strategies.copy_trading:_poll_wallets:353 - Poll error for 7NAd2EpY: 9a3e97db-abca-4bc8-bc9d-a4c2295c2738
2026-09-20 00:20:44.443 | DEBUG    | strategies.copy_trading:_poll_wallets:353 - Poll error for FxN3VZ4B: 9a3e97db-abca-4bc8-bc9d-a4c2295c2738
2026-09-20 00:20:44.443 | DEBUG    | strategies.copy_trading:_poll_wallets:353 - Poll error for CyaE1Vxv: 9a3e97db-abca-4bc8-bc9d-a4c2295c2738
2026-09-20 00:20:45.944 | DEBUG    | strategies.copy_trading:_poll_wallets:353 - Poll error for BaLCEtq6: 9a3e97db-abca-4bc8-bc9d-a4c2295c2738
2026-09-20 00:20:45.944 | DEBUG    | strategies.copy_trading:_poll_wallets:353 - Poll error for 26kZ9rg8: 9a3e97db-abca-4bc8-bc9d-a4c2295c2738
2026-09-20 00:20:45.945 | DEBUG    | strategies.copy_trading:_poll_wallets:353 - Poll error for BCagckXe: 9a3e97db-abca-4bc8-bc9d-a4c2295c2738
2026-09-20 00:20:45.945 | DEBUG    | strategies.copy_trading:_poll_wallets:353 - Poll error for H812jAz5: 9a3e97db-abca-4bc8-bc9d-a4c2295c2738
2026-09-20 00:20:45.945 | DEBUG    | strategies.copy_trading:_poll_wallets:353 - Poll error for 2fg5QD1e: 9a3e97db-abca-4bc8-bc9d-a4c2295c2738
2026-09-20 00:20:45.945 | DEBUG    | strategies.copy_trading:_poll_wallets:353 - Poll error for suqh5sHt: 9a3e97db-abca-4bc8-bc9d-a4c2295c2738
2026-09-20 00:20:45.945 | DEBUG    | strategies.copy_trading:_poll_wallets:353 - Poll error for XDgpjPub: 9a3e97db-abca-4bc8-bc9d-a4c2295c2738
2026-09-20 00:20:45.945 | DEBUG    | strategies.copy_trading:_poll_wallets:353 - Poll error for 7NAd2EpY: 9a3e97db-abca-4bc8-bc9d-a4c2295c2738
2026-09-20 00:20:45.945 | DEBUG    | strategies.copy_trading:_poll_wallets:353 - Poll error for FxN3VZ4B: 9a3e97db-abca-4bc8-bc9d-a4c2295c2738
2026-09-20 00:20:45.945 | DEBUG    | strategies.copy_trading:_poll_wallets:353 - Poll error for CyaE1Vxv: 9a3e97db-abca-4bc8-bc9d-a4c2295c2738
2026-09-20 00:20:47.446 | DEBUG    | strategies.copy_trading:_poll_wallets:353 - Poll error for BaLCEtq6: 9a3e97db-abca-4bc8-bc9d-a4c2295c2738
2026-09-20 00:20:47.447 | DEBUG    | strategies.copy_trading:_poll_wallets:353 - Poll error for 26kZ9rg8: 9a3e97db-abca-4bc8-bc9d-a4c2295c2738
2026-09-20 00:20:47.447 | DEBUG    | strategies.copy_trading:_poll_wallets:353 - Poll error for BCagckXe: 9a3e97db-abca-4bc8-bc9d-a4c2295c2738
2026-09-20 00:20:47.447 | DEBUG    | strategies.copy_trading:_poll_wallets:353 - Poll error for H812jAz5: 9a3e97db-abca-4bc8-bc9d-a4c2295c2738
2026-09-20 00:20:47.447 | DEBUG    | strategies.copy_trading:_poll_wallets:353 - Poll error for 2fg5QD1e: 9a3e97db-abca-4bc8-bc9d-a4c2295c2738
2026-09-20 00:20:47.447 | DEBUG    | strategies.copy_trading:_poll_wallets:353 - Poll error for suqh5sHt: 9a3e97db-abca-4bc8-bc9d-a4c2295c2738
2026-09-20 00:20:47.447 | DEBUG    | strategies.copy_trading:_poll_wallets:353 - Poll error for XDgpjPub: 9a3e97db-abca-4bc8-bc9d-a4c2295c2738
2026-09-20 00:20:47.447 | DEBUG    | strategies.copy_trading:_poll_wallets:353 - Poll error for 7NAd2EpY: 9a3e97db-abca-4bc8-bc9d-a4c2295c2738
2026-09-20 00:20:47.447 | DEBUG    | strategies.copy_trading:_poll_wallets:353 - Poll error for FxN3VZ4B: 9a3e97db-abca-4bc8-bc9d-a4c2295c2738
2026-09-20 00:20:47.447 | DEBUG    | strategies.copy_trading:_poll_wallets:353 - Poll error for CyaE1Vxv: 9a3e97db-abca-4bc8-bc9d-a4c2295c2738
2026-09-20 00:20:48.948 | DEBUG    | strategies.copy_trading:_poll_wallets:353 - Poll error for BaLCEtq6: 9a3e97db-abca-4bc8-bc9d-a4c2295c2738
2026-09-20 00:20:48.949 | DEBUG    | strategies.copy_trading:_poll_wallets:353 - Poll error for 26kZ9rg8: 9a3e97db-abca-4bc8-bc9d-a4c2295c2738
2026-09-20 00:20:48.949 | DEBUG    | strategies.copy_trading:_poll_wallets:353 - Poll error for BCagckXe: 9a3e97db-abca-4bc8-bc9d-a4c2295c2738
2026-09-20 00:20:48.949 | DEBUG    | strategies.copy_trading:_poll_wallets:353 - Poll error for H812jAz5: 9a3e97db-abca-4bc8-bc9d-a4c2295c2738
2026-09-20 00:20:48.949 | DEBUG    | strategies.copy_trading:_poll_wallets:353 - Poll error for 2fg5QD1e: 9a3e97db-abca-4bc8-bc9d-a4c2295c2738
2026-09-20 00:20:48.949 | DEBUG    | strategies.copy_trading:_poll_wallets:353 - Poll error for suqh5sHt: 9a3e97db-abca-4bc8-bc9d-a4c2295c2738
2026-09-20 00:20:48.949 | DEBUG    | strategies.copy_trading:_poll_wallets:353 - Poll error for XDgpjPub: 9a3e97db-abca-4bc8-bc9d-a4c2295c2738
2026-09-20 00:20:48.949 | DEBUG    | strategies.copy_trading:_poll_wallets:353 - Poll error for 7NAd2EpY: 9a3e97db-abca-4bc8-bc9d-a4c2295c2738
2026-09-20 00:20:48.949 | DEBUG    | strategies.copy_trading:_poll_wallets:353 - Poll error for FxN3VZ4B: 9a3e97db-abca-4bc8-bc9d-a4c2295c2738
2026-09-20 00:20:48.949 | DEBUG    | strategies.copy_trading:_poll_wallets:353 - Poll error for CyaE1Vxv: 9a3e97db-abca-4bc8-bc9d-a4c2295c2738
2026-09-20 00:20:50.451 | DEBUG    | strategies.copy_trading:_poll_wallets:353 - Poll error for BaLCEtq6: 9a3e97db-abca-4bc8-bc9d-a4c2295c2738
2026-09-20 00:20:50.451 | DEBUG    | strategies.copy_trading:_poll_wallets:353 - Poll error for 26kZ9rg8: 9a3e97db-abca-4bc8-bc9d-a4c2295c2738
2026-09-20 00:20:50.451 | DEBUG    | strategies.copy_trading:_poll_wallets:353 - Poll error for BCagckXe: 9a3e97db-abca-4bc8-bc9d-a4c2295c2738
2026-09-20 00:20:50.451 | DEBUG    | strategies.copy_trading:_poll_wallets:353 - Poll error for H812jAz5: 9a3e97db-abca-4bc8-bc9d-a4c2295c2738
2026-09-20 00:20:50.451 | DEBUG    | strategies.copy_trading:_poll_wallets:353 - Poll error for 2fg5QD1e: 9a3e97db-abca-4bc8-bc9d-a4c2295c2738
2026-09-20 00:20:50.452 | DEBUG    | strategies.copy_trading:_poll_wallets:353 - Poll error for suqh5sHt: 9a3e97db-abca-4bc8-bc9d-a4c2295c2738
2026-09-20 00:20:50.452 | DEBUG    | strategies.copy_trading:_poll_wallets:353 - Poll error for XDgpjPub: 9a3e97db-abca-4bc8-bc9d-a4c2295c2738
2026-09-20 00:20:50.452 | DEBUG    | strategies.copy_trading:_poll_wallets:353 - Poll error for 7NAd2EpY: 9a3e97db-abca-4bc8-bc9d-a4c2295c2738
2026-09-20 00:20:50.452 | DEBUG    | strategies.copy_trading:_poll_wallets:353 - Poll error for FxN3VZ4B: 9a3e97db-abca-4bc8-bc9d-a4c2295c2738
2026-09-20 00:20:50.452 | DEBUG    | strategies.copy_trading:_poll_wallets:353 - Poll error for CyaE1Vxv: 9a3e97db-abca-4bc8-bc9d-a4c2295c2738
2026-09-20 00:20:51.953 | DEBUG    | strategies.copy_trading:_poll_wallets:353 - Poll error for BaLCEtq6: 9a3e97db-abca-4bc8-bc9d-a4c2295c2738
2026-09-20 00:20:51.953 | DEBUG    | strategies.copy_trading:_poll_wallets:353 - Poll error for 26kZ9rg8: 9a3e97db-abca-4bc8-bc9d-a4c2295c2738
2026-09-20 00:20:51.953 | DEBUG    | strategies.copy_trading:_poll_wallets:353 - Poll error for BCagckXe: 9a3e97db-abca-4bc8-bc9d-a4c2295c2738
2026-09-20 00:20:51.953 | DEBUG    | strategies.copy_trading:_poll_wallets:353 - Poll error for H812jAz5: 9a3e97db-abca-4bc8-bc9d-a4c2295c2738
2026-09-20 00:20:51.953 | DEBUG    | strategies.copy_trading:_poll_wallets:353 - Poll error for 2fg5QD1e: 9a3e97db-abca-4bc8-bc9d-a4c2295c2738
2026-09-20 00:20:51.953 | DEBUG    | strategies.copy_trading:_poll_wallets:353 - Poll error for suqh5sHt: 9a3e97db-abca-4bc8-bc9d-a4c2295c2738
2026-09-20 00:20:51.953 | DEBUG    | strategies.copy_trading:_poll_wallets:353 - Poll error for XDgpjPub: 9a3e97db-abca-4bc8-bc9d-a4c2295c2738
2026-09-20 00:20:51.953 | DEBUG    | strategies.copy_trading:_poll_wallets:353 - Poll error for 7NAd2EpY: 9a3e97db-abca-4bc8-bc9d-a4c2295c2738
2026-09-20 00:20:51.953 | DEBUG    | strategies.copy_trading:_poll_wallets:353 - Poll error for FxN3VZ4B: 9a3e97db-abca-4bc8-bc9d-a4c2295c2738
2026-09-20 00:20:51.953 | DEBUG    | strategies.copy_trading:_poll_wallets:353 - Poll error for CyaE1Vxv: 9a3e97db-abca-4bc8-bc9d-a4c2295c2738
2026-09-20 00:20:53.455 | DEBUG    | strategies.copy_trading:_poll_wallets:353 - Poll error for BaLCEtq6: 9a3e97db-abca-4bc8-bc9d-a4c2295c2738
2026-09-20 00:20:53.455 | DEBUG    | strategies.copy_trading:_poll_wallets:353 - Poll error for 26kZ9rg8: 9a3e97db-abca-4bc8-bc9d-a4c2295c2738
2026-09-20 00:20:53.455 | DEBUG    | strategies.copy_trading:_poll_wallets:353 - Poll error for BCagckXe: 9a3e97db-abca-4bc8-bc9d-a4c2295c2738
2026-09-20 00:20:53.455 | DEBUG    | strategies.copy_trading:_poll_wallets:353 - Poll error for H812jAz5: 9a3e97db-abca-4bc8-bc9d-a4c2295c2738
2026-09-20 00:20:53.456 | DEBUG    | strategies.copy_trading:_poll_wallets:353 - Poll error for 2fg5QD1e: 9a3e97db-abca-4bc8-bc9d-a4c2295c2738
2026-09-20 00:20:53.456 | DEBUG    | strategies.copy_trading:_poll_wallets:353 - Poll error for suqh5sHt: 9a3e97db-abca-4bc8-bc9d-a4c2295c2738
2026-09-20 00:20:53.456 | DEBUG    | strategies.copy_trading:_poll_wallets:353 - Poll error for XDgpjPub: 9a3e97db-abca-4bc8-bc9d-a4c2295c2738
2026-09-20 00:20:53.456 | DEBUG    | strategies.copy_trading:_poll_wallets:353 - Poll error for 7NAd2EpY: 9a3e97db-abca-4bc8-bc9d-a4c2295c2738
2026-09-20 00:20:53.456 | DEBUG    | strategies.copy_trading:_poll_wallets:353 - Poll error for FxN3VZ4B: 9a3e97db-abca-4bc8-bc9d-a4c2295c2738
2026-09-20 00:20:53.456 | DEBUG    | strategies.copy_trading:_poll_wallets:353 - Poll error for CyaE1Vxv: 9a3e97db-abca-4bc8-bc9d-a4c2295c2738
2026-09-20 00:20:54.958 | DEBUG    | strategies.copy_trading:_poll_wallets:353 - Poll error for BaLCEtq6: 9a3e97db-abca-4bc8-bc9d-a4c2295c2738
2026-09-20 00:20:54.958 | DEBUG    | strategies.copy_trading:_poll_wallets:353 - Poll error for 26kZ9rg8: 9a3e97db-abca-4bc8-bc9d-a4c2295c2738
2026-09-20 00:20:54.958 | DEBUG    | strategies.copy_trading:_poll_wallets:353 - Poll error for BCagckXe: 9a3e97db-abca-4bc8-bc9d-a4c2295c2738
2026-09-20 00:20:54.958 | DEBUG    | strategies.copy_trading:_poll_wallets:353 - Poll error for H812jAz5: 9a3e97db-abca-4bc8-bc9d-a4c2295c2738
2026-09-20 00:20:54.959 | DEBUG    | strategies.copy_trading:_poll_wallets:353 - Poll error for 2fg5QD1e: 9a3e97db-abca-4bc8-bc9d-a4c2295c2738
2026-09-20 00:20:54.959 | DEBUG    | strategies.copy_trading:_poll_wallets:353 - Poll error for suqh5sHt: 9a3e97db-abca-4bc8-bc9d-a4c2295c2738
2026-09-20 00:20:54.959 | DEBUG    | strategies.copy_trading:_poll_wallets:353 - Poll error for XDgpjPub: 9a3e97db-abca-4bc8-bc9d-a4c2295c2738
2026-09-20 00:20:54.959 | DEBUG    | strategies.copy_trading:_poll_wallets:353 - Poll error for 7NAd2EpY: 9a3e97db-abca-4bc8-bc9d-a4c2295c2738
2026-09-20 00:20:54.959 | DEBUG    | strategies.copy_trading:_poll_wallets:353 - Poll error for FxN3VZ4B: 9a3e97db-abca-4bc8-bc9d-a4c2295c2738
2026-09-20 00:20:54.959 | DEBUG    | strategies.copy_trading:_poll_wallets:353 - Poll error for CyaE1Vxv: 9a3e97db-abca-4bc8-bc9d-a4c2295c2738
2026-09-20 00:20:56.461 | DEBUG    | strategies.copy_trading:_poll_wallets:353 - Poll error for BaLCEtq6: 9a3e97db-abca-4bc8-bc9d-a4c2295c2738
2026-09-20 00:20:56.461 | DEBUG    | strategies.copy_trading:_poll_wallets:353 - Poll error for 26kZ9rg8: 9a3e97db-abca-4bc8-bc9d-a4c2295c2738
2026-09-20 00:20:56.461 | DEBUG    | strategies.copy_trading:_poll_wallets:353 - Poll error for BCagckXe: 9a3e97db-abca-4bc8-bc9d-a4c2295c2738
2026-09-20 00:20:56.461 | DEBUG    | strategies.copy_trading:_poll_wallets:353 - Poll error for H812jAz5: 9a3e97db-abca-4bc8-bc9d-a4c2295c2738
2026-09-20 00:20:56.461 | DEBUG    | strategies.copy_trading:_poll_wallets:353 - Poll error for 2fg5QD1e: 9a3e97db-abca-4bc8-bc9d-a4c2295c2738
2026-09-20 00:20:56.461 | DEBUG    | strategies.copy_trading:_poll_wallets:353 - Poll error for suqh5sHt: 9a3e97db-abca-4bc8-bc9d-a4c2295c2738
2026-09-20 00:20:56.461 | DEBUG    | strategies.copy_trading:_poll_wallets:353 - Poll error for XDgpjPub: 9a3e97db-abca-4bc8-bc9d-a4c2295c2738
2026-09-20 00:20:56.461 | DEBUG    | strategies.copy_trading:_poll_wallets:353 - Poll error for 7NAd2EpY: 9a3e97db-abca-4bc8-bc9d-a4c2295c2738
2026-09-20 00:20:56.461 | DEBUG    | strategies.copy_trading:_poll_wallets:353 - Poll error for FxN3VZ4B: 9a3e97db-abca-4bc8-bc9d-a4c2295c2738
2026-09-20 00:20:56.461 | DEBUG    | strategies.copy_trading:_poll_wallets:353 - Poll error for CyaE1Vxv: 9a3e97db-abca-4bc8-bc9d-a4c2295c2738
2026-09-20 00:20:57.962 | DEBUG    | strategies.copy_trading:_poll_wallets:353 - Poll error for BaLCEtq6: 9a3e97db-abca-4bc8-bc9d-a4c2295c2738
2026-09-20 00:20:57.962 | DEBUG    | strategies.copy_trading:_poll_wallets:353 - Poll error for 26kZ9rg8: 9a3e97db-abca-4bc8-bc9d-a4c2295c2738
2026-09-20 00:20:57.962 | DEBUG    | strategies.copy_trading:_poll_wallets:353 - Poll error for BCagckXe: 9a3e97db-abca-4bc8-bc9d-a4c2295c2738
2026-09-20 00:20:57.963 | DEBUG    | strategies.copy_trading:_poll_wallets:353 - Poll error for H812jAz5: 9a3e97db-abca-4bc8-bc9d-a4c2295c2738
2026-09-20 00:20:57.963 | DEBUG    | strategies.copy_trading:_poll_wallets:353 - Poll error for 2fg5QD1e: 9a3e97db-abca-4bc8-bc9d-a4c2295c2738
2026-09-20 00:20:57.963 | DEBUG    | strategies.copy_trading:_poll_wallets:353 - Poll error for suqh5sHt: 9a3e97db-abca-4bc8-bc9d-a4c2295c2738
2026-09-20 00:20:57.963 | DEBUG    | strategies.copy_trading:_poll_wallets:353 - Poll error for XDgpjPub: 9a3e97db-abca-4bc8-bc9d-a4c2295c2738
2026-09-20 00:20:57.963 | DEBUG    | strategies.copy_trading:_poll_wallets:353 - Poll error for 7NAd2EpY: 9a3e97db-abca-4bc8-bc9d-a4c2295c2738
2026-09-20 00:20:57.963 | DEBUG    | strategies.copy_trading:_poll_wallets:353 - Poll error for FxN3VZ4B: 9a3e97db-abca-4bc8-bc9d-a4c2295c2738
2026-09-20 00:20:57.963 | DEBUG    | strategies.copy_trading:_poll_wallets:353 - Poll error for CyaE1Vxv: 9a3e97db-abca-4bc8-bc9d-a4c2295c2738
2026-09-20 00:20:59.465 | DEBUG    | strategies.copy_trading:_poll_wallets:353 - Poll error for BaLCEtq6: 9a3e97db-abca-4bc8-bc9d-a4c2295c2738
2026-09-20 00:20:59.465 | DEBUG    | strategies.copy_trading:_poll_wallets:353 - Poll error for 26kZ9rg8: 9a3e97db-abca-4bc8-bc9d-a4c2295c2738
2026-09-20 00:20:59.466 | DEBUG    | strategies.copy_trading:_poll_wallets:353 - Poll error for BCagckXe: 9a3e97db-abca-4bc8-bc9d-a4c2295c2738
2026-09-20 00:20:59.466 | DEBUG    | strategies.copy_trading:_poll_wallets:353 - Poll error for H812jAz5: 9a3e97db-abca-4bc8-bc9d-a4c2295c2738
2026-09-20 00:20:59.466 | DEBUG    | strategies.copy_trading:_poll_wallets:353 - Poll error for 2fg5QD1e: 9a3e97db-abca-4bc8-bc9d-a4c2295c2738
2026-09-20 00:20:59.466 | DEBUG    | strategies.copy_trading:_poll_wallets:353 - Poll error for suqh5sHt: 9a3e97db-abca-4bc8-bc9d-a4c2295c2738
2026-09-20 00:20:59.466 | DEBUG    | strategies.copy_trading:_poll_wallets:353 - Poll error for XDgpjPub: 9a3e97db-abca-4bc8-bc9d-a4c2295c2738
2026-09-20 00:20:59.466 | DEBUG    | strategies.copy_trading:_poll_wallets:353 - Poll error for 7NAd2EpY: 9a3e97db-abca-4bc8-bc9d-a4c2295c2738
2026-09-20 00:20:59.466 | DEBUG    | strategies.copy_trading:_poll_wallets:353 - Poll error for FxN3VZ4B: 9a3e97db-abca-4bc8-bc9d-a4c2295c2738
2026-09-20 00:20:59.466 | DEBUG    | strategies.copy_trading:_poll_wallets:353 - Poll error for CyaE1Vxv: 9a3e97db-abca-4bc8-bc9d-a4c2295c2738
2026-09-20 00:21:00.968 | DEBUG    | strategies.copy_trading:_poll_wallets:353 - Poll error for BaLCEtq6: 9a3e97db-abca-4bc8-bc9d-a4c2295c2738
2026-09-20 00:21:00.968 | DEBUG    | strategies.copy_trading:_poll_wallets:353 - Poll error for 26kZ9rg8: 9a3e97db-abca-4bc8-bc9d-a4c2295c2738
2026-09-20 00:21:00.968 | DEBUG    | strategies.copy_trading:_poll_wallets:353 - Poll error for BCagckXe: 9a3e97db-abca-4bc8-bc9d-a4c2295c2738
2026-09-20 00:21:00.968 | DEBUG    | strategies.copy_trading:_poll_wallets:353 - Poll error for H812jAz5: 9a3e97db-abca-4bc8-bc9d-a4c2295c2738
2026-09-20 00:21:00.968 | DEBUG    | strategies.copy_trading:_poll_wallets:353 - Poll error for 2fg5QD1e: 9a3e97db-abca-4bc8-bc9d-a4c2295c2738
2026-09-20 00:21:00.968 | DEBUG    | strategies.copy_trading:_poll_wallets:353 - Poll error for suqh5sHt: 9a3e97db-abca-4bc8-bc9d-a4c2295c2738
2026-09-20 00:21:00.968 | DEBUG    | strategies.copy_trading:_poll_wallets:353 - Poll error for XDgpjPub: 9a3e97db-abca-4bc8-bc9d-a4c2295c2738
2026-09-20 00:21:00.968 | DEBUG    | strategies.copy_trading:_poll_wallets:353 - Poll error for 7NAd2EpY: 9a3e97db-abca-4bc8-bc9d-a4c2295c2738
2026-09-20 00:21:00.969 | DEBUG    | strategies.copy_trading:_poll_wallets:353 - Poll error for FxN3VZ4B: 9a3e97db-abca-4bc8-bc9d-a4c2295c2738
2026-09-20 00:21:00.969 | DEBUG    | strategies.copy_trading:_poll_wallets:353 - Poll error for CyaE1Vxv: 9a3e97db-abca-4bc8-bc9d-a4c2295c2738
2026-09-20 00:21:02.470 | DEBUG    | strategies.copy_trading:_poll_wallets:353 - Poll error for BaLCEtq6: 9a3e97db-abca-4bc8-bc9d-a4c2295c2738
2026-09-20 00:21:02.470 | DEBUG    | strategies.copy_trading:_poll_wallets:353 - Poll error for 26kZ9rg8: 9a3e97db-abca-4bc8-bc9d-a4c2295c2738
2026-09-20 00:21:02.470 | DEBUG    | strategies.copy_trading:_poll_wallets:353 - Poll error for BCagckXe: 9a3e97db-abca-4bc8-bc9d-a4c2295c2738
2026-09-20 00:21:02.471 | DEBUG    | strategies.copy_trading:_poll_wallets:353 - Poll error for H812jAz5: 9a3e97db-abca-4bc8-bc9d-a4c2295c2738
2026-09-20 00:21:02.471 | DEBUG    | strategies.copy_trading:_poll_wallets:353 - Poll error for 2fg5QD1e: 9a3e97db-abca-4bc8-bc9d-a4c2295c2738
2026-09-20 00:21:02.471 | DEBUG    | strategies.copy_trading:_poll_wallets:353 - Poll error for suqh5sHt: 9a3e97db-abca-4bc8-bc9d-a4c2295c2738
2026-09-20 00:21:02.471 | DEBUG    | strategies.copy_trading:_poll_wallets:353 - Poll error for XDgpjPub: 9a3e97db-abca-4bc8-bc9d-a4c2295c2738
2026-09-20 00:21:02.471 | DEBUG    | strategies.copy_trading:_poll_wallets:353 - Poll error for 7NAd2EpY: 9a3e97db-abca-4bc8-bc9d-a4c2295c2738
2026-09-20 00:21:02.471 | DEBUG    | strategies.copy_trading:_poll_wallets:353 - Poll error for FxN3VZ4B: 9a3e97db-abca-4bc8-bc9d-a4c2295c2738
2026-09-20 00:21:02.471 | DEBUG    | strategies.copy_trading:_poll_wallets:353 - Poll error for CyaE1Vxv: 9a3e97db-abca-4bc8-bc9d-a4c2295c2738
2026-09-20 00:21:03.972 | DEBUG    | strategies.copy_trading:_poll_wallets:353 - Poll error for BaLCEtq6: 9a3e97db-abca-4bc8-bc9d-a4c2295c2738
2026-09-20 00:21:03.972 | DEBUG    | strategies.copy_trading:_poll_wallets:353 - Poll error for 26kZ9rg8: 9a3e97db-abca-4bc8-bc9d-a4c2295c2738
2026-09-20 00:21:03.972 | DEBUG    | strategies.copy_trading:_poll_wallets:353 - Poll error for BCagckXe: 9a3e97db-abca-4bc8-bc9d-a4c2295c2738
2026-09-20 00:21:03.972 | DEBUG    | strategies.copy_trading:_poll_wallets:353 - Poll error for H812jAz5: 9a3e97db-abca-4bc8-bc9d-a4c2295c2738
2026-09-20 00:21:03.973 | DEBUG    | strategies.copy_trading:_poll_wallets:353 - Poll error for 2fg5QD1e: 9a3e97db-abca-4bc8-bc9d-a4c2295c2738
2026-09-20 00:21:03.973 | DEBUG    | strategies.copy_trading:_poll_wallets:353 - Poll error for suqh5sHt: 9a3e97db-abca-4bc8-bc9d-a4c2295c2738
2026-09-20 00:21:03.973 | DEBUG    | strategies.copy_trading:_poll_wallets:353 - Poll error for XDgpjPub: 9a3e97db-abca-4bc8-bc9d-a4c2295c2738
2026-09-20 00:21:03.973 | DEBUG    | strategies.copy_trading:_poll_wallets:353 - Poll error for 7NAd2EpY: 9a3e97db-abca-4bc8-bc9d-a4c2295c2738
2026-09-20 00:21:03.973 | DEBUG    | strategies.copy_trading:_poll_wallets:353 - Poll error for FxN3VZ4B: 9a3e97db-abca-4bc8-bc9d-a4c2295c2738
2026-09-20 00:21:03.973 | DEBUG    | strategies.copy_trading:_poll_wallets:353 - Poll error for CyaE1Vxv: 9a3e97db-abca-4bc8-bc9d-a4c2295c2738
2026-09-20 00:21:05.474 | DEBUG    | strategies.copy_trading:_poll_wallets:353 - Poll error for BaLCEtq6: 9a3e97db-abca-4bc8-bc9d-a4c2295c2738
2026-09-20 00:21:05.474 | DEBUG    | strategies.copy_trading:_poll_wallets:353 - Poll error for 26kZ9rg8: 9a3e97db-abca-4bc8-bc9d-a4c2295c2738
2026-09-20 00:21:05.474 | DEBUG    | strategies.copy_trading:_poll_wallets:353 - Poll error for BCagckXe: 9a3e97db-abca-4bc8-bc9d-a4c2295c2738
2026-09-20 00:21:05.475 | DEBUG    | strategies.copy_trading:_poll_wallets:353 - Poll error for H812jAz5: 9a3e97db-abca-4bc8-bc9d-a4c2295c2738
2026-09-20 00:21:05.475 | DEBUG    | strategies.copy_trading:_poll_wallets:353 - Poll error for 2fg5QD1e: 9a3e97db-abca-4bc8-bc9d-a4c2295c2738
2026-09-20 00:21:05.475 | DEBUG    | strategies.copy_trading:_poll_wallets:353 - Poll error for suqh5sHt: 9a3e97db-abca-4bc8-bc9d-a4c2295c2738
2026-09-20 00:21:05.475 | DEBUG    | strategies.copy_trading:_poll_wallets:353 - Poll error for XDgpjPub: 9a3e97db-abca-4bc8-bc9d-a4c2295c2738
2026-09-20 00:21:05.475 | DEBUG    | strategies.copy_trading:_poll_wallets:353 - Poll error for 7NAd2EpY: 9a3e97db-abca-4bc8-bc9d-a4c2295c2738
2026-09-20 00:21:05.475 | DEBUG    | strategies.copy_trading:_poll_wallets:353 - Poll error for FxN3VZ4B: 9a3e97db-abca-4bc8-bc9d-a4c2295c2738
2026-09-20 00:21:05.475 | DEBUG    | strategies.copy_trading:_poll_wallets:353 - Poll error for CyaE1Vxv: 9a3e97db-abca-4bc8-bc9d-a4c2295c2738
2026-09-20 00:21:06.976 | DEBUG    | strategies.copy_trading:_poll_wallets:353 - Poll error for BaLCEtq6: 9a3e97db-abca-4bc8-bc9d-a4c2295c2738
2026-09-20 00:21:06.976 | DEBUG    | strategies.copy_trading:_poll_wallets:353 - Poll error for 26kZ9rg8: 9a3e97db-abca-4bc8-bc9d-a4c2295c2738
2026-09-20 00:21:06.976 | DEBUG    | strategies.copy_trading:_poll_wallets:353 - Poll error for BCagckXe: 9a3e97db-abca-4bc8-bc9d-a4c2295c2738
2026-09-20 00:21:06.976 | DEBUG    | strategies.copy_trading:_poll_wallets:353 - Poll error for H812jAz5: 9a3e97db-abca-4bc8-bc9d-a4c2295c2738
2026-09-20 00:21:06.976 | DEBUG    | strategies.copy_trading:_poll_wallets:353 - Poll error for 2fg5QD1e: 9a3e97db-abca-4bc8-bc9d-a4c2295c2738
2026-09-20 00:21:06.976 | DEBUG    | strategies.copy_trading:_poll_wallets:353 - Poll error for suqh5sHt: 9a3e97db-abca-4bc8-bc9d-a4c2295c2738
2026-09-20 00:21:06.976 | DEBUG    | strategies.copy_trading:_poll_wallets:353 - Poll error for XDgpjPub: 9a3e97db-abca-4bc8-bc9d-a4c2295c2738
2026-09-20 00:21:06.976 | DEBUG    | strategies.copy_trading:_poll_wallets:353 - Poll error for 7NAd2EpY: 9a3e97db-abca-4bc8-bc9d-a4c2295c2738
2026-09-20 00:21:06.976 | DEBUG    | strategies.copy_trading:_poll_wallets:353 - Poll error for FxN3VZ4B: 9a3e97db-abca-4bc8-bc9d-a4c2295c2738
2026-09-20 00:21:06.976 | DEBUG    | strategies.copy_trading:_poll_wallets:353 - Poll error for CyaE1Vxv: 9a3e97db-abca-4bc8-bc9d-a4c2295c2738
2026-09-20 00:21:08.478 | DEBUG    | strategies.copy_trading:_poll_wallets:353 - Poll error for BaLCEtq6: 9a3e97db-abca-4bc8-bc9d-a4c2295c2738
2026-09-20 00:21:08.478 | DEBUG    | strategies.copy_trading:_poll_wallets:353 - Poll error for 26kZ9rg8: 9a3e97db-abca-4bc8-bc9d-a4c2295c2738
2026-09-20 00:21:08.478 | DEBUG    | strategies.copy_trading:_poll_wallets:353 - Poll error for BCagckXe: 9a3e97db-abca-4bc8-bc9d-a4c2295c2738
2026-09-20 00:21:08.478 | DEBUG    | strategies.copy_trading:_poll_wallets:353 - Poll error for H812jAz5: 9a3e97db-abca-4bc8-bc9d-a4c2295c2738
2026-09-20 00:21:08.478 | DEBUG    | strategies.copy_trading:_poll_wallets:353 - Poll error for 2fg5QD1e: 9a3e97db-abca-4bc8-bc9d-a4c2295c2738
2026-09-20 00:21:08.478 | DEBUG    | strategies.copy_trading:_poll_wallets:353 - Poll error for suqh5sHt: 9a3e97db-abca-4bc8-bc9d-a4c2295c2738
2026-09-20 00:21:08.478 | DEBUG    | strategies.copy_trading:_poll_wallets:353 - Poll error for XDgpjPub: 9a3e97db-abca-4bc8-bc9d-a4c2295c2738
2026-09-20 00:21:08.478 | DEBUG    | strategies.copy_trading:_poll_wallets:353 - Poll error for 7NAd2EpY: 9a3e97db-abca-4bc8-bc9d-a4c2295c2738
2026-09-20 00:21:08.478 | DEBUG    | strategies.copy_trading:_poll_wallets:353 - Poll error for FxN3VZ4B: 9a3e97db-abca-4bc8-bc9d-a4c2295c2738
2026-09-20 00:21:08.478 | DEBUG    | strategies.copy_trading:_poll_wallets:353 - Poll error for CyaE1Vxv: 9a3e97db-abca-4bc8-bc9d-a4c2295c2738
2026-09-20 00:21:09.980 | DEBUG    | strategies.copy_trading:_poll_wallets:353 - Poll error for BaLCEtq6: 9a3e97db-abca-4bc8-bc9d-a4c2295c2738
2026-09-20 00:21:09.980 | DEBUG    | strategies.copy_trading:_poll_wallets:353 - Poll error for 26kZ9rg8: 9a3e97db-abca-4bc8-bc9d-a4c2295c2738
2026-09-20 00:21:09.981 | DEBUG    | strategies.copy_trading:_poll_wallets:353 - Poll error for BCagckXe: 9a3e97db-abca-4bc8-bc9d-a4c2295c2738
2026-09-20 00:21:09.981 | DEBUG    | strategies.copy_trading:_poll_wallets:353 - Poll error for H812jAz5: 9a3e97db-abca-4bc8-bc9d-a4c2295c2738
2026-09-20 00:21:09.981 | DEBUG    | strategies.copy_trading:_poll_wallets:353 - Poll error for 2fg5QD1e: 9a3e97db-abca-4bc8-bc9d-a4c2295c2738
2026-09-20 00:21:09.981 | DEBUG    | strategies.copy_trading:_poll_wallets:353 - Poll error for suqh5sHt: 9a3e97db-abca-4bc8-bc9d-a4c2295c2738
2026-09-20 00:21:09.982 | DEBUG    | strategies.copy_trading:_poll_wallets:353 - Poll error for XDgpjPub: 9a3e97db-abca-4bc8-bc9d-a4c2295c2738
2026-09-20 00:21:09.982 | DEBUG    | strategies.copy_trading:_poll_wallets:353 - Poll error for 7NAd2EpY: 9a3e97db-abca-4bc8-bc9d-a4c2295c2738
2026-09-20 00:21:09.982 | DEBUG    | strategies.copy_trading:_poll_wallets:353 - Poll error for FxN3VZ4B: 9a3e97db-abca-4bc8-bc9d-a4c2295c2738
2026-09-20 00:21:09.982 | DEBUG    | strategies.copy_trading:_poll_wallets:353 - Poll error for CyaE1Vxv: 9a3e97db-abca-4bc8-bc9d-a4c2295c2738
2026-09-20 00:21:11.484 | DEBUG    | strategies.copy_trading:_poll_wallets:353 - Poll error for BaLCEtq6: 9a3e97db-abca-4bc8-bc9d-a4c2295c2738
2026-09-20 00:21:11.484 | DEBUG    | strategies.copy_trading:_poll_wallets:353 - Poll error for 26kZ9rg8: 9a3e97db-abca-4bc8-bc9d-a4c2295c2738
2026-09-20 00:21:11.485 | DEBUG    | strategies.copy_trading:_poll_wallets:353 - Poll error for BCagckXe: 9a3e97db-abca-4bc8-bc9d-a4c2295c2738
2026-09-20 00:21:11.485 | DEBUG    | strategies.copy_trading:_poll_wallets:353 - Poll error for H812jAz5: 9a3e97db-abca-4bc8-bc9d-a4c2295c2738
2026-09-20 00:21:11.485 | DEBUG    | strategies.copy_trading:_poll_wallets:353 - Poll error for 2fg5QD1e: 9a3e97db-abca-4bc8-bc9d-a4c2295c2738
2026-09-20 00:21:11.485 | DEBUG    | strategies.copy_trading:_poll_wallets:353 - Poll error for suqh5sHt: 9a3e97db-abca-4bc8-bc9d-a4c2295c2738
2026-09-20 00:21:11.485 | DEBUG    | strategies.copy_trading:_poll_wallets:353 - Poll error for XDgpjPub: 9a3e97db-abca-4bc8-bc9d-a4c2295c2738
2026-09-20 00:21:11.485 | DEBUG    | strategies.copy_trading:_poll_wallets:353 - Poll error for 7NAd2EpY: 9a3e97db-abca-4bc8-bc9d-a4c2295c2738
2026-09-20 00:21:11.485 | DEBUG    | strategies.copy_trading:_poll_wallets:353 - Poll error for FxN3VZ4B: 9a3e97db-abca-4bc8-bc9d-a4c2295c2738
2026-09-20 00:21:11.485 | DEBUG    | strategies.copy_trading:_poll_wallets:353 - Poll error for CyaE1Vxv: 9a3e97db-abca-4bc8-bc9d-a4c2295c2738
2026-09-20 00:21:12.987 | DEBUG    | strategies.copy_trading:_poll_wallets:353 - Poll error for BaLCEtq6: 9a3e97db-abca-4bc8-bc9d-a4c2295c2738
2026-09-20 00:21:12.987 | DEBUG    | strategies.copy_trading:_poll_wallets:353 - Poll error for 26kZ9rg8: 9a3e97db-abca-4bc8-bc9d-a4c2295c2738
2026-09-20 00:21:12.987 | DEBUG    | strategies.copy_trading:_poll_wallets:353 - Poll error for BCagckXe: 9a3e97db-abca-4bc8-bc9d-a4c2295c2738
2026-09-20 00:21:12.987 | DEBUG    | strategies.copy_trading:_poll_wallets:353 - Poll error for H812jAz5: 9a3e97db-abca-4bc8-bc9d-a4c2295c2738
2026-09-20 00:21:12.987 | DEBUG    | strategies.copy_trading:_poll_wallets:353 - Poll error for 2fg5QD1e: 9a3e97db-abca-4bc8-bc9d-a4c2295c2738
2026-09-20 00:21:12.987 | DEBUG    | strategies.copy_trading:_poll_wallets:353 - Poll error for suqh5sHt: 9a3e97db-abca-4bc8-bc9d-a4c2295c2738
2026-09-20 00:21:12.987 | DEBUG    | strategies.copy_trading:_poll_wallets:353 - Poll error for XDgpjPub: 9a3e97db-abca-4bc8-bc9d-a4c2295c2738
2026-09-20 00:21:12.987 | DEBUG    | strategies.copy_trading:_poll_wallets:353 - Poll error for 7NAd2EpY: 9a3e97db-abca-4bc8-bc9d-a4c2295c2738
2026-09-20 00:21:12.987 | DEBUG    | strategies.copy_trading:_poll_wallets:353 - Poll error for FxN3VZ4B: 9a3e97db-abca-4bc8-bc9d-a4c2295c2738
2026-09-20 00:21:12.987 | DEBUG    | strategies.copy_trading:_poll_wallets:353 - Poll error for CyaE1Vxv: 9a3e97db-abca-4bc8-bc9d-a4c2295c2738
2026-09-20 00:21:14.489 | DEBUG    | strategies.copy_trading:_poll_wallets:353 - Poll error for BaLCEtq6: 9a3e97db-abca-4bc8-bc9d-a4c2295c2738
2026-09-20 00:21:14.489 | DEBUG    | strategies.copy_trading:_poll_wallets:353 - Poll error for 26kZ9rg8: 9a3e97db-abca-4bc8-bc9d-a4c2295c2738
2026-09-20 00:21:14.489 | DEBUG    | strategies.copy_trading:_poll_wallets:353 - Poll error for BCagckXe: 9a3e97db-abca-4bc8-bc9d-a4c2295c2738
2026-09-20 00:21:14.489 | DEBUG    | strategies.copy_trading:_poll_wallets:353 - Poll error for H812jAz5: 9a3e97db-abca-4bc8-bc9d-a4c2295c2738
2026-09-20 00:21:14.489 | DEBUG    | strategies.copy_trading:_poll_wallets:353 - Poll error for 2fg5QD1e: 9a3e97db-abca-4bc8-bc9d-a4c2295c2738
2026-09-20 00:21:14.489 | DEBUG    | strategies.copy_trading:_poll_wallets:353 - Poll error for suqh5sHt: 9a3e97db-abca-4bc8-bc9d-a4c2295c2738
2026-09-20 00:21:14.489 | DEBUG    | strategies.copy_trading:_poll_wallets:353 - Poll error for XDgpjPub: 9a3e97db-abca-4bc8-bc9d-a4c2295c2738
2026-09-20 00:21:14.489 | DEBUG    | strategies.copy_trading:_poll_wallets:353 - Poll error for 7NAd2EpY: 9a3e97db-abca-4bc8-bc9d-a4c2295c2738
2026-09-20 00:21:14.489 | DEBUG    | strategies.copy_trading:_poll_wallets:353 - Poll error for FxN3VZ4B: 9a3e97db-abca-4bc8-bc9d-a4c2295c2738
2026-09-20 00:21:14.490 | DEBUG    | strategies.copy_trading:_poll_wallets:353 - Poll error for CyaE1Vxv: 9a3e97db-abca-4bc8-bc9d-a4c2295c2738
2026-09-20 00:21:15.991 | DEBUG    | strategies.copy_trading:_poll_wallets:353 - Poll error for BaLCEtq6: 9a3e97db-abca-4bc8-bc9d-a4c2295c2738
2026-09-20 00:21:15.991 | DEBUG    | strategies.copy_trading:_poll_wallets:353 - Poll error for 26kZ9rg8: 9a3e97db-abca-4bc8-bc9d-a4c2295c2738
2026-09-20 00:21:15.991 | DEBUG    | strategies.copy_trading:_poll_wallets:353 - Poll error for BCagckXe: 9a3e97db-abca-4bc8-bc9d-a4c2295c2738
2026-09-20 00:21:15.991 | DEBUG    | strategies.copy_trading:_poll_wallets:353 - Poll error for H812jAz5: 9a3e97db-abca-4bc8-bc9d-a4c2295c2738
2026-09-20 00:21:15.991 | DEBUG    | strategies.copy_trading:_poll_wallets:353 - Poll error for 2fg5QD1e: 9a3e97db-abca-4bc8-bc9d-a4c2295c2738
2026-09-20 00:21:15.991 | DEBUG    | strategies.copy_trading:_poll_wallets:353 - Poll error for suqh5sHt: 9a3e97db-abca-4bc8-bc9d-a4c2295c2738
2026-09-20 00:21:15.991 | DEBUG    | strategies.copy_trading:_poll_wallets:353 - Poll error for XDgpjPub: 9a3e97db-abca-4bc8-bc9d-a4c2295c2738
2026-09-20 00:21:15.991 | DEBUG    | strategies.copy_trading:_poll_wallets:353 - Poll error for 7NAd2EpY: 9a3e97db-abca-4bc8-bc9d-a4c2295c2738
2026-09-20 00:21:15.991 | DEBUG    | strategies.copy_trading:_poll_wallets:353 - Poll error for FxN3VZ4B: 9a3e97db-abca-4bc8-bc9d-a4c2295c2738
2026-09-20 00:21:15.991 | DEBUG    | strategies.copy_trading:_poll_wallets:353 - Poll error for CyaE1Vxv: 9a3e97db-abca-4bc8-bc9d-a4c2295c2738
2026-09-20 00:21:17.492 | DEBUG    | strategies.copy_trading:_poll_wallets:353 - Poll error for BaLCEtq6: 9a3e97db-abca-4bc8-bc9d-a4c2295c2738
2026-09-20 00:21:17.492 | DEBUG    | strategies.copy_trading:_poll_wallets:353 - Poll error for 26kZ9rg8: 9a3e97db-abca-4bc8-bc9d-a4c2295c2738
2026-09-20 00:21:17.492 | DEBUG    | strategies.copy_trading:_poll_wallets:353 - Poll error for BCagckXe: 9a3e97db-abca-4bc8-bc9d-a4c2295c2738
2026-09-20 00:21:17.492 | DEBUG    | strategies.copy_trading:_poll_wallets:353 - Poll error for H812jAz5: 9a3e97db-abca-4bc8-bc9d-a4c2295c2738
2026-09-20 00:21:17.493 | DEBUG    | strategies.copy_trading:_poll_wallets:353 - Poll error for 2fg5QD1e: 9a3e97db-abca-4bc8-bc9d-a4c2295c2738
2026-09-20 00:21:17.493 | DEBUG    | strategies.copy_trading:_poll_wallets:353 - Poll error for suqh5sHt: 9a3e97db-abca-4bc8-bc9d-a4c2295c2738
2026-09-20 00:21:17.493 | DEBUG    | strategies.copy_trading:_poll_wallets:353 - Poll error for XDgpjPub: 9a3e97db-abca-4bc8-bc9d-a4c2295c2738
2026-09-20 00:21:17.493 | DEBUG    | strategies.copy_trading:_poll_wallets:353 - Poll error for 7NAd2EpY: 9a3e97db-abca-4bc8-bc9d-a4c2295c2738
2026-09-20 00:21:17.493 | DEBUG    | strategies.copy_trading:_poll_wallets:353 - Poll error for FxN3VZ4B: 9a3e97db-abca-4bc8-bc9d-a4c2295c2738
2026-09-20 00:21:17.493 | DEBUG    | strategies.copy_trading:_poll_wallets:353 - Poll error for CyaE1Vxv: 9a3e97db-abca-4bc8-bc9d-a4c2295c2738
2026-09-20 00:21:18.731 | DEBUG    | __main__:run:196 - Engine: 1 estrategias activas/1 | Uptime: 180s
2026-09-20 00:21:18.995 | DEBUG    | strategies.copy_trading:_poll_wallets:353 - Poll error for BaLCEtq6: 9a3e97db-abca-4bc8-bc9d-a4c2295c2738
2026-09-20 00:21:18.996 | DEBUG    | strategies.copy_trading:_poll_wallets:353 - Poll error for 26kZ9rg8: 9a3e97db-abca-4bc8-bc9d-a4c2295c2738
2026-09-20 00:21:18.996 | DEBUG    | strategies.copy_trading:_poll_wallets:353 - Poll error for BCagckXe: 9a3e97db-abca-4bc8-bc9d-a4c2295c2738
2026-09-20 00:21:18.996 | DEBUG    | strategies.copy_trading:_poll_wallets:353 - Poll error for H812jAz5: 9a3e97db-abca-4bc8-bc9d-a4c2295c2738
2026-09-20 00:21:18.996 | DEBUG    | strategies.copy_trading:_poll_wallets:353 - Poll error for 2fg5QD1e: 9a3e97db-abca-4bc8-bc9d-a4c2295c2738
2026-09-20 00:21:18.996 | DEBUG    | strategies.copy_trading:_poll_wallets:353 - Poll error for suqh5sHt: 9a3e97db-abca-4bc8-bc9d-a4c2295c2738
2026-09-20 00:21:18.997 | DEBUG    | strategies.copy_trading:_poll_wallets:353 - Poll error for XDgpjPub: 9a3e97db-abca-4bc8-bc9d-a4c2295c2738
2026-09-20 00:21:18.997 | DEBUG    | strategies.copy_trading:_poll_wallets:353 - Poll error for 7NAd2EpY: 9a3e97db-abca-4bc8-bc9d-a4c2295c2738
2026-09-20 00:21:18.997 | DEBUG    | strategies.copy_trading:_poll_wallets:353 - Poll error for FxN3VZ4B: 9a3e97db-abca-4bc8-bc9d-a4c2295c2738
2026-09-20 00:21:18.997 | DEBUG    | strategies.copy_trading:_poll_wallets:353 - Poll error for CyaE1Vxv: 9a3e97db-abca-4bc8-bc9d-a4c2295c2738
2026-09-20 00:21:20.498 | DEBUG    | strategies.copy_trading:_poll_wallets:353 - Poll error for BaLCEtq6: 9a3e97db-abca-4bc8-bc9d-a4c2295c2738
2026-09-20 00:21:20.498 | DEBUG    | strategies.copy_trading:_poll_wallets:353 - Poll error for 26kZ9rg8: 9a3e97db-abca-4bc8-bc9d-a4c2295c2738
2026-09-20 00:21:20.498 | DEBUG    | strategies.copy_trading:_poll_wallets:353 - Poll error for BCagckXe: 9a3e97db-abca-4bc8-bc9d-a4c2295c2738
2026-09-20 00:21:20.498 | DEBUG    | strategies.copy_trading:_poll_wallets:353 - Poll error for H812jAz5: 9a3e97db-abca-4bc8-bc9d-a4c2295c2738
2026-09-20 00:21:20.498 | DEBUG    | strategies.copy_trading:_poll_wallets:353 - Poll error for 2fg5QD1e: 9a3e97db-abca-4bc8-bc9d-a4c2295c2738
2026-09-20 00:21:20.498 | DEBUG    | strategies.copy_trading:_poll_wallets:353 - Poll error for suqh5sHt: 9a3e97db-abca-4bc8-bc9d-a4c2295c2738
2026-09-20 00:21:20.498 | DEBUG    | strategies.copy_trading:_poll_wallets:353 - Poll error for XDgpjPub: 9a3e97db-abca-4bc8-bc9d-a4c2295c2738
2026-09-20 00:21:20.499 | DEBUG    | strategies.copy_trading:_poll_wallets:353 - Poll error for 7NAd2EpY: 9a3e97db-abca-4bc8-bc9d-a4c2295c2738
2026-09-20 00:21:20.499 | DEBUG    | strategies.copy_trading:_poll_wallets:353 - Poll error for FxN3VZ4B: 9a3e97db-abca-4bc8-bc9d-a4c2295c2738
2026-09-20 00:21:20.499 | DEBUG    | strategies.copy_trading:_poll_wallets:353 - Poll error for CyaE1Vxv: 9a3e97db-abca-4bc8-bc9d-a4c2295c2738
2026-09-20 00:21:21.999 | DEBUG    | strategies.copy_trading:_poll_wallets:353 - Poll error for BaLCEtq6: 9a3e97db-abca-4bc8-bc9d-a4c2295c2738
2026-09-20 00:21:22.000 | DEBUG    | strategies.copy_trading:_poll_wallets:353 - Poll error for 26kZ9rg8: 9a3e97db-abca-4bc8-bc9d-a4c2295c2738
2026-09-20 00:21:22.000 | DEBUG    | strategies.copy_trading:_poll_wallets:353 - Poll error for BCagckXe: 9a3e97db-abca-4bc8-bc9d-a4c2295c2738
2026-09-20 00:21:22.000 | DEBUG    | strategies.copy_trading:_poll_wallets:353 - Poll error for H812jAz5: 9a3e97db-abca-4bc8-bc9d-a4c2295c2738
2026-09-20 00:21:22.000 | DEBUG    | strategies.copy_trading:_poll_wallets:353 - Poll error for 2fg5QD1e: 9a3e97db-abca-4bc8-bc9d-a4c2295c2738
2026-09-20 00:21:22.000 | DEBUG    | strategies.copy_trading:_poll_wallets:353 - Poll error for suqh5sHt: 9a3e97db-abca-4bc8-bc9d-a4c2295c2738
2026-09-20 00:21:22.000 | DEBUG    | strategies.copy_trading:_poll_wallets:353 - Poll error for XDgpjPub: 9a3e97db-abca-4bc8-bc9d-a4c2295c2738
2026-09-20 00:21:22.000 | DEBUG    | strategies.copy_trading:_poll_wallets:353 - Poll error for 7NAd2EpY: 9a3e97db-abca-4bc8-bc9d-a4c2295c2738
2026-09-20 00:21:22.000 | DEBUG    | strategies.copy_trading:_poll_wallets:353 - Poll error for FxN3VZ4B: 9a3e97db-abca-4bc8-bc9d-a4c2295c2738
2026-09-20 00:21:22.000 | DEBUG    | strategies.copy_trading:_poll_wallets:353 - Poll error for CyaE1Vxv: 9a3e97db-abca-4bc8-bc9d-a4c2295c2738
2026-09-20 00:21:23.502 | DEBUG    | strategies.copy_trading:_poll_wallets:353 - Poll error for BaLCEtq6: 9a3e97db-abca-4bc8-bc9d-a4c2295c2738
2026-09-20 00:21:23.502 | DEBUG    | strategies.copy_trading:_poll_wallets:353 - Poll error for 26kZ9rg8: 9a3e97db-abca-4bc8-bc9d-a4c2295c2738
2026-09-20 00:21:23.502 | DEBUG    | strategies.copy_trading:_poll_wallets:353 - Poll error for BCagckXe: 9a3e97db-abca-4bc8-bc9d-a4c2295c2738
2026-09-20 00:21:23.502 | DEBUG    | strategies.copy_trading:_poll_wallets:353 - Poll error for H812jAz5: 9a3e97db-abca-4bc8-bc9d-a4c2295c2738
2026-09-20 00:21:23.502 | DEBUG    | strategies.copy_trading:_poll_wallets:353 - Poll error for 2fg5QD1e: 9a3e97db-abca-4bc8-bc9d-a4c2295c2738
2026-09-20 00:21:23.502 | DEBUG    | strategies.copy_trading:_poll_wallets:353 - Poll error for suqh5sHt: 9a3e97db-abca-4bc8-bc9d-a4c2295c2738
2026-09-20 00:21:23.502 | DEBUG    | strategies.copy_trading:_poll_wallets:353 - Poll error for XDgpjPub: 9a3e97db-abca-4bc8-bc9d-a4c2295c2738
2026-09-20 00:21:23.502 | DEBUG    | strategies.copy_trading:_poll_wallets:353 - Poll error for 7NAd2EpY: 9a3e97db-abca-4bc8-bc9d-a4c2295c2738
2026-09-20 00:21:23.502 | DEBUG    | strategies.copy_trading:_poll_wallets:353 - Poll error for FxN3VZ4B: 9a3e97db-abca-4bc8-bc9d-a4c2295c2738
2026-09-20 00:21:23.502 | DEBUG    | strategies.copy_trading:_poll_wallets:353 - Poll error for CyaE1Vxv: 9a3e97db-abca-4bc8-bc9d-a4c2295c2738
2026-09-20 00:21:25.004 | DEBUG    | strategies.copy_trading:_poll_wallets:353 - Poll error for BaLCEtq6: 9a3e97db-abca-4bc8-bc9d-a4c2295c2738
2026-09-20 00:21:25.004 | DEBUG    | strategies.copy_trading:_poll_wallets:353 - Poll error for 26kZ9rg8: 9a3e97db-abca-4bc8-bc9d-a4c2295c2738
2026-09-20 00:21:25.004 | DEBUG    | strategies.copy_trading:_poll_wallets:353 - Poll error for BCagckXe: 9a3e97db-abca-4bc8-bc9d-a4c2295c2738
2026-09-20 00:21:25.004 | DEBUG    | strategies.copy_trading:_poll_wallets:353 - Poll error for H812jAz5: 9a3e97db-abca-4bc8-bc9d-a4c2295c2738
2026-09-20 00:21:25.005 | DEBUG    | strategies.copy_trading:_poll_wallets:353 - Poll error for 2fg5QD1e: 9a3e97db-abca-4bc8-bc9d-a4c2295c2738
2026-09-20 00:21:25.005 | DEBUG    | strategies.copy_trading:_poll_wallets:353 - Poll error for suqh5sHt: 9a3e97db-abca-4bc8-bc9d-a4c2295c2738
2026-09-20 00:21:25.005 | DEBUG    | strategies.copy_trading:_poll_wallets:353 - Poll error for XDgpjPub: 9a3e97db-abca-4bc8-bc9d-a4c2295c2738
2026-09-20 00:21:25.005 | DEBUG    | strategies.copy_trading:_poll_wallets:353 - Poll error for 7NAd2EpY: 9a3e97db-abca-4bc8-bc9d-a4c2295c2738
2026-09-20 00:21:25.005 | DEBUG    | strategies.copy_trading:_poll_wallets:353 - Poll error for FxN3VZ4B: 9a3e97db-abca-4bc8-bc9d-a4c2295c2738
2026-09-20 00:21:25.005 | DEBUG    | strategies.copy_trading:_poll_wallets:353 - Poll error for CyaE1Vxv: 9a3e97db-abca-4bc8-bc9d-a4c2295c2738
2026-09-20 00:21:26.506 | DEBUG    | strategies.copy_trading:_poll_wallets:353 - Poll error for BaLCEtq6: 9a3e97db-abca-4bc8-bc9d-a4c2295c2738
2026-09-20 00:21:26.506 | DEBUG    | strategies.copy_trading:_poll_wallets:353 - Poll error for 26kZ9rg8: 9a3e97db-abca-4bc8-bc9d-a4c2295c2738
2026-09-20 00:21:26.506 | DEBUG    | strategies.copy_trading:_poll_wallets:353 - Poll error for BCagckXe: 9a3e97db-abca-4bc8-bc9d-a4c2295c2738
2026-09-20 00:21:26.506 | DEBUG    | strategies.copy_trading:_poll_wallets:353 - Poll error for H812jAz5: 9a3e97db-abca-4bc8-bc9d-a4c2295c2738
2026-09-20 00:21:26.506 | DEBUG    | strategies.copy_trading:_poll_wallets:353 - Poll error for 2fg5QD1e: 9a3e97db-abca-4bc8-bc9d-a4c2295c2738
2026-09-20 00:21:26.506 | DEBUG    | strategies.copy_trading:_poll_wallets:353 - Poll error for suqh5sHt: 9a3e97db-abca-4bc8-bc9d-a4c2295c2738
2026-09-20 00:21:26.506 | DEBUG    | strategies.copy_trading:_poll_wallets:353 - Poll error for XDgpjPub: 9a3e97db-abca-4bc8-bc9d-a4c2295c2738
2026-09-20 00:21:26.507 | DEBUG    | strategies.copy_trading:_poll_wallets:353 - Poll error for 7NAd2EpY: 9a3e97db-abca-4bc8-bc9d-a4c2295c2738
2026-09-20 00:21:26.507 | DEBUG    | strategies.copy_trading:_poll_wallets:353 - Poll error for FxN3VZ4B: 9a3e97db-abca-4bc8-bc9d-a4c2295c2738
2026-09-20 00:21:26.507 | DEBUG    | strategies.copy_trading:_poll_wallets:353 - Poll error for CyaE1Vxv: 9a3e97db-abca-4bc8-bc9d-a4c2295c2738
2026-09-20 00:21:28.009 | DEBUG    | strategies.copy_trading:_poll_wallets:353 - Poll error for BaLCEtq6: 9a3e97db-abca-4bc8-bc9d-a4c2295c2738
2026-09-20 00:21:28.009 | DEBUG    | strategies.copy_trading:_poll_wallets:353 - Poll error for 26kZ9rg8: 9a3e97db-abca-4bc8-bc9d-a4c2295c2738
2026-09-20 00:21:28.009 | DEBUG    | strategies.copy_trading:_poll_wallets:353 - Poll error for BCagckXe: 9a3e97db-abca-4bc8-bc9d-a4c2295c2738
2026-09-20 00:21:28.009 | DEBUG    | strategies.copy_trading:_poll_wallets:353 - Poll error for H812jAz5: 9a3e97db-abca-4bc8-bc9d-a4c2295c2738
2026-09-20 00:21:28.009 | DEBUG    | strategies.copy_trading:_poll_wallets:353 - Poll error for 2fg5QD1e: 9a3e97db-abca-4bc8-bc9d-a4c2295c2738
2026-09-20 00:21:28.009 | DEBUG    | strategies.copy_trading:_poll_wallets:353 - Poll error for suqh5sHt: 9a3e97db-abca-4bc8-bc9d-a4c2295c2738
2026-09-20 00:21:28.009 | DEBUG    | strategies.copy_trading:_poll_wallets:353 - Poll error for XDgpjPub: 9a3e97db-abca-4bc8-bc9d-a4c2295c2738
2026-09-20 00:21:28.009 | DEBUG    | strategies.copy_trading:_poll_wallets:353 - Poll error for 7NAd2EpY: 9a3e97db-abca-4bc8-bc9d-a4c2295c2738
2026-09-20 00:21:28.009 | DEBUG    | strategies.copy_trading:_poll_wallets:353 - Poll error for FxN3VZ4B: 9a3e97db-abca-4bc8-bc9d-a4c2295c2738
2026-09-20 00:21:28.009 | DEBUG    | strategies.copy_trading:_poll_wallets:353 - Poll error for CyaE1Vxv: 9a3e97db-abca-4bc8-bc9d-a4c2295c2738
2026-09-20 00:21:29.511 | DEBUG    | strategies.copy_trading:_poll_wallets:353 - Poll error for BaLCEtq6: 9a3e97db-abca-4bc8-bc9d-a4c2295c2738
2026-09-20 00:21:29.511 | DEBUG    | strategies.copy_trading:_poll_wallets:353 - Poll error for 26kZ9rg8: 9a3e97db-abca-4bc8-bc9d-a4c2295c2738
2026-09-20 00:21:29.511 | DEBUG    | strategies.copy_trading:_poll_wallets:353 - Poll error for BCagckXe: 9a3e97db-abca-4bc8-bc9d-a4c2295c2738
2026-09-20 00:21:29.511 | DEBUG    | strategies.copy_trading:_poll_wallets:353 - Poll error for H812jAz5: 9a3e97db-abca-4bc8-bc9d-a4c2295c2738
2026-09-20 00:21:29.511 | DEBUG    | strategies.copy_trading:_poll_wallets:353 - Poll error for 2fg5QD1e: 9a3e97db-abca-4bc8-bc9d-a4c2295c2738
2026-09-20 00:21:29.511 | DEBUG    | strategies.copy_trading:_poll_wallets:353 - Poll error for suqh5sHt: 9a3e97db-abca-4bc8-bc9d-a4c2295c2738
2026-09-20 00:21:29.511 | DEBUG    | strategies.copy_trading:_poll_wallets:353 - Poll error for XDgpjPub: 9a3e97db-abca-4bc8-bc9d-a4c2295c2738
2026-09-20 00:21:29.511 | DEBUG    | strategies.copy_trading:_poll_wallets:353 - Poll error for 7NAd2EpY: 9a3e97db-abca-4bc8-bc9d-a4c2295c2738
2026-09-20 00:21:29.511 | DEBUG    | strategies.copy_trading:_poll_wallets:353 - Poll error for FxN3VZ4B: 9a3e97db-abca-4bc8-bc9d-a4c2295c2738
2026-09-20 00:21:29.511 | DEBUG    | strategies.copy_trading:_poll_wallets:353 - Poll error for CyaE1Vxv: 9a3e97db-abca-4bc8-bc9d-a4c2295c2738
2026-09-20 00:21:31.012 | DEBUG    | strategies.copy_trading:_poll_wallets:353 - Poll error for BaLCEtq6: 9a3e97db-abca-4bc8-bc9d-a4c2295c2738
2026-09-20 00:21:31.013 | DEBUG    | strategies.copy_trading:_poll_wallets:353 - Poll error for 26kZ9rg8: 9a3e97db-abca-4bc8-bc9d-a4c2295c2738
2026-09-20 00:21:31.013 | DEBUG    | strategies.copy_trading:_poll_wallets:353 - Poll error for BCagckXe: 9a3e97db-abca-4bc8-bc9d-a4c2295c2738
2026-09-20 00:21:31.013 | DEBUG    | strategies.copy_trading:_poll_wallets:353 - Poll error for H812jAz5: 9a3e97db-abca-4bc8-bc9d-a4c2295c2738
2026-09-20 00:21:31.013 | DEBUG    | strategies.copy_trading:_poll_wallets:353 - Poll error for 2fg5QD1e: 9a3e97db-abca-4bc8-bc9d-a4c2295c2738
2026-09-20 00:21:31.013 | DEBUG    | strategies.copy_trading:_poll_wallets:353 - Poll error for suqh5sHt: 9a3e97db-abca-4bc8-bc9d-a4c2295c2738
2026-09-20 00:21:31.013 | DEBUG    | strategies.copy_trading:_poll_wallets:353 - Poll error for XDgpjPub: 9a3e97db-abca-4bc8-bc9d-a4c2295c2738
2026-09-20 00:21:31.013 | DEBUG    | strategies.copy_trading:_poll_wallets:353 - Poll error for 7NAd2EpY: 9a3e97db-abca-4bc8-bc9d-a4c2295c2738
2026-09-20 00:21:31.013 | DEBUG    | strategies.copy_trading:_poll_wallets:353 - Poll error for FxN3VZ4B: 9a3e97db-abca-4bc8-bc9d-a4c2295c2738
2026-09-20 00:21:31.013 | DEBUG    | strategies.copy_trading:_poll_wallets:353 - Poll error for CyaE1Vxv: 9a3e97db-abca-4bc8-bc9d-a4c2295c2738
2026-09-20 00:21:32.514 | DEBUG    | strategies.copy_trading:_poll_wallets:353 - Poll error for BaLCEtq6: 9a3e97db-abca-4bc8-bc9d-a4c2295c2738
2026-09-20 00:21:32.514 | DEBUG    | strategies.copy_trading:_poll_wallets:353 - Poll error for 26kZ9rg8: 9a3e97db-abca-4bc8-bc9d-a4c2295c2738
2026-09-20 00:21:32.514 | DEBUG    | strategies.copy_trading:_poll_wallets:353 - Poll error for BCagckXe: 9a3e97db-abca-4bc8-bc9d-a4c2295c2738
2026-09-20 00:21:32.514 | DEBUG    | strategies.copy_trading:_poll_wallets:353 - Poll error for H812jAz5: 9a3e97db-abca-4bc8-bc9d-a4c2295c2738
2026-09-20 00:21:32.514 | DEBUG    | strategies.copy_trading:_poll_wallets:353 - Poll error for 2fg5QD1e: 9a3e97db-abca-4bc8-bc9d-a4c2295c2738
2026-09-20 00:21:32.514 | DEBUG    | strategies.copy_trading:_poll_wallets:353 - Poll error for suqh5sHt: 9a3e97db-abca-4bc8-bc9d-a4c2295c2738
2026-09-20 00:21:32.514 | DEBUG    | strategies.copy_trading:_poll_wallets:353 - Poll error for XDgpjPub: 9a3e97db-abca-4bc8-bc9d-a4c2295c2738
2026-09-20 00:21:32.514 | DEBUG    | strategies.copy_trading:_poll_wallets:353 - Poll error for 7NAd2EpY: 9a3e97db-abca-4bc8-bc9d-a4c2295c2738
2026-09-20 00:21:32.515 | DEBUG    | strategies.copy_trading:_poll_wallets:353 - Poll error for FxN3VZ4B: 9a3e97db-abca-4bc8-bc9d-a4c2295c2738
2026-09-20 00:21:32.515 | DEBUG    | strategies.copy_trading:_poll_wallets:353 - Poll error for CyaE1Vxv: 9a3e97db-abca-4bc8-bc9d-a4c2295c2738
2026-09-20 00:21:34.016 | DEBUG    | strategies.copy_trading:_poll_wallets:353 - Poll error for BaLCEtq6: 9a3e97db-abca-4bc8-bc9d-a4c2295c2738
2026-09-20 00:21:34.016 | DEBUG    | strategies.copy_trading:_poll_wallets:353 - Poll error for 26kZ9rg8: 9a3e97db-abca-4bc8-bc9d-a4c2295c2738
2026-09-20 00:21:34.016 | DEBUG    | strategies.copy_trading:_poll_wallets:353 - Poll error for BCagckXe: 9a3e97db-abca-4bc8-bc9d-a4c2295c2738
2026-09-20 00:21:34.016 | DEBUG    | strategies.copy_trading:_poll_wallets:353 - Poll error for H812jAz5: 9a3e97db-abca-4bc8-bc9d-a4c2295c2738
2026-09-20 00:21:34.016 | DEBUG    | strategies.copy_trading:_poll_wallets:353 - Poll error for 2fg5QD1e: 9a3e97db-abca-4bc8-bc9d-a4c2295c2738
2026-09-20 00:21:34.016 | DEBUG    | strategies.copy_trading:_poll_wallets:353 - Poll error for suqh5sHt: 9a3e97db-abca-4bc8-bc9d-a4c2295c2738
2026-09-20 00:21:34.017 | DEBUG    | strategies.copy_trading:_poll_wallets:353 - Poll error for XDgpjPub: 9a3e97db-abca-4bc8-bc9d-a4c2295c2738
2026-09-20 00:21:34.017 | DEBUG    | strategies.copy_trading:_poll_wallets:353 - Poll error for 7NAd2EpY: 9a3e97db-abca-4bc8-bc9d-a4c2295c2738
2026-09-20 00:21:34.017 | DEBUG    | strategies.copy_trading:_poll_wallets:353 - Poll error for FxN3VZ4B: 9a3e97db-abca-4bc8-bc9d-a4c2295c2738
2026-09-20 00:21:34.017 | DEBUG    | strategies.copy_trading:_poll_wallets:353 - Poll error for CyaE1Vxv: 9a3e97db-abca-4bc8-bc9d-a4c2295c2738
2026-09-20 00:21:35.518 | DEBUG    | strategies.copy_trading:_poll_wallets:353 - Poll error for BaLCEtq6: 9a3e97db-abca-4bc8-bc9d-a4c2295c2738
2026-09-20 00:21:35.518 | DEBUG    | strategies.copy_trading:_poll_wallets:353 - Poll error for 26kZ9rg8: 9a3e97db-abca-4bc8-bc9d-a4c2295c2738
2026-09-20 00:21:35.518 | DEBUG    | strategies.copy_trading:_poll_wallets:353 - Poll error for BCagckXe: 9a3e97db-abca-4bc8-bc9d-a4c2295c2738
2026-09-20 00:21:35.518 | DEBUG    | strategies.copy_trading:_poll_wallets:353 - Poll error for H812jAz5: 9a3e97db-abca-4bc8-bc9d-a4c2295c2738
2026-09-20 00:21:35.518 | DEBUG    | strategies.copy_trading:_poll_wallets:353 - Poll error for 2fg5QD1e: 9a3e97db-abca-4bc8-bc9d-a4c2295c2738
2026-09-20 00:21:35.518 | DEBUG    | strategies.copy_trading:_poll_wallets:353 - Poll error for suqh5sHt: 9a3e97db-abca-4bc8-bc9d-a4c2295c2738
2026-09-20 00:21:35.518 | DEBUG    | strategies.copy_trading:_poll_wallets:353 - Poll error for XDgpjPub: 9a3e97db-abca-4bc8-bc9d-a4c2295c2738
2026-09-20 00:21:35.519 | DEBUG    | strategies.copy_trading:_poll_wallets:353 - Poll error for 7NAd2EpY: 9a3e97db-abca-4bc8-bc9d-a4c2295c2738
2026-09-20 00:21:35.519 | DEBUG    | strategies.copy_trading:_poll_wallets:353 - Poll error for FxN3VZ4B: 9a3e97db-abca-4bc8-bc9d-a4c2295c2738
2026-09-20 00:21:35.519 | DEBUG    | strategies.copy_trading:_poll_wallets:353 - Poll error for CyaE1Vxv: 9a3e97db-abca-4bc8-bc9d-a4c2295c2738
2026-09-20 00:21:37.020 | DEBUG    | strategies.copy_trading:_poll_wallets:353 - Poll error for BaLCEtq6: 9a3e97db-abca-4bc8-bc9d-a4c2295c2738
2026-09-20 00:21:37.020 | DEBUG    | strategies.copy_trading:_poll_wallets:353 - Poll error for 26kZ9rg8: 9a3e97db-abca-4bc8-bc9d-a4c2295c2738
2026-09-20 00:21:37.020 | DEBUG    | strategies.copy_trading:_poll_wallets:353 - Poll error for BCagckXe: 9a3e97db-abca-4bc8-bc9d-a4c2295c2738
2026-09-20 00:21:37.020 | DEBUG    | strategies.copy_trading:_poll_wallets:353 - Poll error for H812jAz5: 9a3e97db-abca-4bc8-bc9d-a4c2295c2738
2026-09-20 00:21:37.021 | DEBUG    | strategies.copy_trading:_poll_wallets:353 - Poll error for 2fg5QD1e: 9a3e97db-abca-4bc8-bc9d-a4c2295c2738
2026-09-20 00:21:37.021 | DEBUG    | strategies.copy_trading:_poll_wallets:353 - Poll error for suqh5sHt: 9a3e97db-abca-4bc8-bc9d-a4c2295c2738
2026-09-20 00:21:37.021 | DEBUG    | strategies.copy_trading:_poll_wallets:353 - Poll error for XDgpjPub: 9a3e97db-abca-4bc8-bc9d-a4c2295c2738
2026-09-20 00:21:37.021 | DEBUG    | strategies.copy_trading:_poll_wallets:353 - Poll error for 7NAd2EpY: 9a3e97db-abca-4bc8-bc9d-a4c2295c2738
2026-09-20 00:21:37.021 | DEBUG    | strategies.copy_trading:_poll_wallets:353 - Poll error for FxN3VZ4B: 9a3e97db-abca-4bc8-bc9d-a4c2295c2738
2026-09-20 00:21:37.021 | DEBUG    | strategies.copy_trading:_poll_wallets:353 - Poll error for CyaE1Vxv: 9a3e97db-abca-4bc8-bc9d-a4c2295c2738
2026-09-20 00:21:38.522 | DEBUG    | strategies.copy_trading:_poll_wallets:353 - Poll error for BaLCEtq6: 9a3e97db-abca-4bc8-bc9d-a4c2295c2738
2026-09-20 00:21:38.522 | DEBUG    | strategies.copy_trading:_poll_wallets:353 - Poll error for 26kZ9rg8: 9a3e97db-abca-4bc8-bc9d-a4c2295c2738
2026-09-20 00:21:38.522 | DEBUG    | strategies.copy_trading:_poll_wallets:353 - Poll error for BCagckXe: 9a3e97db-abca-4bc8-bc9d-a4c2295c2738
2026-09-20 00:21:38.522 | DEBUG    | strategies.copy_trading:_poll_wallets:353 - Poll error for H812jAz5: 9a3e97db-abca-4bc8-bc9d-a4c2295c2738
2026-09-20 00:21:38.522 | DEBUG    | strategies.copy_trading:_poll_wallets:353 - Poll error for 2fg5QD1e: 9a3e97db-abca-4bc8-bc9d-a4c2295c2738
2026-09-20 00:21:38.522 | DEBUG    | strategies.copy_trading:_poll_wallets:353 - Poll error for suqh5sHt: 9a3e97db-abca-4bc8-bc9d-a4c2295c2738
2026-09-20 00:21:38.522 | DEBUG    | strategies.copy_trading:_poll_wallets:353 - Poll error for XDgpjPub: 9a3e97db-abca-4bc8-bc9d-a4c2295c2738
2026-09-20 00:21:38.522 | DEBUG    | strategies.copy_trading:_poll_wallets:353 - Poll error for 7NAd2EpY: 9a3e97db-abca-4bc8-bc9d-a4c2295c2738
2026-09-20 00:21:38.522 | DEBUG    | strategies.copy_trading:_poll_wallets:353 - Poll error for FxN3VZ4B: 9a3e97db-abca-4bc8-bc9d-a4c2295c2738
2026-09-20 00:21:38.522 | DEBUG    | strategies.copy_trading:_poll_wallets:353 - Poll error for CyaE1Vxv: 9a3e97db-abca-4bc8-bc9d-a4c2295c2738
2026-09-20 00:21:40.024 | DEBUG    | strategies.copy_trading:_poll_wallets:353 - Poll error for BaLCEtq6: 9a3e97db-abca-4bc8-bc9d-a4c2295c2738
2026-09-20 00:21:40.024 | DEBUG    | strategies.copy_trading:_poll_wallets:353 - Poll error for 26kZ9rg8: 9a3e97db-abca-4bc8-bc9d-a4c2295c2738
2026-09-20 00:21:40.024 | DEBUG    | strategies.copy_trading:_poll_wallets:353 - Poll error for BCagckXe: 9a3e97db-abca-4bc8-bc9d-a4c2295c2738
2026-09-20 00:21:40.024 | DEBUG    | strategies.copy_trading:_poll_wallets:353 - Poll error for H812jAz5: 9a3e97db-abca-4bc8-bc9d-a4c2295c2738
2026-09-20 00:21:40.024 | DEBUG    | strategies.copy_trading:_poll_wallets:353 - Poll error for 2fg5QD1e: 9a3e97db-abca-4bc8-bc9d-a4c2295c2738
2026-09-20 00:21:40.024 | DEBUG    | strategies.copy_trading:_poll_wallets:353 - Poll error for suqh5sHt: 9a3e97db-abca-4bc8-bc9d-a4c2295c2738
2026-09-20 00:21:40.024 | DEBUG    | strategies.copy_trading:_poll_wallets:353 - Poll error for XDgpjPub: 9a3e97db-abca-4bc8-bc9d-a4c2295c2738
2026-09-20 00:21:40.024 | DEBUG    | strategies.copy_trading:_poll_wallets:353 - Poll error for 7NAd2EpY: 9a3e97db-abca-4bc8-bc9d-a4c2295c2738
2026-09-20 00:21:40.024 | DEBUG    | strategies.copy_trading:_poll_wallets:353 - Poll error for FxN3VZ4B: 9a3e97db-abca-4bc8-bc9d-a4c2295c2738
2026-09-20 00:21:40.024 | DEBUG    | strategies.copy_trading:_poll_wallets:353 - Poll error for CyaE1Vxv: 9a3e97db-abca-4bc8-bc9d-a4c2295c2738
2026-09-20 00:21:41.525 | DEBUG    | strategies.copy_trading:_poll_wallets:353 - Poll error for BaLCEtq6: 9a3e97db-abca-4bc8-bc9d-a4c2295c2738
2026-09-20 00:21:41.526 | DEBUG    | strategies.copy_trading:_poll_wallets:353 - Poll error for 26kZ9rg8: 9a3e97db-abca-4bc8-bc9d-a4c2295c2738
2026-09-20 00:21:41.526 | DEBUG    | strategies.copy_trading:_poll_wallets:353 - Poll error for BCagckXe: 9a3e97db-abca-4bc8-bc9d-a4c2295c2738
2026-09-20 00:21:41.526 | DEBUG    | strategies.copy_trading:_poll_wallets:353 - Poll error for H812jAz5: 9a3e97db-abca-4bc8-bc9d-a4c2295c2738
2026-09-20 00:21:41.526 | DEBUG    | strategies.copy_trading:_poll_wallets:353 - Poll error for 2fg5QD1e: 9a3e97db-abca-4bc8-bc9d-a4c2295c2738
2026-09-20 00:21:41.526 | DEBUG    | strategies.copy_trading:_poll_wallets:353 - Poll error for suqh5sHt: 9a3e97db-abca-4bc8-bc9d-a4c2295c2738
2026-09-20 00:21:41.526 | DEBUG    | strategies.copy_trading:_poll_wallets:353 - Poll error for XDgpjPub: 9a3e97db-abca-4bc8-bc9d-a4c2295c2738
2026-09-20 00:21:41.526 | DEBUG    | strategies.copy_trading:_poll_wallets:353 - Poll error for 7NAd2EpY: 9a3e97db-abca-4bc8-bc9d-a4c2295c2738
2026-09-20 00:21:41.526 | DEBUG    | strategies.copy_trading:_poll_wallets:353 - Poll error for FxN3VZ4B: 9a3e97db-abca-4bc8-bc9d-a4c2295c2738
2026-09-20 00:21:41.526 | DEBUG    | strategies.copy_trading:_poll_wallets:353 - Poll error for CyaE1Vxv: 9a3e97db-abca-4bc8-bc9d-a4c2295c2738
2026-09-20 00:21:43.028 | DEBUG    | strategies.copy_trading:_poll_wallets:353 - Poll error for BaLCEtq6: 9a3e97db-abca-4bc8-bc9d-a4c2295c2738
2026-09-20 00:21:43.028 | DEBUG    | strategies.copy_trading:_poll_wallets:353 - Poll error for 26kZ9rg8: 9a3e97db-abca-4bc8-bc9d-a4c2295c2738
2026-09-20 00:21:43.029 | DEBUG    | strategies.copy_trading:_poll_wallets:353 - Poll error for BCagckXe: 9a3e97db-abca-4bc8-bc9d-a4c2295c2738
2026-09-20 00:21:43.029 | DEBUG    | strategies.copy_trading:_poll_wallets:353 - Poll error for H812jAz5: 9a3e97db-abca-4bc8-bc9d-a4c2295c2738
2026-09-20 00:21:43.029 | DEBUG    | strategies.copy_trading:_poll_wallets:353 - Poll error for 2fg5QD1e: 9a3e97db-abca-4bc8-bc9d-a4c2295c2738
2026-09-20 00:21:43.029 | DEBUG    | strategies.copy_trading:_poll_wallets:353 - Poll error for suqh5sHt: 9a3e97db-abca-4bc8-bc9d-a4c2295c2738
2026-09-20 00:21:43.029 | DEBUG    | strategies.copy_trading:_poll_wallets:353 - Poll error for XDgpjPub: 9a3e97db-abca-4bc8-bc9d-a4c2295c2738
2026-09-20 00:21:43.029 | DEBUG    | strategies.copy_trading:_poll_wallets:353 - Poll error for 7NAd2EpY: 9a3e97db-abca-4bc8-bc9d-a4c2295c2738
2026-09-20 00:21:43.029 | DEBUG    | strategies.copy_trading:_poll_wallets:353 - Poll error for FxN3VZ4B: 9a3e97db-abca-4bc8-bc9d-a4c2295c2738
2026-09-20 00:21:43.029 | DEBUG    | strategies.copy_trading:_poll_wallets:353 - Poll error for CyaE1Vxv: 9a3e97db-abca-4bc8-bc9d-a4c2295c2738
2026-09-20 00:21:44.530 | DEBUG    | strategies.copy_trading:_poll_wallets:353 - Poll error for BaLCEtq6: 9a3e97db-abca-4bc8-bc9d-a4c2295c2738
2026-09-20 00:21:44.530 | DEBUG    | strategies.copy_trading:_poll_wallets:353 - Poll error for 26kZ9rg8: 9a3e97db-abca-4bc8-bc9d-a4c2295c2738
2026-09-20 00:21:44.530 | DEBUG    | strategies.copy_trading:_poll_wallets:353 - Poll error for BCagckXe: 9a3e97db-abca-4bc8-bc9d-a4c2295c2738
2026-09-20 00:21:44.530 | DEBUG    | strategies.copy_trading:_poll_wallets:353 - Poll error for H812jAz5: 9a3e97db-abca-4bc8-bc9d-a4c2295c2738
2026-09-20 00:21:44.530 | DEBUG    | strategies.copy_trading:_poll_wallets:353 - Poll error for 2fg5QD1e: 9a3e97db-abca-4bc8-bc9d-a4c2295c2738
2026-09-20 00:21:44.530 | DEBUG    | strategies.copy_trading:_poll_wallets:353 - Poll error for suqh5sHt: 9a3e97db-abca-4bc8-bc9d-a4c2295c2738
2026-09-20 00:21:44.530 | DEBUG    | strategies.copy_trading:_poll_wallets:353 - Poll error for XDgpjPub: 9a3e97db-abca-4bc8-bc9d-a4c2295c2738
2026-09-20 00:21:44.530 | DEBUG    | strategies.copy_trading:_poll_wallets:353 - Poll error for 7NAd2EpY: 9a3e97db-abca-4bc8-bc9d-a4c2295c2738
2026-09-20 00:21:44.530 | DEBUG    | strategies.copy_trading:_poll_wallets:353 - Poll error for FxN3VZ4B: 9a3e97db-abca-4bc8-bc9d-a4c2295c2738
2026-09-20 00:21:44.530 | DEBUG    | strategies.copy_trading:_poll_wallets:353 - Poll error for CyaE1Vxv: 9a3e97db-abca-4bc8-bc9d-a4c2295c2738
2026-09-20 00:21:46.031 | DEBUG    | strategies.copy_trading:_poll_wallets:353 - Poll error for BaLCEtq6: 9a3e97db-abca-4bc8-bc9d-a4c2295c2738
2026-09-20 00:21:46.032 | DEBUG    | strategies.copy_trading:_poll_wallets:353 - Poll error for 26kZ9rg8: 9a3e97db-abca-4bc8-bc9d-a4c2295c2738
2026-09-20 00:21:46.032 | DEBUG    | strategies.copy_trading:_poll_wallets:353 - Poll error for BCagckXe: 9a3e97db-abca-4bc8-bc9d-a4c2295c2738
2026-09-20 00:21:46.032 | DEBUG    | strategies.copy_trading:_poll_wallets:353 - Poll error for H812jAz5: 9a3e97db-abca-4bc8-bc9d-a4c2295c2738
2026-09-20 00:21:46.032 | DEBUG    | strategies.copy_trading:_poll_wallets:353 - Poll error for 2fg5QD1e: 9a3e97db-abca-4bc8-bc9d-a4c2295c2738
2026-09-20 00:21:46.032 | DEBUG    | strategies.copy_trading:_poll_wallets:353 - Poll error for suqh5sHt: 9a3e97db-abca-4bc8-bc9d-a4c2295c2738
2026-09-20 00:21:46.032 | DEBUG    | strategies.copy_trading:_poll_wallets:353 - Poll error for XDgpjPub: 9a3e97db-abca-4bc8-bc9d-a4c2295c2738
2026-09-20 00:21:46.032 | DEBUG    | strategies.copy_trading:_poll_wallets:353 - Poll error for 7NAd2EpY: 9a3e97db-abca-4bc8-bc9d-a4c2295c2738
2026-09-20 00:21:46.032 | DEBUG    | strategies.copy_trading:_poll_wallets:353 - Poll error for FxN3VZ4B: 9a3e97db-abca-4bc8-bc9d-a4c2295c2738
2026-09-20 00:21:46.032 | DEBUG    | strategies.copy_trading:_poll_wallets:353 - Poll error for CyaE1Vxv: 9a3e97db-abca-4bc8-bc9d-a4c2295c2738
2026-09-20 00:21:47.533 | DEBUG    | strategies.copy_trading:_poll_wallets:353 - Poll error for BaLCEtq6: 9a3e97db-abca-4bc8-bc9d-a4c2295c2738
2026-09-20 00:21:47.533 | DEBUG    | strategies.copy_trading:_poll_wallets:353 - Poll error for 26kZ9rg8: 9a3e97db-abca-4bc8-bc9d-a4c2295c2738
2026-09-20 00:21:47.534 | DEBUG    | strategies.copy_trading:_poll_wallets:353 - Poll error for BCagckXe: 9a3e97db-abca-4bc8-bc9d-a4c2295c2738
2026-09-20 00:21:47.534 | DEBUG    | strategies.copy_trading:_poll_wallets:353 - Poll error for H812jAz5: 9a3e97db-abca-4bc8-bc9d-a4c2295c2738
2026-09-20 00:21:47.534 | DEBUG    | strategies.copy_trading:_poll_wallets:353 - Poll error for 2fg5QD1e: 9a3e97db-abca-4bc8-bc9d-a4c2295c2738
2026-09-20 00:21:47.534 | DEBUG    | strategies.copy_trading:_poll_wallets:353 - Poll error for suqh5sHt: 9a3e97db-abca-4bc8-bc9d-a4c2295c2738
2026-09-20 00:21:47.534 | DEBUG    | strategies.copy_trading:_poll_wallets:353 - Poll error for XDgpjPub: 9a3e97db-abca-4bc8-bc9d-a4c2295c2738
2026-09-20 00:21:47.534 | DEBUG    | strategies.copy_trading:_poll_wallets:353 - Poll error for 7NAd2EpY: 9a3e97db-abca-4bc8-bc9d-a4c2295c2738
2026-09-20 00:21:47.534 | DEBUG    | strategies.copy_trading:_poll_wallets:353 - Poll error for FxN3VZ4B: 9a3e97db-abca-4bc8-bc9d-a4c2295c2738
2026-09-20 00:21:47.534 | DEBUG    | strategies.copy_trading:_poll_wallets:353 - Poll error for CyaE1Vxv: 9a3e97db-abca-4bc8-bc9d-a4c2295c2738
2026-09-20 00:21:49.036 | DEBUG    | strategies.copy_trading:_poll_wallets:353 - Poll error for BaLCEtq6: 9a3e97db-abca-4bc8-bc9d-a4c2295c2738
2026-09-20 00:21:49.036 | DEBUG    | strategies.copy_trading:_poll_wallets:353 - Poll error for 26kZ9rg8: 9a3e97db-abca-4bc8-bc9d-a4c2295c2738
2026-09-20 00:21:49.036 | DEBUG    | strategies.copy_trading:_poll_wallets:353 - Poll error for BCagckXe: 9a3e97db-abca-4bc8-bc9d-a4c2295c2738
2026-09-20 00:21:49.036 | DEBUG    | strategies.copy_trading:_poll_wallets:353 - Poll error for H812jAz5: 9a3e97db-abca-4bc8-bc9d-a4c2295c2738
2026-09-20 00:21:49.036 | DEBUG    | strategies.copy_trading:_poll_wallets:353 - Poll error for 2fg5QD1e: 9a3e97db-abca-4bc8-bc9d-a4c2295c2738
2026-09-20 00:21:49.036 | DEBUG    | strategies.copy_trading:_poll_wallets:353 - Poll error for suqh5sHt: 9a3e97db-abca-4bc8-bc9d-a4c2295c2738
2026-09-20 00:21:49.036 | DEBUG    | strategies.copy_trading:_poll_wallets:353 - Poll error for XDgpjPub: 9a3e97db-abca-4bc8-bc9d-a4c2295c2738
2026-09-20 00:21:49.036 | DEBUG    | strategies.copy_trading:_poll_wallets:353 - Poll error for 7NAd2EpY: 9a3e97db-abca-4bc8-bc9d-a4c2295c2738
2026-09-20 00:21:49.036 | DEBUG    | strategies.copy_trading:_poll_wallets:353 - Poll error for FxN3VZ4B: 9a3e97db-abca-4bc8-bc9d-a4c2295c2738
2026-09-20 00:21:49.037 | DEBUG    | strategies.copy_trading:_poll_wallets:353 - Poll error for CyaE1Vxv: 9a3e97db-abca-4bc8-bc9d-a4c2295c2738
2026-09-20 00:21:50.538 | DEBUG    | strategies.copy_trading:_poll_wallets:353 - Poll error for BaLCEtq6: 9a3e97db-abca-4bc8-bc9d-a4c2295c2738
2026-09-20 00:21:50.538 | DEBUG    | strategies.copy_trading:_poll_wallets:353 - Poll error for 26kZ9rg8: 9a3e97db-abca-4bc8-bc9d-a4c2295c2738
2026-09-20 00:21:50.538 | DEBUG    | strategies.copy_trading:_poll_wallets:353 - Poll error for BCagckXe: 9a3e97db-abca-4bc8-bc9d-a4c2295c2738
2026-09-20 00:21:50.539 | DEBUG    | strategies.copy_trading:_poll_wallets:353 - Poll error for H812jAz5: 9a3e97db-abca-4bc8-bc9d-a4c2295c2738
2026-09-20 00:21:50.539 | DEBUG    | strategies.copy_trading:_poll_wallets:353 - Poll error for 2fg5QD1e: 9a3e97db-abca-4bc8-bc9d-a4c2295c2738
2026-09-20 00:21:50.539 | DEBUG    | strategies.copy_trading:_poll_wallets:353 - Poll error for suqh5sHt: 9a3e97db-abca-4bc8-bc9d-a4c2295c2738
2026-09-20 00:21:50.539 | DEBUG    | strategies.copy_trading:_poll_wallets:353 - Poll error for XDgpjPub: 9a3e97db-abca-4bc8-bc9d-a4c2295c2738
2026-09-20 00:21:50.539 | DEBUG    | strategies.copy_trading:_poll_wallets:353 - Poll error for 7NAd2EpY: 9a3e97db-abca-4bc8-bc9d-a4c2295c2738
2026-09-20 00:21:50.539 | DEBUG    | strategies.copy_trading:_poll_wallets:353 - Poll error for FxN3VZ4B: 9a3e97db-abca-4bc8-bc9d-a4c2295c2738
2026-09-20 00:21:50.539 | DEBUG    | strategies.copy_trading:_poll_wallets:353 - Poll error for CyaE1Vxv: 9a3e97db-abca-4bc8-bc9d-a4c2295c2738
2026-09-20 00:21:52.040 | DEBUG    | strategies.copy_trading:_poll_wallets:353 - Poll error for BaLCEtq6: 9a3e97db-abca-4bc8-bc9d-a4c2295c2738
2026-09-20 00:21:52.040 | DEBUG    | strategies.copy_trading:_poll_wallets:353 - Poll error for 26kZ9rg8: 9a3e97db-abca-4bc8-bc9d-a4c2295c2738
2026-09-20 00:21:52.040 | DEBUG    | strategies.copy_trading:_poll_wallets:353 - Poll error for BCagckXe: 9a3e97db-abca-4bc8-bc9d-a4c2295c2738
2026-09-20 00:21:52.041 | DEBUG    | strategies.copy_trading:_poll_wallets:353 - Poll error for H812jAz5: 9a3e97db-abca-4bc8-bc9d-a4c2295c2738
2026-09-20 00:21:52.041 | DEBUG    | strategies.copy_trading:_poll_wallets:353 - Poll error for 2fg5QD1e: 9a3e97db-abca-4bc8-bc9d-a4c2295c2738
2026-09-20 00:21:52.041 | DEBUG    | strategies.copy_trading:_poll_wallets:353 - Poll error for suqh5sHt: 9a3e97db-abca-4bc8-bc9d-a4c2295c2738
2026-09-20 00:21:52.041 | DEBUG    | strategies.copy_trading:_poll_wallets:353 - Poll error for XDgpjPub: 9a3e97db-abca-4bc8-bc9d-a4c2295c2738
2026-09-20 00:21:52.041 | DEBUG    | strategies.copy_trading:_poll_wallets:353 - Poll error for 7NAd2EpY: 9a3e97db-abca-4bc8-bc9d-a4c2295c2738
2026-09-20 00:21:52.041 | DEBUG    | strategies.copy_trading:_poll_wallets:353 - Poll error for FxN3VZ4B: 9a3e97db-abca-4bc8-bc9d-a4c2295c2738
2026-09-20 00:21:52.041 | DEBUG    | strategies.copy_trading:_poll_wallets:353 - Poll error for CyaE1Vxv: 9a3e97db-abca-4bc8-bc9d-a4c2295c2738
2026-09-20 00:21:53.542 | DEBUG    | strategies.copy_trading:_poll_wallets:353 - Poll error for BaLCEtq6: 9a3e97db-abca-4bc8-bc9d-a4c2295c2738
2026-09-20 00:21:53.543 | DEBUG    | strategies.copy_trading:_poll_wallets:353 - Poll error for 26kZ9rg8: 9a3e97db-abca-4bc8-bc9d-a4c2295c2738
2026-09-20 00:21:53.543 | DEBUG    | strategies.copy_trading:_poll_wallets:353 - Poll error for BCagckXe: 9a3e97db-abca-4bc8-bc9d-a4c2295c2738
2026-09-20 00:21:53.543 | DEBUG    | strategies.copy_trading:_poll_wallets:353 - Poll error for H812jAz5: 9a3e97db-abca-4bc8-bc9d-a4c2295c2738
2026-09-20 00:21:53.543 | DEBUG    | strategies.copy_trading:_poll_wallets:353 - Poll error for 2fg5QD1e: 9a3e97db-abca-4bc8-bc9d-a4c2295c2738
2026-09-20 00:21:53.543 | DEBUG    | strategies.copy_trading:_poll_wallets:353 - Poll error for suqh5sHt: 9a3e97db-abca-4bc8-bc9d-a4c2295c2738
2026-09-20 00:21:53.543 | DEBUG    | strategies.copy_trading:_poll_wallets:353 - Poll error for XDgpjPub: 9a3e97db-abca-4bc8-bc9d-a4c2295c2738
2026-09-20 00:21:53.543 | DEBUG    | strategies.copy_trading:_poll_wallets:353 - Poll error for 7NAd2EpY: 9a3e97db-abca-4bc8-bc9d-a4c2295c2738
2026-09-20 00:21:53.543 | DEBUG    | strategies.copy_trading:_poll_wallets:353 - Poll error for FxN3VZ4B: 9a3e97db-abca-4bc8-bc9d-a4c2295c2738
2026-09-20 00:21:53.544 | DEBUG    | strategies.copy_trading:_poll_wallets:353 - Poll error for CyaE1Vxv: 9a3e97db-abca-4bc8-bc9d-a4c2295c2738
2026-09-20 00:21:55.046 | DEBUG    | strategies.copy_trading:_poll_wallets:353 - Poll error for BaLCEtq6: 9a3e97db-abca-4bc8-bc9d-a4c2295c2738
2026-09-20 00:21:55.046 | DEBUG    | strategies.copy_trading:_poll_wallets:353 - Poll error for 26kZ9rg8: 9a3e97db-abca-4bc8-bc9d-a4c2295c2738
2026-09-20 00:21:55.046 | DEBUG    | strategies.copy_trading:_poll_wallets:353 - Poll error for BCagckXe: 9a3e97db-abca-4bc8-bc9d-a4c2295c2738
2026-09-20 00:21:55.046 | DEBUG    | strategies.copy_trading:_poll_wallets:353 - Poll error for H812jAz5: 9a3e97db-abca-4bc8-bc9d-a4c2295c2738
2026-09-20 00:21:55.046 | DEBUG    | strategies.copy_trading:_poll_wallets:353 - Poll error for 2fg5QD1e: 9a3e97db-abca-4bc8-bc9d-a4c2295c2738
2026-09-20 00:21:55.046 | DEBUG    | strategies.copy_trading:_poll_wallets:353 - Poll error for suqh5sHt: 9a3e97db-abca-4bc8-bc9d-a4c2295c2738
2026-09-20 00:21:55.046 | DEBUG    | strategies.copy_trading:_poll_wallets:353 - Poll error for XDgpjPub: 9a3e97db-abca-4bc8-bc9d-a4c2295c2738
2026-09-20 00:21:55.046 | DEBUG    | strategies.copy_trading:_poll_wallets:353 - Poll error for 7NAd2EpY: 9a3e97db-abca-4bc8-bc9d-a4c2295c2738
2026-09-20 00:21:55.046 | DEBUG    | strategies.copy_trading:_poll_wallets:353 - Poll error for FxN3VZ4B: 9a3e97db-abca-4bc8-bc9d-a4c2295c2738
2026-09-20 00:21:55.047 | DEBUG    | strategies.copy_trading:_poll_wallets:353 - Poll error for CyaE1Vxv: 9a3e97db-abca-4bc8-bc9d-a4c2295c2738
2026-09-20 00:21:56.547 | DEBUG    | strategies.copy_trading:_poll_wallets:353 - Poll error for BaLCEtq6: 9a3e97db-abca-4bc8-bc9d-a4c2295c2738
2026-09-20 00:21:56.547 | DEBUG    | strategies.copy_trading:_poll_wallets:353 - Poll error for 26kZ9rg8: 9a3e97db-abca-4bc8-bc9d-a4c2295c2738
2026-09-20 00:21:56.548 | DEBUG    | strategies.copy_trading:_poll_wallets:353 - Poll error for BCagckXe: 9a3e97db-abca-4bc8-bc9d-a4c2295c2738
2026-09-20 00:21:56.548 | DEBUG    | strategies.copy_trading:_poll_wallets:353 - Poll error for H812jAz5: 9a3e97db-abca-4bc8-bc9d-a4c2295c2738
2026-09-20 00:21:56.548 | DEBUG    | strategies.copy_trading:_poll_wallets:353 - Poll error for 2fg5QD1e: 9a3e97db-abca-4bc8-bc9d-a4c2295c2738
2026-09-20 00:21:56.548 | DEBUG    | strategies.copy_trading:_poll_wallets:353 - Poll error for suqh5sHt: 9a3e97db-abca-4bc8-bc9d-a4c2295c2738
2026-09-20 00:21:56.548 | DEBUG    | strategies.copy_trading:_poll_wallets:353 - Poll error for XDgpjPub: 9a3e97db-abca-4bc8-bc9d-a4c2295c2738
2026-09-20 00:21:56.548 | DEBUG    | strategies.copy_trading:_poll_wallets:353 - Poll error for 7NAd2EpY: 9a3e97db-abca-4bc8-bc9d-a4c2295c2738
2026-09-20 00:21:56.548 | DEBUG    | strategies.copy_trading:_poll_wallets:353 - Poll error for FxN3VZ4B: 9a3e97db-abca-4bc8-bc9d-a4c2295c2738
2026-09-20 00:21:56.548 | DEBUG    | strategies.copy_trading:_poll_wallets:353 - Poll error for CyaE1Vxv: 9a3e97db-abca-4bc8-bc9d-a4c2295c2738
2026-09-20 00:21:58.050 | DEBUG    | strategies.copy_trading:_poll_wallets:353 - Poll error for BaLCEtq6: 9a3e97db-abca-4bc8-bc9d-a4c2295c2738
2026-09-20 00:21:58.050 | DEBUG    | strategies.copy_trading:_poll_wallets:353 - Poll error for 26kZ9rg8: 9a3e97db-abca-4bc8-bc9d-a4c2295c2738
2026-09-20 00:21:58.050 | DEBUG    | strategies.copy_trading:_poll_wallets:353 - Poll error for BCagckXe: 9a3e97db-abca-4bc8-bc9d-a4c2295c2738
2026-09-20 00:21:58.050 | DEBUG    | strategies.copy_trading:_poll_wallets:353 - Poll error for H812jAz5: 9a3e97db-abca-4bc8-bc9d-a4c2295c2738
2026-09-20 00:21:58.050 | DEBUG    | strategies.copy_trading:_poll_wallets:353 - Poll error for 2fg5QD1e: 9a3e97db-abca-4bc8-bc9d-a4c2295c2738
2026-09-20 00:21:58.050 | DEBUG    | strategies.copy_trading:_poll_wallets:353 - Poll error for suqh5sHt: 9a3e97db-abca-4bc8-bc9d-a4c2295c2738
2026-09-20 00:21:58.051 | DEBUG    | strategies.copy_trading:_poll_wallets:353 - Poll error for XDgpjPub: 9a3e97db-abca-4bc8-bc9d-a4c2295c2738
2026-09-20 00:21:58.051 | DEBUG    | strategies.copy_trading:_poll_wallets:353 - Poll error for 7NAd2EpY: 9a3e97db-abca-4bc8-bc9d-a4c2295c2738
2026-09-20 00:21:58.051 | DEBUG    | strategies.copy_trading:_poll_wallets:353 - Poll error for FxN3VZ4B: 9a3e97db-abca-4bc8-bc9d-a4c2295c2738
2026-09-20 00:21:58.051 | DEBUG    | strategies.copy_trading:_poll_wallets:353 - Poll error for CyaE1Vxv: 9a3e97db-abca-4bc8-bc9d-a4c2295c2738
2026-09-20 00:21:59.553 | DEBUG    | strategies.copy_trading:_poll_wallets:353 - Poll error for BaLCEtq6: 9a3e97db-abca-4bc8-bc9d-a4c2295c2738
2026-09-20 00:21:59.553 | DEBUG    | strategies.copy_trading:_poll_wallets:353 - Poll error for 26kZ9rg8: 9a3e97db-abca-4bc8-bc9d-a4c2295c2738
2026-09-20 00:21:59.553 | DEBUG    | strategies.copy_trading:_poll_wallets:353 - Poll error for BCagckXe: 9a3e97db-abca-4bc8-bc9d-a4c2295c2738
2026-09-20 00:21:59.553 | DEBUG    | strategies.copy_trading:_poll_wallets:353 - Poll error for H812jAz5: 9a3e97db-abca-4bc8-bc9d-a4c2295c2738
2026-09-20 00:21:59.554 | DEBUG    | strategies.copy_trading:_poll_wallets:353 - Poll error for 2fg5QD1e: 9a3e97db-abca-4bc8-bc9d-a4c2295c2738
2026-09-20 00:21:59.554 | DEBUG    | strategies.copy_trading:_poll_wallets:353 - Poll error for suqh5sHt: 9a3e97db-abca-4bc8-bc9d-a4c2295c2738
2026-09-20 00:21:59.554 | DEBUG    | strategies.copy_trading:_poll_wallets:353 - Poll error for XDgpjPub: 9a3e97db-abca-4bc8-bc9d-a4c2295c2738
2026-09-20 00:21:59.554 | DEBUG    | strategies.copy_trading:_poll_wallets:353 - Poll error for 7NAd2EpY: 9a3e97db-abca-4bc8-bc9d-a4c2295c2738
2026-09-20 00:21:59.554 | DEBUG    | strategies.copy_trading:_poll_wallets:353 - Poll error for FxN3VZ4B: 9a3e97db-abca-4bc8-bc9d-a4c2295c2738
2026-09-20 00:21:59.554 | DEBUG    | strategies.copy_trading:_poll_wallets:353 - Poll error for CyaE1Vxv: 9a3e97db-abca-4bc8-bc9d-a4c2295c2738
2026-09-20 00:22:01.055 | DEBUG    | strategies.copy_trading:_poll_wallets:353 - Poll error for BaLCEtq6: 9a3e97db-abca-4bc8-bc9d-a4c2295c2738
2026-09-20 00:22:01.055 | DEBUG    | strategies.copy_trading:_poll_wallets:353 - Poll error for 26kZ9rg8: 9a3e97db-abca-4bc8-bc9d-a4c2295c2738
2026-09-20 00:22:01.056 | DEBUG    | strategies.copy_trading:_poll_wallets:353 - Poll error for BCagckXe: 9a3e97db-abca-4bc8-bc9d-a4c2295c2738
2026-09-20 00:22:01.056 | DEBUG    | strategies.copy_trading:_poll_wallets:353 - Poll error for H812jAz5: 9a3e97db-abca-4bc8-bc9d-a4c2295c2738
2026-09-20 00:22:01.056 | DEBUG    | strategies.copy_trading:_poll_wallets:353 - Poll error for 2fg5QD1e: 9a3e97db-abca-4bc8-bc9d-a4c2295c2738
2026-09-20 00:22:01.056 | DEBUG    | strategies.copy_trading:_poll_wallets:353 - Poll error for suqh5sHt: 9a3e97db-abca-4bc8-bc9d-a4c2295c2738
2026-09-20 00:22:01.056 | DEBUG    | strategies.copy_trading:_poll_wallets:353 - Poll error for XDgpjPub: 9a3e97db-abca-4bc8-bc9d-a4c2295c2738
2026-09-20 00:22:01.056 | DEBUG    | strategies.copy_trading:_poll_wallets:353 - Poll error for 7NAd2EpY: 9a3e97db-abca-4bc8-bc9d-a4c2295c2738
2026-09-20 00:22:01.056 | DEBUG    | strategies.copy_trading:_poll_wallets:353 - Poll error for FxN3VZ4B: 9a3e97db-abca-4bc8-bc9d-a4c2295c2738
2026-09-20 00:22:01.056 | DEBUG    | strategies.copy_trading:_poll_wallets:353 - Poll error for CyaE1Vxv: 9a3e97db-abca-4bc8-bc9d-a4c2295c2738
2026-09-20 00:22:02.557 | DEBUG    | strategies.copy_trading:_poll_wallets:353 - Poll error for BaLCEtq6: 9a3e97db-abca-4bc8-bc9d-a4c2295c2738
2026-09-20 00:22:02.558 | DEBUG    | strategies.copy_trading:_poll_wallets:353 - Poll error for 26kZ9rg8: 9a3e97db-abca-4bc8-bc9d-a4c2295c2738
2026-09-20 00:22:02.558 | DEBUG    | strategies.copy_trading:_poll_wallets:353 - Poll error for BCagckXe: 9a3e97db-abca-4bc8-bc9d-a4c2295c2738
2026-09-20 00:22:02.558 | DEBUG    | strategies.copy_trading:_poll_wallets:353 - Poll error for H812jAz5: 9a3e97db-abca-4bc8-bc9d-a4c2295c2738
2026-09-20 00:22:02.558 | DEBUG    | strategies.copy_trading:_poll_wallets:353 - Poll error for 2fg5QD1e: 9a3e97db-abca-4bc8-bc9d-a4c2295c2738
2026-09-20 00:22:02.558 | DEBUG    | strategies.copy_trading:_poll_wallets:353 - Poll error for suqh5sHt: 9a3e97db-abca-4bc8-bc9d-a4c2295c2738
2026-09-20 00:22:02.558 | DEBUG    | strategies.copy_trading:_poll_wallets:353 - Poll error for XDgpjPub: 9a3e97db-abca-4bc8-bc9d-a4c2295c2738
2026-09-20 00:22:02.559 | DEBUG    | strategies.copy_trading:_poll_wallets:353 - Poll error for 7NAd2EpY: 9a3e97db-abca-4bc8-bc9d-a4c2295c2738
2026-09-20 00:22:02.559 | DEBUG    | strategies.copy_trading:_poll_wallets:353 - Poll error for FxN3VZ4B: 9a3e97db-abca-4bc8-bc9d-a4c2295c2738
2026-09-20 00:22:02.559 | DEBUG    | strategies.copy_trading:_poll_wallets:353 - Poll error for CyaE1Vxv: 9a3e97db-abca-4bc8-bc9d-a4c2295c2738
2026-09-20 00:22:04.060 | DEBUG    | strategies.copy_trading:_poll_wallets:353 - Poll error for BaLCEtq6: 9a3e97db-abca-4bc8-bc9d-a4c2295c2738
2026-09-20 00:22:04.060 | DEBUG    | strategies.copy_trading:_poll_wallets:353 - Poll error for 26kZ9rg8: 9a3e97db-abca-4bc8-bc9d-a4c2295c2738
2026-09-20 00:22:04.060 | DEBUG    | strategies.copy_trading:_poll_wallets:353 - Poll error for BCagckXe: 9a3e97db-abca-4bc8-bc9d-a4c2295c2738
2026-09-20 00:22:04.060 | DEBUG    | strategies.copy_trading:_poll_wallets:353 - Poll error for H812jAz5: 9a3e97db-abca-4bc8-bc9d-a4c2295c2738
2026-09-20 00:22:04.061 | DEBUG    | strategies.copy_trading:_poll_wallets:353 - Poll error for 2fg5QD1e: 9a3e97db-abca-4bc8-bc9d-a4c2295c2738
2026-09-20 00:22:04.061 | DEBUG    | strategies.copy_trading:_poll_wallets:353 - Poll error for suqh5sHt: 9a3e97db-abca-4bc8-bc9d-a4c2295c2738
2026-09-20 00:22:04.061 | DEBUG    | strategies.copy_trading:_poll_wallets:353 - Poll error for XDgpjPub: 9a3e97db-abca-4bc8-bc9d-a4c2295c2738
2026-09-20 00:22:04.061 | DEBUG    | strategies.copy_trading:_poll_wallets:353 - Poll error for 7NAd2EpY: 9a3e97db-abca-4bc8-bc9d-a4c2295c2738
2026-09-20 00:22:04.061 | DEBUG    | strategies.copy_trading:_poll_wallets:353 - Poll error for FxN3VZ4B: 9a3e97db-abca-4bc8-bc9d-a4c2295c2738
2026-09-20 00:22:04.061 | DEBUG    | strategies.copy_trading:_poll_wallets:353 - Poll error for CyaE1Vxv: 9a3e97db-abca-4bc8-bc9d-a4c2295c2738
2026-09-20 00:22:05.562 | DEBUG    | strategies.copy_trading:_poll_wallets:353 - Poll error for BaLCEtq6: 9a3e97db-abca-4bc8-bc9d-a4c2295c2738
2026-09-20 00:22:05.562 | DEBUG    | strategies.copy_trading:_poll_wallets:353 - Poll error for 26kZ9rg8: 9a3e97db-abca-4bc8-bc9d-a4c2295c2738
2026-09-20 00:22:05.563 | DEBUG    | strategies.copy_trading:_poll_wallets:353 - Poll error for BCagckXe: 9a3e97db-abca-4bc8-bc9d-a4c2295c2738
2026-09-20 00:22:05.563 | DEBUG    | strategies.copy_trading:_poll_wallets:353 - Poll error for H812jAz5: 9a3e97db-abca-4bc8-bc9d-a4c2295c2738
2026-09-20 00:22:05.563 | DEBUG    | strategies.copy_trading:_poll_wallets:353 - Poll error for 2fg5QD1e: 9a3e97db-abca-4bc8-bc9d-a4c2295c2738
2026-09-20 00:22:05.563 | DEBUG    | strategies.copy_trading:_poll_wallets:353 - Poll error for suqh5sHt: 9a3e97db-abca-4bc8-bc9d-a4c2295c2738
2026-09-20 00:22:05.563 | DEBUG    | strategies.copy_trading:_poll_wallets:353 - Poll error for XDgpjPub: 9a3e97db-abca-4bc8-bc9d-a4c2295c2738
2026-09-20 00:22:05.563 | DEBUG    | strategies.copy_trading:_poll_wallets:353 - Poll error for 7NAd2EpY: 9a3e97db-abca-4bc8-bc9d-a4c2295c2738
2026-09-20 00:22:05.563 | DEBUG    | strategies.copy_trading:_poll_wallets:353 - Poll error for FxN3VZ4B: 9a3e97db-abca-4bc8-bc9d-a4c2295c2738
2026-09-20 00:22:05.563 | DEBUG    | strategies.copy_trading:_poll_wallets:353 - Poll error for CyaE1Vxv: 9a3e97db-abca-4bc8-bc9d-a4c2295c2738
2026-09-20 00:22:07.065 | DEBUG    | strategies.copy_trading:_poll_wallets:353 - Poll error for BaLCEtq6: 9a3e97db-abca-4bc8-bc9d-a4c2295c2738
2026-09-20 00:22:07.066 | DEBUG    | strategies.copy_trading:_poll_wallets:353 - Poll error for 26kZ9rg8: 9a3e97db-abca-4bc8-bc9d-a4c2295c2738
2026-09-20 00:22:07.066 | DEBUG    | strategies.copy_trading:_poll_wallets:353 - Poll error for BCagckXe: 9a3e97db-abca-4bc8-bc9d-a4c2295c2738
2026-09-20 00:22:07.066 | DEBUG    | strategies.copy_trading:_poll_wallets:353 - Poll error for H812jAz5: 9a3e97db-abca-4bc8-bc9d-a4c2295c2738
2026-09-20 00:22:07.066 | DEBUG    | strategies.copy_trading:_poll_wallets:353 - Poll error for 2fg5QD1e: 9a3e97db-abca-4bc8-bc9d-a4c2295c2738
2026-09-20 00:22:07.066 | DEBUG    | strategies.copy_trading:_poll_wallets:353 - Poll error for suqh5sHt: 9a3e97db-abca-4bc8-bc9d-a4c2295c2738
2026-09-20 00:22:07.066 | DEBUG    | strategies.copy_trading:_poll_wallets:353 - Poll error for XDgpjPub: 9a3e97db-abca-4bc8-bc9d-a4c2295c2738
2026-09-20 00:22:07.066 | DEBUG    | strategies.copy_trading:_poll_wallets:353 - Poll error for 7NAd2EpY: 9a3e97db-abca-4bc8-bc9d-a4c2295c2738
2026-09-20 00:22:07.066 | DEBUG    | strategies.copy_trading:_poll_wallets:353 - Poll error for FxN3VZ4B: 9a3e97db-abca-4bc8-bc9d-a4c2295c2738
2026-09-20 00:22:07.066 | DEBUG    | strategies.copy_trading:_poll_wallets:353 - Poll error for CyaE1Vxv: 9a3e97db-abca-4bc8-bc9d-a4c2295c2738
2026-09-20 00:22:08.568 | DEBUG    | strategies.copy_trading:_poll_wallets:353 - Poll error for BaLCEtq6: 9a3e97db-abca-4bc8-bc9d-a4c2295c2738
2026-09-20 00:22:08.568 | DEBUG    | strategies.copy_trading:_poll_wallets:353 - Poll error for 26kZ9rg8: 9a3e97db-abca-4bc8-bc9d-a4c2295c2738
2026-09-20 00:22:08.568 | DEBUG    | strategies.copy_trading:_poll_wallets:353 - Poll error for BCagckXe: 9a3e97db-abca-4bc8-bc9d-a4c2295c2738
2026-09-20 00:22:08.569 | DEBUG    | strategies.copy_trading:_poll_wallets:353 - Poll error for H812jAz5: 9a3e97db-abca-4bc8-bc9d-a4c2295c2738
2026-09-20 00:22:08.569 | DEBUG    | strategies.copy_trading:_poll_wallets:353 - Poll error for 2fg5QD1e: 9a3e97db-abca-4bc8-bc9d-a4c2295c2738
2026-09-20 00:22:08.569 | DEBUG    | strategies.copy_trading:_poll_wallets:353 - Poll error for suqh5sHt: 9a3e97db-abca-4bc8-bc9d-a4c2295c2738
2026-09-20 00:22:08.569 | DEBUG    | strategies.copy_trading:_poll_wallets:353 - Poll error for XDgpjPub: 9a3e97db-abca-4bc8-bc9d-a4c2295c2738
2026-09-20 00:22:08.569 | DEBUG    | strategies.copy_trading:_poll_wallets:353 - Poll error for 7NAd2EpY: 9a3e97db-abca-4bc8-bc9d-a4c2295c2738
2026-09-20 00:22:08.569 | DEBUG    | strategies.copy_trading:_poll_wallets:353 - Poll error for FxN3VZ4B: 9a3e97db-abca-4bc8-bc9d-a4c2295c2738
2026-09-20 00:22:08.569 | DEBUG    | strategies.copy_trading:_poll_wallets:353 - Poll error for CyaE1Vxv: 9a3e97db-abca-4bc8-bc9d-a4c2295c2738
2026-09-20 00:22:10.070 | DEBUG    | strategies.copy_trading:_poll_wallets:353 - Poll error for BaLCEtq6: 9a3e97db-abca-4bc8-bc9d-a4c2295c2738
2026-09-20 00:22:10.070 | DEBUG    | strategies.copy_trading:_poll_wallets:353 - Poll error for 26kZ9rg8: 9a3e97db-abca-4bc8-bc9d-a4c2295c2738
2026-09-20 00:22:10.070 | DEBUG    | strategies.copy_trading:_poll_wallets:353 - Poll error for BCagckXe: 9a3e97db-abca-4bc8-bc9d-a4c2295c2738
2026-09-20 00:22:10.070 | DEBUG    | strategies.copy_trading:_poll_wallets:353 - Poll error for H812jAz5: 9a3e97db-abca-4bc8-bc9d-a4c2295c2738
2026-09-20 00:22:10.070 | DEBUG    | strategies.copy_trading:_poll_wallets:353 - Poll error for 2fg5QD1e: 9a3e97db-abca-4bc8-bc9d-a4c2295c2738
2026-09-20 00:22:10.070 | DEBUG    | strategies.copy_trading:_poll_wallets:353 - Poll error for suqh5sHt: 9a3e97db-abca-4bc8-bc9d-a4c2295c2738
2026-09-20 00:22:10.070 | DEBUG    | strategies.copy_trading:_poll_wallets:353 - Poll error for XDgpjPub: 9a3e97db-abca-4bc8-bc9d-a4c2295c2738
2026-09-20 00:22:10.070 | DEBUG    | strategies.copy_trading:_poll_wallets:353 - Poll error for 7NAd2EpY: 9a3e97db-abca-4bc8-bc9d-a4c2295c2738
2026-09-20 00:22:10.070 | DEBUG    | strategies.copy_trading:_poll_wallets:353 - Poll error for FxN3VZ4B: 9a3e97db-abca-4bc8-bc9d-a4c2295c2738
2026-09-20 00:22:10.070 | DEBUG    | strategies.copy_trading:_poll_wallets:353 - Poll error for CyaE1Vxv: 9a3e97db-abca-4bc8-bc9d-a4c2295c2738
2026-09-20 00:22:11.571 | DEBUG    | strategies.copy_trading:_poll_wallets:353 - Poll error for BaLCEtq6: 9a3e97db-abca-4bc8-bc9d-a4c2295c2738
2026-09-20 00:22:11.571 | DEBUG    | strategies.copy_trading:_poll_wallets:353 - Poll error for 26kZ9rg8: 9a3e97db-abca-4bc8-bc9d-a4c2295c2738
2026-09-20 00:22:11.571 | DEBUG    | strategies.copy_trading:_poll_wallets:353 - Poll error for BCagckXe: 9a3e97db-abca-4bc8-bc9d-a4c2295c2738
2026-09-20 00:22:11.571 | DEBUG    | strategies.copy_trading:_poll_wallets:353 - Poll error for H812jAz5: 9a3e97db-abca-4bc8-bc9d-a4c2295c2738
2026-09-20 00:22:11.571 | DEBUG    | strategies.copy_trading:_poll_wallets:353 - Poll error for 2fg5QD1e: 9a3e97db-abca-4bc8-bc9d-a4c2295c2738
2026-09-20 00:22:11.571 | DEBUG    | strategies.copy_trading:_poll_wallets:353 - Poll error for suqh5sHt: 9a3e97db-abca-4bc8-bc9d-a4c2295c2738
2026-09-20 00:22:11.571 | DEBUG    | strategies.copy_trading:_poll_wallets:353 - Poll error for XDgpjPub: 9a3e97db-abca-4bc8-bc9d-a4c2295c2738
2026-09-20 00:22:11.571 | DEBUG    | strategies.copy_trading:_poll_wallets:353 - Poll error for 7NAd2EpY: 9a3e97db-abca-4bc8-bc9d-a4c2295c2738
2026-09-20 00:22:11.572 | DEBUG    | strategies.copy_trading:_poll_wallets:353 - Poll error for FxN3VZ4B: 9a3e97db-abca-4bc8-bc9d-a4c2295c2738
2026-09-20 00:22:11.572 | DEBUG    | strategies.copy_trading:_poll_wallets:353 - Poll error for CyaE1Vxv: 9a3e97db-abca-4bc8-bc9d-a4c2295c2738
2026-09-20 00:22:13.073 | DEBUG    | strategies.copy_trading:_poll_wallets:353 - Poll error for BaLCEtq6: 9a3e97db-abca-4bc8-bc9d-a4c2295c2738
2026-09-20 00:22:13.073 | DEBUG    | strategies.copy_trading:_poll_wallets:353 - Poll error for 26kZ9rg8: 9a3e97db-abca-4bc8-bc9d-a4c2295c2738
2026-09-20 00:22:13.073 | DEBUG    | strategies.copy_trading:_poll_wallets:353 - Poll error for BCagckXe: 9a3e97db-abca-4bc8-bc9d-a4c2295c2738
2026-09-20 00:22:13.073 | DEBUG    | strategies.copy_trading:_poll_wallets:353 - Poll error for H812jAz5: 9a3e97db-abca-4bc8-bc9d-a4c2295c2738
2026-09-20 00:22:13.073 | DEBUG    | strategies.copy_trading:_poll_wallets:353 - Poll error for 2fg5QD1e: 9a3e97db-abca-4bc8-bc9d-a4c2295c2738
2026-09-20 00:22:13.073 | DEBUG    | strategies.copy_trading:_poll_wallets:353 - Poll error for suqh5sHt: 9a3e97db-abca-4bc8-bc9d-a4c2295c2738
2026-09-20 00:22:13.073 | DEBUG    | strategies.copy_trading:_poll_wallets:353 - Poll error for XDgpjPub: 9a3e97db-abca-4bc8-bc9d-a4c2295c2738
2026-09-20 00:22:13.073 | DEBUG    | strategies.copy_trading:_poll_wallets:353 - Poll error for 7NAd2EpY: 9a3e97db-abca-4bc8-bc9d-a4c2295c2738
2026-09-20 00:22:13.073 | DEBUG    | strategies.copy_trading:_poll_wallets:353 - Poll error for FxN3VZ4B: 9a3e97db-abca-4bc8-bc9d-a4c2295c2738
2026-09-20 00:22:13.073 | DEBUG    | strategies.copy_trading:_poll_wallets:353 - Poll error for CyaE1Vxv: 9a3e97db-abca-4bc8-bc9d-a4c2295c2738
2026-09-20 00:22:14.575 | DEBUG    | strategies.copy_trading:_poll_wallets:353 - Poll error for BaLCEtq6: 9a3e97db-abca-4bc8-bc9d-a4c2295c2738
2026-09-20 00:22:14.575 | DEBUG    | strategies.copy_trading:_poll_wallets:353 - Poll error for 26kZ9rg8: 9a3e97db-abca-4bc8-bc9d-a4c2295c2738
2026-09-20 00:22:14.575 | DEBUG    | strategies.copy_trading:_poll_wallets:353 - Poll error for BCagckXe: 9a3e97db-abca-4bc8-bc9d-a4c2295c2738
2026-09-20 00:22:14.576 | DEBUG    | strategies.copy_trading:_poll_wallets:353 - Poll error for H812jAz5: 9a3e97db-abca-4bc8-bc9d-a4c2295c2738
2026-09-20 00:22:14.576 | DEBUG    | strategies.copy_trading:_poll_wallets:353 - Poll error for 2fg5QD1e: 9a3e97db-abca-4bc8-bc9d-a4c2295c2738
2026-09-20 00:22:14.576 | DEBUG    | strategies.copy_trading:_poll_wallets:353 - Poll error for suqh5sHt: 9a3e97db-abca-4bc8-bc9d-a4c2295c2738
2026-09-20 00:22:14.576 | DEBUG    | strategies.copy_trading:_poll_wallets:353 - Poll error for XDgpjPub: 9a3e97db-abca-4bc8-bc9d-a4c2295c2738
2026-09-20 00:22:14.576 | DEBUG    | strategies.copy_trading:_poll_wallets:353 - Poll error for 7NAd2EpY: 9a3e97db-abca-4bc8-bc9d-a4c2295c2738
2026-09-20 00:22:14.576 | DEBUG    | strategies.copy_trading:_poll_wallets:353 - Poll error for FxN3VZ4B: 9a3e97db-abca-4bc8-bc9d-a4c2295c2738
2026-09-20 00:22:14.576 | DEBUG    | strategies.copy_trading:_poll_wallets:353 - Poll error for CyaE1Vxv: 9a3e97db-abca-4bc8-bc9d-a4c2295c2738
2026-09-20 00:22:16.077 | DEBUG    | strategies.copy_trading:_poll_wallets:353 - Poll error for BaLCEtq6: 9a3e97db-abca-4bc8-bc9d-a4c2295c2738
2026-09-20 00:22:16.077 | DEBUG    | strategies.copy_trading:_poll_wallets:353 - Poll error for 26kZ9rg8: 9a3e97db-abca-4bc8-bc9d-a4c2295c2738
2026-09-20 00:22:16.077 | DEBUG    | strategies.copy_trading:_poll_wallets:353 - Poll error for BCagckXe: 9a3e97db-abca-4bc8-bc9d-a4c2295c2738
2026-09-20 00:22:16.077 | DEBUG    | strategies.copy_trading:_poll_wallets:353 - Poll error for H812jAz5: 9a3e97db-abca-4bc8-bc9d-a4c2295c2738
2026-09-20 00:22:16.077 | DEBUG    | strategies.copy_trading:_poll_wallets:353 - Poll error for 2fg5QD1e: 9a3e97db-abca-4bc8-bc9d-a4c2295c2738
2026-09-20 00:22:16.077 | DEBUG    | strategies.copy_trading:_poll_wallets:353 - Poll error for suqh5sHt: 9a3e97db-abca-4bc8-bc9d-a4c2295c2738
2026-09-20 00:22:16.077 | DEBUG    | strategies.copy_trading:_poll_wallets:353 - Poll error for XDgpjPub: 9a3e97db-abca-4bc8-bc9d-a4c2295c2738
2026-09-20 00:22:16.078 | DEBUG    | strategies.copy_trading:_poll_wallets:353 - Poll error for 7NAd2EpY: 9a3e97db-abca-4bc8-bc9d-a4c2295c2738
2026-09-20 00:22:16.078 | DEBUG    | strategies.copy_trading:_poll_wallets:353 - Poll error for FxN3VZ4B: 9a3e97db-abca-4bc8-bc9d-a4c2295c2738
2026-09-20 00:22:16.078 | DEBUG    | strategies.copy_trading:_poll_wallets:353 - Poll error for CyaE1Vxv: 9a3e97db-abca-4bc8-bc9d-a4c2295c2738
2026-09-20 00:22:17.580 | DEBUG    | strategies.copy_trading:_poll_wallets:353 - Poll error for BaLCEtq6: 9a3e97db-abca-4bc8-bc9d-a4c2295c2738
2026-09-20 00:22:17.580 | DEBUG    | strategies.copy_trading:_poll_wallets:353 - Poll error for 26kZ9rg8: 9a3e97db-abca-4bc8-bc9d-a4c2295c2738
2026-09-20 00:22:17.580 | DEBUG    | strategies.copy_trading:_poll_wallets:353 - Poll error for BCagckXe: 9a3e97db-abca-4bc8-bc9d-a4c2295c2738
2026-09-20 00:22:17.580 | DEBUG    | strategies.copy_trading:_poll_wallets:353 - Poll error for H812jAz5: 9a3e97db-abca-4bc8-bc9d-a4c2295c2738
2026-09-20 00:22:17.580 | DEBUG    | strategies.copy_trading:_poll_wallets:353 - Poll error for 2fg5QD1e: 9a3e97db-abca-4bc8-bc9d-a4c2295c2738
2026-09-20 00:22:17.580 | DEBUG    | strategies.copy_trading:_poll_wallets:353 - Poll error for suqh5sHt: 9a3e97db-abca-4bc8-bc9d-a4c2295c2738
2026-09-20 00:22:17.581 | DEBUG    | strategies.copy_trading:_poll_wallets:353 - Poll error for XDgpjPub: 9a3e97db-abca-4bc8-bc9d-a4c2295c2738
2026-09-20 00:22:17.581 | DEBUG    | strategies.copy_trading:_poll_wallets:353 - Poll error for 7NAd2EpY: 9a3e97db-abca-4bc8-bc9d-a4c2295c2738
2026-09-20 00:22:17.581 | DEBUG    | strategies.copy_trading:_poll_wallets:353 - Poll error for FxN3VZ4B: 9a3e97db-abca-4bc8-bc9d-a4c2295c2738
2026-09-20 00:22:17.581 | DEBUG    | strategies.copy_trading:_poll_wallets:353 - Poll error for CyaE1Vxv: 9a3e97db-abca-4bc8-bc9d-a4c2295c2738
2026-09-20 00:22:18.732 | DEBUG    | __main__:run:196 - Engine: 1 estrategias activas/1 | Uptime: 240s
2026-09-20 00:22:19.082 | DEBUG    | strategies.copy_trading:_poll_wallets:353 - Poll error for BaLCEtq6: 9a3e97db-abca-4bc8-bc9d-a4c2295c2738
2026-09-20 00:22:19.083 | DEBUG    | strategies.copy_trading:_poll_wallets:353 - Poll error for 26kZ9rg8: 9a3e97db-abca-4bc8-bc9d-a4c2295c2738
2026-09-20 00:22:19.083 | DEBUG    | strategies.copy_trading:_poll_wallets:353 - Poll error for BCagckXe: 9a3e97db-abca-4bc8-bc9d-a4c2295c2738
2026-09-20 00:22:19.083 | DEBUG    | strategies.copy_trading:_poll_wallets:353 - Poll error for H812jAz5: 9a3e97db-abca-4bc8-bc9d-a4c2295c2738
2026-09-20 00:22:19.083 | DEBUG    | strategies.copy_trading:_poll_wallets:353 - Poll error for 2fg5QD1e: 9a3e97db-abca-4bc8-bc9d-a4c2295c2738
2026-09-20 00:22:19.083 | DEBUG    | strategies.copy_trading:_poll_wallets:353 - Poll error for suqh5sHt: 9a3e97db-abca-4bc8-bc9d-a4c2295c2738
2026-09-20 00:22:19.083 | DEBUG    | strategies.copy_trading:_poll_wallets:353 - Poll error for XDgpjPub: 9a3e97db-abca-4bc8-bc9d-a4c2295c2738
2026-09-20 00:22:19.083 | DEBUG    | strategies.copy_trading:_poll_wallets:353 - Poll error for 7NAd2EpY: 9a3e97db-abca-4bc8-bc9d-a4c2295c2738
2026-09-20 00:22:19.083 | DEBUG    | strategies.copy_trading:_poll_wallets:353 - Poll error for FxN3VZ4B: 9a3e97db-abca-4bc8-bc9d-a4c2295c2738
2026-09-20 00:22:19.083 | DEBUG    | strategies.copy_trading:_poll_wallets:353 - Poll error for CyaE1Vxv: 9a3e97db-abca-4bc8-bc9d-a4c2295c2738
2026-09-20 00:22:20.584 | DEBUG    | strategies.copy_trading:_poll_wallets:353 - Poll error for BaLCEtq6: 9a3e97db-abca-4bc8-bc9d-a4c2295c2738
2026-09-20 00:22:20.584 | DEBUG    | strategies.copy_trading:_poll_wallets:353 - Poll error for 26kZ9rg8: 9a3e97db-abca-4bc8-bc9d-a4c2295c2738
2026-09-20 00:22:20.584 | DEBUG    | strategies.copy_trading:_poll_wallets:353 - Poll error for BCagckXe: 9a3e97db-abca-4bc8-bc9d-a4c2295c2738
2026-09-20 00:22:20.584 | DEBUG    | strategies.copy_trading:_poll_wallets:353 - Poll error for H812jAz5: 9a3e97db-abca-4bc8-bc9d-a4c2295c2738
2026-09-20 00:22:20.584 | DEBUG    | strategies.copy_trading:_poll_wallets:353 - Poll error for 2fg5QD1e: 9a3e97db-abca-4bc8-bc9d-a4c2295c2738
2026-09-20 00:22:20.584 | DEBUG    | strategies.copy_trading:_poll_wallets:353 - Poll error for suqh5sHt: 9a3e97db-abca-4bc8-bc9d-a4c2295c2738
2026-09-20 00:22:20.585 | DEBUG    | strategies.copy_trading:_poll_wallets:353 - Poll error for XDgpjPub: 9a3e97db-abca-4bc8-bc9d-a4c2295c2738
2026-09-20 00:22:20.585 | DEBUG    | strategies.copy_trading:_poll_wallets:353 - Poll error for 7NAd2EpY: 9a3e97db-abca-4bc8-bc9d-a4c2295c2738
2026-09-20 00:22:20.585 | DEBUG    | strategies.copy_trading:_poll_wallets:353 - Poll error for FxN3VZ4B: 9a3e97db-abca-4bc8-bc9d-a4c2295c2738
2026-09-20 00:22:20.585 | DEBUG    | strategies.copy_trading:_poll_wallets:353 - Poll error for CyaE1Vxv: 9a3e97db-abca-4bc8-bc9d-a4c2295c2738
2026-09-20 00:22:22.086 | DEBUG    | strategies.copy_trading:_poll_wallets:353 - Poll error for BaLCEtq6: 9a3e97db-abca-4bc8-bc9d-a4c2295c2738
2026-09-20 00:22:22.086 | DEBUG    | strategies.copy_trading:_poll_wallets:353 - Poll error for 26kZ9rg8: 9a3e97db-abca-4bc8-bc9d-a4c2295c2738
2026-09-20 00:22:22.086 | DEBUG    | strategies.copy_trading:_poll_wallets:353 - Poll error for BCagckXe: 9a3e97db-abca-4bc8-bc9d-a4c2295c2738
2026-09-20 00:22:22.086 | DEBUG    | strategies.copy_trading:_poll_wallets:353 - Poll error for H812jAz5: 9a3e97db-abca-4bc8-bc9d-a4c2295c2738
2026-09-20 00:22:22.086 | DEBUG    | strategies.copy_trading:_poll_wallets:353 - Poll error for 2fg5QD1e: 9a3e97db-abca-4bc8-bc9d-a4c2295c2738
2026-09-20 00:22:22.086 | DEBUG    | strategies.copy_trading:_poll_wallets:353 - Poll error for suqh5sHt: 9a3e97db-abca-4bc8-bc9d-a4c2295c2738
2026-09-20 00:22:22.086 | DEBUG    | strategies.copy_trading:_poll_wallets:353 - Poll error for XDgpjPub: 9a3e97db-abca-4bc8-bc9d-a4c2295c2738
2026-09-20 00:22:22.086 | DEBUG    | strategies.copy_trading:_poll_wallets:353 - Poll error for 7NAd2EpY: 9a3e97db-abca-4bc8-bc9d-a4c2295c2738
2026-09-20 00:22:22.086 | DEBUG    | strategies.copy_trading:_poll_wallets:353 - Poll error for FxN3VZ4B: 9a3e97db-abca-4bc8-bc9d-a4c2295c2738
2026-09-20 00:22:22.086 | DEBUG    | strategies.copy_trading:_poll_wallets:353 - Poll error for CyaE1Vxv: 9a3e97db-abca-4bc8-bc9d-a4c2295c2738
2026-09-20 00:22:23.588 | DEBUG    | strategies.copy_trading:_poll_wallets:353 - Poll error for BaLCEtq6: 9a3e97db-abca-4bc8-bc9d-a4c2295c2738
2026-09-20 00:22:23.589 | DEBUG    | strategies.copy_trading:_poll_wallets:353 - Poll error for 26kZ9rg8: 9a3e97db-abca-4bc8-bc9d-a4c2295c2738
2026-09-20 00:22:23.589 | DEBUG    | strategies.copy_trading:_poll_wallets:353 - Poll error for BCagckXe: 9a3e97db-abca-4bc8-bc9d-a4c2295c2738
2026-09-20 00:22:23.589 | DEBUG    | strategies.copy_trading:_poll_wallets:353 - Poll error for H812jAz5: 9a3e97db-abca-4bc8-bc9d-a4c2295c2738
2026-09-20 00:22:23.589 | DEBUG    | strategies.copy_trading:_poll_wallets:353 - Poll error for 2fg5QD1e: 9a3e97db-abca-4bc8-bc9d-a4c2295c2738
2026-09-20 00:22:23.589 | DEBUG    | strategies.copy_trading:_poll_wallets:353 - Poll error for suqh5sHt: 9a3e97db-abca-4bc8-bc9d-a4c2295c2738
2026-09-20 00:22:23.589 | DEBUG    | strategies.copy_trading:_poll_wallets:353 - Poll error for XDgpjPub: 9a3e97db-abca-4bc8-bc9d-a4c2295c2738
2026-09-20 00:22:23.589 | DEBUG    | strategies.copy_trading:_poll_wallets:353 - Poll error for 7NAd2EpY: 9a3e97db-abca-4bc8-bc9d-a4c2295c2738
2026-09-20 00:22:23.589 | DEBUG    | strategies.copy_trading:_poll_wallets:353 - Poll error for FxN3VZ4B: 9a3e97db-abca-4bc8-bc9d-a4c2295c2738
2026-09-20 00:22:23.589 | DEBUG    | strategies.copy_trading:_poll_wallets:353 - Poll error for CyaE1Vxv: 9a3e97db-abca-4bc8-bc9d-a4c2295c2738
2026-09-20 00:22:25.090 | DEBUG    | strategies.copy_trading:_poll_wallets:353 - Poll error for BaLCEtq6: 9a3e97db-abca-4bc8-bc9d-a4c2295c2738
2026-09-20 00:22:25.090 | DEBUG    | strategies.copy_trading:_poll_wallets:353 - Poll error for 26kZ9rg8: 9a3e97db-abca-4bc8-bc9d-a4c2295c2738
2026-09-20 00:22:25.090 | DEBUG    | strategies.copy_trading:_poll_wallets:353 - Poll error for BCagckXe: 9a3e97db-abca-4bc8-bc9d-a4c2295c2738
2026-09-20 00:22:25.090 | DEBUG    | strategies.copy_trading:_poll_wallets:353 - Poll error for H812jAz5: 9a3e97db-abca-4bc8-bc9d-a4c2295c2738
2026-09-20 00:22:25.091 | DEBUG    | strategies.copy_trading:_poll_wallets:353 - Poll error for 2fg5QD1e: 9a3e97db-abca-4bc8-bc9d-a4c2295c2738
2026-09-20 00:22:25.091 | DEBUG    | strategies.copy_trading:_poll_wallets:353 - Poll error for suqh5sHt: 9a3e97db-abca-4bc8-bc9d-a4c2295c2738
2026-09-20 00:22:25.091 | DEBUG    | strategies.copy_trading:_poll_wallets:353 - Poll error for XDgpjPub: 9a3e97db-abca-4bc8-bc9d-a4c2295c2738
2026-09-20 00:22:25.091 | DEBUG    | strategies.copy_trading:_poll_wallets:353 - Poll error for 7NAd2EpY: 9a3e97db-abca-4bc8-bc9d-a4c2295c2738
2026-09-20 00:22:25.091 | DEBUG    | strategies.copy_trading:_poll_wallets:353 - Poll error for FxN3VZ4B: 9a3e97db-abca-4bc8-bc9d-a4c2295c2738
2026-09-20 00:22:25.091 | DEBUG    | strategies.copy_trading:_poll_wallets:353 - Poll error for CyaE1Vxv: 9a3e97db-abca-4bc8-bc9d-a4c2295c2738
2026-09-20 00:22:26.591 | DEBUG    | strategies.copy_trading:_poll_wallets:353 - Poll error for BaLCEtq6: 9a3e97db-abca-4bc8-bc9d-a4c2295c2738
2026-09-20 00:22:26.591 | DEBUG    | strategies.copy_trading:_poll_wallets:353 - Poll error for 26kZ9rg8: 9a3e97db-abca-4bc8-bc9d-a4c2295c2738
2026-09-20 00:22:26.591 | DEBUG    | strategies.copy_trading:_poll_wallets:353 - Poll error for BCagckXe: 9a3e97db-abca-4bc8-bc9d-a4c2295c2738
2026-09-20 00:22:26.592 | DEBUG    | strategies.copy_trading:_poll_wallets:353 - Poll error for H812jAz5: 9a3e97db-abca-4bc8-bc9d-a4c2295c2738
2026-09-20 00:22:26.592 | DEBUG    | strategies.copy_trading:_poll_wallets:353 - Poll error for 2fg5QD1e: 9a3e97db-abca-4bc8-bc9d-a4c2295c2738
2026-09-20 00:22:26.592 | DEBUG    | strategies.copy_trading:_poll_wallets:353 - Poll error for suqh5sHt: 9a3e97db-abca-4bc8-bc9d-a4c2295c2738
2026-09-20 00:22:26.592 | DEBUG    | strategies.copy_trading:_poll_wallets:353 - Poll error for XDgpjPub: 9a3e97db-abca-4bc8-bc9d-a4c2295c2738
2026-09-20 00:22:26.592 | DEBUG    | strategies.copy_trading:_poll_wallets:353 - Poll error for 7NAd2EpY: 9a3e97db-abca-4bc8-bc9d-a4c2295c2738
2026-09-20 00:22:26.592 | DEBUG    | strategies.copy_trading:_poll_wallets:353 - Poll error for FxN3VZ4B: 9a3e97db-abca-4bc8-bc9d-a4c2295c2738
2026-09-20 00:22:26.592 | DEBUG    | strategies.copy_trading:_poll_wallets:353 - Poll error for CyaE1Vxv: 9a3e97db-abca-4bc8-bc9d-a4c2295c2738
2026-09-20 00:22:28.094 | DEBUG    | strategies.copy_trading:_poll_wallets:353 - Poll error for BaLCEtq6: 9a3e97db-abca-4bc8-bc9d-a4c2295c2738
2026-09-20 00:22:28.094 | DEBUG    | strategies.copy_trading:_poll_wallets:353 - Poll error for 26kZ9rg8: 9a3e97db-abca-4bc8-bc9d-a4c2295c2738
2026-09-20 00:22:28.094 | DEBUG    | strategies.copy_trading:_poll_wallets:353 - Poll error for BCagckXe: 9a3e97db-abca-4bc8-bc9d-a4c2295c2738
2026-09-20 00:22:28.094 | DEBUG    | strategies.copy_trading:_poll_wallets:353 - Poll error for H812jAz5: 9a3e97db-abca-4bc8-bc9d-a4c2295c2738
2026-09-20 00:22:28.094 | DEBUG    | strategies.copy_trading:_poll_wallets:353 - Poll error for 2fg5QD1e: 9a3e97db-abca-4bc8-bc9d-a4c2295c2738
2026-09-20 00:22:28.094 | DEBUG    | strategies.copy_trading:_poll_wallets:353 - Poll error for suqh5sHt: 9a3e97db-abca-4bc8-bc9d-a4c2295c2738
2026-09-20 00:22:28.094 | DEBUG    | strategies.copy_trading:_poll_wallets:353 - Poll error for XDgpjPub: 9a3e97db-abca-4bc8-bc9d-a4c2295c2738
2026-09-20 00:22:28.094 | DEBUG    | strategies.copy_trading:_poll_wallets:353 - Poll error for 7NAd2EpY: 9a3e97db-abca-4bc8-bc9d-a4c2295c2738
2026-09-20 00:22:28.094 | DEBUG    | strategies.copy_trading:_poll_wallets:353 - Poll error for FxN3VZ4B: 9a3e97db-abca-4bc8-bc9d-a4c2295c2738
2026-09-20 00:22:28.094 | DEBUG    | strategies.copy_trading:_poll_wallets:353 - Poll error for CyaE1Vxv: 9a3e97db-abca-4bc8-bc9d-a4c2295c2738
2026-09-20 00:22:29.596 | DEBUG    | strategies.copy_trading:_poll_wallets:353 - Poll error for BaLCEtq6: 9a3e97db-abca-4bc8-bc9d-a4c2295c2738
2026-09-20 00:22:29.596 | DEBUG    | strategies.copy_trading:_poll_wallets:353 - Poll error for 26kZ9rg8: 9a3e97db-abca-4bc8-bc9d-a4c2295c2738
2026-09-20 00:22:29.596 | DEBUG    | strategies.copy_trading:_poll_wallets:353 - Poll error for BCagckXe: 9a3e97db-abca-4bc8-bc9d-a4c2295c2738
2026-09-20 00:22:29.596 | DEBUG    | strategies.copy_trading:_poll_wallets:353 - Poll error for H812jAz5: 9a3e97db-abca-4bc8-bc9d-a4c2295c2738
2026-09-20 00:22:29.596 | DEBUG    | strategies.copy_trading:_poll_wallets:353 - Poll error for 2fg5QD1e: 9a3e97db-abca-4bc8-bc9d-a4c2295c2738
2026-09-20 00:22:29.596 | DEBUG    | strategies.copy_trading:_poll_wallets:353 - Poll error for suqh5sHt: 9a3e97db-abca-4bc8-bc9d-a4c2295c2738
2026-09-20 00:22:29.596 | DEBUG    | strategies.copy_trading:_poll_wallets:353 - Poll error for XDgpjPub: 9a3e97db-abca-4bc8-bc9d-a4c2295c2738
2026-09-20 00:22:29.597 | DEBUG    | strategies.copy_trading:_poll_wallets:353 - Poll error for 7NAd2EpY: 9a3e97db-abca-4bc8-bc9d-a4c2295c2738
2026-09-20 00:22:29.597 | DEBUG    | strategies.copy_trading:_poll_wallets:353 - Poll error for FxN3VZ4B: 9a3e97db-abca-4bc8-bc9d-a4c2295c2738
2026-09-20 00:22:29.597 | DEBUG    | strategies.copy_trading:_poll_wallets:353 - Poll error for CyaE1Vxv: 9a3e97db-abca-4bc8-bc9d-a4c2295c2738
2026-09-20 00:22:31.098 | DEBUG    | strategies.copy_trading:_poll_wallets:353 - Poll error for BaLCEtq6: 9a3e97db-abca-4bc8-bc9d-a4c2295c2738
2026-09-20 00:22:31.098 | DEBUG    | strategies.copy_trading:_poll_wallets:353 - Poll error for 26kZ9rg8: 9a3e97db-abca-4bc8-bc9d-a4c2295c2738
2026-09-20 00:22:31.098 | DEBUG    | strategies.copy_trading:_poll_wallets:353 - Poll error for BCagckXe: 9a3e97db-abca-4bc8-bc9d-a4c2295c2738
2026-09-20 00:22:31.098 | DEBUG    | strategies.copy_trading:_poll_wallets:353 - Poll error for H812jAz5: 9a3e97db-abca-4bc8-bc9d-a4c2295c2738
2026-09-20 00:22:31.098 | DEBUG    | strategies.copy_trading:_poll_wallets:353 - Poll error for 2fg5QD1e: 9a3e97db-abca-4bc8-bc9d-a4c2295c2738
2026-09-20 00:22:31.098 | DEBUG    | strategies.copy_trading:_poll_wallets:353 - Poll error for suqh5sHt: 9a3e97db-abca-4bc8-bc9d-a4c2295c2738
2026-09-20 00:22:31.098 | DEBUG    | strategies.copy_trading:_poll_wallets:353 - Poll error for XDgpjPub: 9a3e97db-abca-4bc8-bc9d-a4c2295c2738
2026-09-20 00:22:31.098 | DEBUG    | strategies.copy_trading:_poll_wallets:353 - Poll error for 7NAd2EpY: 9a3e97db-abca-4bc8-bc9d-a4c2295c2738
2026-09-20 00:22:31.099 | DEBUG    | strategies.copy_trading:_poll_wallets:353 - Poll error for FxN3VZ4B: 9a3e97db-abca-4bc8-bc9d-a4c2295c2738
2026-09-20 00:22:31.099 | DEBUG    | strategies.copy_trading:_poll_wallets:353 - Poll error for CyaE1Vxv: 9a3e97db-abca-4bc8-bc9d-a4c2295c2738
2026-09-20 00:22:32.599 | DEBUG    | strategies.copy_trading:_poll_wallets:353 - Poll error for BaLCEtq6: 9a3e97db-abca-4bc8-bc9d-a4c2295c2738
2026-09-20 00:22:32.599 | DEBUG    | strategies.copy_trading:_poll_wallets:353 - Poll error for 26kZ9rg8: 9a3e97db-abca-4bc8-bc9d-a4c2295c2738
2026-09-20 00:22:32.599 | DEBUG    | strategies.copy_trading:_poll_wallets:353 - Poll error for BCagckXe: 9a3e97db-abca-4bc8-bc9d-a4c2295c2738
2026-09-20 00:22:32.599 | DEBUG    | strategies.copy_trading:_poll_wallets:353 - Poll error for H812jAz5: 9a3e97db-abca-4bc8-bc9d-a4c2295c2738
2026-09-20 00:22:32.599 | DEBUG    | strategies.copy_trading:_poll_wallets:353 - Poll error for 2fg5QD1e: 9a3e97db-abca-4bc8-bc9d-a4c2295c2738
2026-09-20 00:22:32.599 | DEBUG    | strategies.copy_trading:_poll_wallets:353 - Poll error for suqh5sHt: 9a3e97db-abca-4bc8-bc9d-a4c2295c2738
2026-09-20 00:22:32.599 | DEBUG    | strategies.copy_trading:_poll_wallets:353 - Poll error for XDgpjPub: 9a3e97db-abca-4bc8-bc9d-a4c2295c2738
2026-09-20 00:22:32.599 | DEBUG    | strategies.copy_trading:_poll_wallets:353 - Poll error for 7NAd2EpY: 9a3e97db-abca-4bc8-bc9d-a4c2295c2738
2026-09-20 00:22:32.600 | DEBUG    | strategies.copy_trading:_poll_wallets:353 - Poll error for FxN3VZ4B: 9a3e97db-abca-4bc8-bc9d-a4c2295c2738
2026-09-20 00:22:32.600 | DEBUG    | strategies.copy_trading:_poll_wallets:353 - Poll error for CyaE1Vxv: 9a3e97db-abca-4bc8-bc9d-a4c2295c2738
2026-09-20 00:22:34.101 | DEBUG    | strategies.copy_trading:_poll_wallets:353 - Poll error for BaLCEtq6: 9a3e97db-abca-4bc8-bc9d-a4c2295c2738
2026-09-20 00:22:34.102 | DEBUG    | strategies.copy_trading:_poll_wallets:353 - Poll error for 26kZ9rg8: 9a3e97db-abca-4bc8-bc9d-a4c2295c2738
2026-09-20 00:22:34.102 | DEBUG    | strategies.copy_trading:_poll_wallets:353 - Poll error for BCagckXe: 9a3e97db-abca-4bc8-bc9d-a4c2295c2738
2026-09-20 00:22:34.102 | DEBUG    | strategies.copy_trading:_poll_wallets:353 - Poll error for H812jAz5: 9a3e97db-abca-4bc8-bc9d-a4c2295c2738
2026-09-20 00:22:34.102 | DEBUG    | strategies.copy_trading:_poll_wallets:353 - Poll error for 2fg5QD1e: 9a3e97db-abca-4bc8-bc9d-a4c2295c2738
2026-09-20 00:22:34.102 | DEBUG    | strategies.copy_trading:_poll_wallets:353 - Poll error for suqh5sHt: 9a3e97db-abca-4bc8-bc9d-a4c2295c2738
2026-09-20 00:22:34.102 | DEBUG    | strategies.copy_trading:_poll_wallets:353 - Poll error for XDgpjPub: 9a3e97db-abca-4bc8-bc9d-a4c2295c2738
2026-09-20 00:22:34.102 | DEBUG    | strategies.copy_trading:_poll_wallets:353 - Poll error for 7NAd2EpY: 9a3e97db-abca-4bc8-bc9d-a4c2295c2738
2026-09-20 00:22:34.103 | DEBUG    | strategies.copy_trading:_poll_wallets:353 - Poll error for FxN3VZ4B: 9a3e97db-abca-4bc8-bc9d-a4c2295c2738
2026-09-20 00:22:34.103 | DEBUG    | strategies.copy_trading:_poll_wallets:353 - Poll error for CyaE1Vxv: 9a3e97db-abca-4bc8-bc9d-a4c2295c2738
2026-09-20 00:22:35.604 | DEBUG    | strategies.copy_trading:_poll_wallets:353 - Poll error for BaLCEtq6: 9a3e97db-abca-4bc8-bc9d-a4c2295c2738
2026-09-20 00:22:35.604 | DEBUG    | strategies.copy_trading:_poll_wallets:353 - Poll error for 26kZ9rg8: 9a3e97db-abca-4bc8-bc9d-a4c2295c2738
2026-09-20 00:22:35.604 | DEBUG    | strategies.copy_trading:_poll_wallets:353 - Poll error for BCagckXe: 9a3e97db-abca-4bc8-bc9d-a4c2295c2738
2026-09-20 00:22:35.604 | DEBUG    | strategies.copy_trading:_poll_wallets:353 - Poll error for H812jAz5: 9a3e97db-abca-4bc8-bc9d-a4c2295c2738
2026-09-20 00:22:35.604 | DEBUG    | strategies.copy_trading:_poll_wallets:353 - Poll error for 2fg5QD1e: 9a3e97db-abca-4bc8-bc9d-a4c2295c2738
2026-09-20 00:22:35.604 | DEBUG    | strategies.copy_trading:_poll_wallets:353 - Poll error for suqh5sHt: 9a3e97db-abca-4bc8-bc9d-a4c2295c2738
2026-09-20 00:22:35.604 | DEBUG    | strategies.copy_trading:_poll_wallets:353 - Poll error for XDgpjPub: 9a3e97db-abca-4bc8-bc9d-a4c2295c2738
2026-09-20 00:22:35.604 | DEBUG    | strategies.copy_trading:_poll_wallets:353 - Poll error for 7NAd2EpY: 9a3e97db-abca-4bc8-bc9d-a4c2295c2738
2026-09-20 00:22:35.604 | DEBUG    | strategies.copy_trading:_poll_wallets:353 - Poll error for FxN3VZ4B: 9a3e97db-abca-4bc8-bc9d-a4c2295c2738
2026-09-20 00:22:35.605 | DEBUG    | strategies.copy_trading:_poll_wallets:353 - Poll error for CyaE1Vxv: 9a3e97db-abca-4bc8-bc9d-a4c2295c2738
2026-09-20 00:22:37.106 | DEBUG    | strategies.copy_trading:_poll_wallets:353 - Poll error for BaLCEtq6: 9a3e97db-abca-4bc8-bc9d-a4c2295c2738
2026-09-20 00:22:37.107 | DEBUG    | strategies.copy_trading:_poll_wallets:353 - Poll error for 26kZ9rg8: 9a3e97db-abca-4bc8-bc9d-a4c2295c2738
2026-09-20 00:22:37.107 | DEBUG    | strategies.copy_trading:_poll_wallets:353 - Poll error for BCagckXe: 9a3e97db-abca-4bc8-bc9d-a4c2295c2738
2026-09-20 00:22:37.107 | DEBUG    | strategies.copy_trading:_poll_wallets:353 - Poll error for H812jAz5: 9a3e97db-abca-4bc8-bc9d-a4c2295c2738
2026-09-20 00:22:37.107 | DEBUG    | strategies.copy_trading:_poll_wallets:353 - Poll error for 2fg5QD1e: 9a3e97db-abca-4bc8-bc9d-a4c2295c2738
2026-09-20 00:22:37.107 | DEBUG    | strategies.copy_trading:_poll_wallets:353 - Poll error for suqh5sHt: 9a3e97db-abca-4bc8-bc9d-a4c2295c2738
2026-09-20 00:22:37.107 | DEBUG    | strategies.copy_trading:_poll_wallets:353 - Poll error for XDgpjPub: 9a3e97db-abca-4bc8-bc9d-a4c2295c2738
2026-09-20 00:22:37.107 | DEBUG    | strategies.copy_trading:_poll_wallets:353 - Poll error for 7NAd2EpY: 9a3e97db-abca-4bc8-bc9d-a4c2295c2738
2026-09-20 00:22:37.107 | DEBUG    | strategies.copy_trading:_poll_wallets:353 - Poll error for FxN3VZ4B: 9a3e97db-abca-4bc8-bc9d-a4c2295c2738
2026-09-20 00:22:37.107 | DEBUG    | strategies.copy_trading:_poll_wallets:353 - Poll error for CyaE1Vxv: 9a3e97db-abca-4bc8-bc9d-a4c2295c2738
2026-09-20 00:22:38.607 | DEBUG    | strategies.copy_trading:_poll_wallets:353 - Poll error for BaLCEtq6: 9a3e97db-abca-4bc8-bc9d-a4c2295c2738
2026-09-20 00:22:38.608 | DEBUG    | strategies.copy_trading:_poll_wallets:353 - Poll error for 26kZ9rg8: 9a3e97db-abca-4bc8-bc9d-a4c2295c2738
2026-09-20 00:22:38.608 | DEBUG    | strategies.copy_trading:_poll_wallets:353 - Poll error for BCagckXe: 9a3e97db-abca-4bc8-bc9d-a4c2295c2738
2026-09-20 00:22:38.608 | DEBUG    | strategies.copy_trading:_poll_wallets:353 - Poll error for H812jAz5: 9a3e97db-abca-4bc8-bc9d-a4c2295c2738
2026-09-20 00:22:38.608 | DEBUG    | strategies.copy_trading:_poll_wallets:353 - Poll error for 2fg5QD1e: 9a3e97db-abca-4bc8-bc9d-a4c2295c2738
2026-09-20 00:22:38.608 | DEBUG    | strategies.copy_trading:_poll_wallets:353 - Poll error for suqh5sHt: 9a3e97db-abca-4bc8-bc9d-a4c2295c2738
2026-09-20 00:22:38.608 | DEBUG    | strategies.copy_trading:_poll_wallets:353 - Poll error for XDgpjPub: 9a3e97db-abca-4bc8-bc9d-a4c2295c2738
2026-09-20 00:22:38.608 | DEBUG    | strategies.copy_trading:_poll_wallets:353 - Poll error for 7NAd2EpY: 9a3e97db-abca-4bc8-bc9d-a4c2295c2738
2026-09-20 00:22:38.608 | DEBUG    | strategies.copy_trading:_poll_wallets:353 - Poll error for FxN3VZ4B: 9a3e97db-abca-4bc8-bc9d-a4c2295c2738
2026-09-20 00:22:38.608 | DEBUG    | strategies.copy_trading:_poll_wallets:353 - Poll error for CyaE1Vxv: 9a3e97db-abca-4bc8-bc9d-a4c2295c2738
2026-09-20 00:22:40.109 | DEBUG    | strategies.copy_trading:_poll_wallets:353 - Poll error for BaLCEtq6: 9a3e97db-abca-4bc8-bc9d-a4c2295c2738
2026-09-20 00:22:40.109 | DEBUG    | strategies.copy_trading:_poll_wallets:353 - Poll error for 26kZ9rg8: 9a3e97db-abca-4bc8-bc9d-a4c2295c2738
2026-09-20 00:22:40.109 | DEBUG    | strategies.copy_trading:_poll_wallets:353 - Poll error for BCagckXe: 9a3e97db-abca-4bc8-bc9d-a4c2295c2738
2026-09-20 00:22:40.109 | DEBUG    | strategies.copy_trading:_poll_wallets:353 - Poll error for H812jAz5: 9a3e97db-abca-4bc8-bc9d-a4c2295c2738
2026-09-20 00:22:40.109 | DEBUG    | strategies.copy_trading:_poll_wallets:353 - Poll error for 2fg5QD1e: 9a3e97db-abca-4bc8-bc9d-a4c2295c2738
2026-09-20 00:22:40.109 | DEBUG    | strategies.copy_trading:_poll_wallets:353 - Poll error for suqh5sHt: 9a3e97db-abca-4bc8-bc9d-a4c2295c2738
2026-09-20 00:22:40.110 | DEBUG    | strategies.copy_trading:_poll_wallets:353 - Poll error for XDgpjPub: 9a3e97db-abca-4bc8-bc9d-a4c2295c2738
2026-09-20 00:22:40.110 | DEBUG    | strategies.copy_trading:_poll_wallets:353 - Poll error for 7NAd2EpY: 9a3e97db-abca-4bc8-bc9d-a4c2295c2738
2026-09-20 00:22:40.110 | DEBUG    | strategies.copy_trading:_poll_wallets:353 - Poll error for FxN3VZ4B: 9a3e97db-abca-4bc8-bc9d-a4c2295c2738
2026-09-20 00:22:40.110 | DEBUG    | strategies.copy_trading:_poll_wallets:353 - Poll error for CyaE1Vxv: 9a3e97db-abca-4bc8-bc9d-a4c2295c2738
2026-09-20 00:22:41.610 | DEBUG    | strategies.copy_trading:_poll_wallets:353 - Poll error for BaLCEtq6: 9a3e97db-abca-4bc8-bc9d-a4c2295c2738
2026-09-20 00:22:41.610 | DEBUG    | strategies.copy_trading:_poll_wallets:353 - Poll error for 26kZ9rg8: 9a3e97db-abca-4bc8-bc9d-a4c2295c2738
2026-09-20 00:22:41.610 | DEBUG    | strategies.copy_trading:_poll_wallets:353 - Poll error for BCagckXe: 9a3e97db-abca-4bc8-bc9d-a4c2295c2738
2026-09-20 00:22:41.610 | DEBUG    | strategies.copy_trading:_poll_wallets:353 - Poll error for H812jAz5: 9a3e97db-abca-4bc8-bc9d-a4c2295c2738
2026-09-20 00:22:41.610 | DEBUG    | strategies.copy_trading:_poll_wallets:353 - Poll error for 2fg5QD1e: 9a3e97db-abca-4bc8-bc9d-a4c2295c2738
2026-09-20 00:22:41.610 | DEBUG    | strategies.copy_trading:_poll_wallets:353 - Poll error for suqh5sHt: 9a3e97db-abca-4bc8-bc9d-a4c2295c2738
2026-09-20 00:22:41.611 | DEBUG    | strategies.copy_trading:_poll_wallets:353 - Poll error for XDgpjPub: 9a3e97db-abca-4bc8-bc9d-a4c2295c2738
2026-09-20 00:22:41.611 | DEBUG    | strategies.copy_trading:_poll_wallets:353 - Poll error for 7NAd2EpY: 9a3e97db-abca-4bc8-bc9d-a4c2295c2738
2026-09-20 00:22:41.611 | DEBUG    | strategies.copy_trading:_poll_wallets:353 - Poll error for FxN3VZ4B: 9a3e97db-abca-4bc8-bc9d-a4c2295c2738
2026-09-20 00:22:41.611 | DEBUG    | strategies.copy_trading:_poll_wallets:353 - Poll error for CyaE1Vxv: 9a3e97db-abca-4bc8-bc9d-a4c2295c2738
2026-09-20 00:22:43.111 | DEBUG    | strategies.copy_trading:_poll_wallets:353 - Poll error for BaLCEtq6: 9a3e97db-abca-4bc8-bc9d-a4c2295c2738
2026-09-20 00:22:43.111 | DEBUG    | strategies.copy_trading:_poll_wallets:353 - Poll error for 26kZ9rg8: 9a3e97db-abca-4bc8-bc9d-a4c2295c2738
2026-09-20 00:22:43.112 | DEBUG    | strategies.copy_trading:_poll_wallets:353 - Poll error for BCagckXe: 9a3e97db-abca-4bc8-bc9d-a4c2295c2738
2026-09-20 00:22:43.112 | DEBUG    | strategies.copy_trading:_poll_wallets:353 - Poll error for H812jAz5: 9a3e97db-abca-4bc8-bc9d-a4c2295c2738
2026-09-20 00:22:43.112 | DEBUG    | strategies.copy_trading:_poll_wallets:353 - Poll error for 2fg5QD1e: 9a3e97db-abca-4bc8-bc9d-a4c2295c2738
2026-09-20 00:22:43.112 | DEBUG    | strategies.copy_trading:_poll_wallets:353 - Poll error for suqh5sHt: 9a3e97db-abca-4bc8-bc9d-a4c2295c2738
2026-09-20 00:22:43.112 | DEBUG    | strategies.copy_trading:_poll_wallets:353 - Poll error for XDgpjPub: 9a3e97db-abca-4bc8-bc9d-a4c2295c2738
2026-09-20 00:22:43.112 | DEBUG    | strategies.copy_trading:_poll_wallets:353 - Poll error for 7NAd2EpY: 9a3e97db-abca-4bc8-bc9d-a4c2295c2738
2026-09-20 00:22:43.112 | DEBUG    | strategies.copy_trading:_poll_wallets:353 - Poll error for FxN3VZ4B: 9a3e97db-abca-4bc8-bc9d-a4c2295c2738
2026-09-20 00:22:43.112 | DEBUG    | strategies.copy_trading:_poll_wallets:353 - Poll error for CyaE1Vxv: 9a3e97db-abca-4bc8-bc9d-a4c2295c2738
2026-09-20 00:22:44.613 | DEBUG    | strategies.copy_trading:_poll_wallets:353 - Poll error for BaLCEtq6: 9a3e97db-abca-4bc8-bc9d-a4c2295c2738
2026-09-20 00:22:44.613 | DEBUG    | strategies.copy_trading:_poll_wallets:353 - Poll error for 26kZ9rg8: 9a3e97db-abca-4bc8-bc9d-a4c2295c2738
2026-09-20 00:22:44.613 | DEBUG    | strategies.copy_trading:_poll_wallets:353 - Poll error for BCagckXe: 9a3e97db-abca-4bc8-bc9d-a4c2295c2738
2026-09-20 00:22:44.613 | DEBUG    | strategies.copy_trading:_poll_wallets:353 - Poll error for H812jAz5: 9a3e97db-abca-4bc8-bc9d-a4c2295c2738
2026-09-20 00:22:44.613 | DEBUG    | strategies.copy_trading:_poll_wallets:353 - Poll error for 2fg5QD1e: 9a3e97db-abca-4bc8-bc9d-a4c2295c2738
2026-09-20 00:22:44.613 | DEBUG    | strategies.copy_trading:_poll_wallets:353 - Poll error for suqh5sHt: 9a3e97db-abca-4bc8-bc9d-a4c2295c2738
2026-09-20 00:22:44.613 | DEBUG    | strategies.copy_trading:_poll_wallets:353 - Poll error for XDgpjPub: 9a3e97db-abca-4bc8-bc9d-a4c2295c2738
2026-09-20 00:22:44.613 | DEBUG    | strategies.copy_trading:_poll_wallets:353 - Poll error for 7NAd2EpY: 9a3e97db-abca-4bc8-bc9d-a4c2295c2738
2026-09-20 00:22:44.613 | DEBUG    | strategies.copy_trading:_poll_wallets:353 - Poll error for FxN3VZ4B: 9a3e97db-abca-4bc8-bc9d-a4c2295c2738
2026-09-20 00:22:44.613 | DEBUG    | strategies.copy_trading:_poll_wallets:353 - Poll error for CyaE1Vxv: 9a3e97db-abca-4bc8-bc9d-a4c2295c2738
2026-09-20 00:22:46.114 | DEBUG    | strategies.copy_trading:_poll_wallets:353 - Poll error for BaLCEtq6: 9a3e97db-abca-4bc8-bc9d-a4c2295c2738
2026-09-20 00:22:46.114 | DEBUG    | strategies.copy_trading:_poll_wallets:353 - Poll error for 26kZ9rg8: 9a3e97db-abca-4bc8-bc9d-a4c2295c2738
2026-09-20 00:22:46.114 | DEBUG    | strategies.copy_trading:_poll_wallets:353 - Poll error for BCagckXe: 9a3e97db-abca-4bc8-bc9d-a4c2295c2738
2026-09-20 00:22:46.114 | DEBUG    | strategies.copy_trading:_poll_wallets:353 - Poll error for H812jAz5: 9a3e97db-abca-4bc8-bc9d-a4c2295c2738
2026-09-20 00:22:46.114 | DEBUG    | strategies.copy_trading:_poll_wallets:353 - Poll error for 2fg5QD1e: 9a3e97db-abca-4bc8-bc9d-a4c2295c2738
2026-09-20 00:22:46.115 | DEBUG    | strategies.copy_trading:_poll_wallets:353 - Poll error for suqh5sHt: 9a3e97db-abca-4bc8-bc9d-a4c2295c2738
2026-09-20 00:22:46.115 | DEBUG    | strategies.copy_trading:_poll_wallets:353 - Poll error for XDgpjPub: 9a3e97db-abca-4bc8-bc9d-a4c2295c2738
2026-09-20 00:22:46.115 | DEBUG    | strategies.copy_trading:_poll_wallets:353 - Poll error for 7NAd2EpY: 9a3e97db-abca-4bc8-bc9d-a4c2295c2738
2026-09-20 00:22:46.115 | DEBUG    | strategies.copy_trading:_poll_wallets:353 - Poll error for FxN3VZ4B: 9a3e97db-abca-4bc8-bc9d-a4c2295c2738
2026-09-20 00:22:46.115 | DEBUG    | strategies.copy_trading:_poll_wallets:353 - Poll error for CyaE1Vxv: 9a3e97db-abca-4bc8-bc9d-a4c2295c2738
2026-09-20 00:22:47.616 | DEBUG    | strategies.copy_trading:_poll_wallets:353 - Poll error for BaLCEtq6: 9a3e97db-abca-4bc8-bc9d-a4c2295c2738
2026-09-20 00:22:47.616 | DEBUG    | strategies.copy_trading:_poll_wallets:353 - Poll error for 26kZ9rg8: 9a3e97db-abca-4bc8-bc9d-a4c2295c2738
2026-09-20 00:22:47.616 | DEBUG    | strategies.copy_trading:_poll_wallets:353 - Poll error for BCagckXe: 9a3e97db-abca-4bc8-bc9d-a4c2295c2738
2026-09-20 00:22:47.616 | DEBUG    | strategies.copy_trading:_poll_wallets:353 - Poll error for H812jAz5: 9a3e97db-abca-4bc8-bc9d-a4c2295c2738
2026-09-20 00:22:47.616 | DEBUG    | strategies.copy_trading:_poll_wallets:353 - Poll error for 2fg5QD1e: 9a3e97db-abca-4bc8-bc9d-a4c2295c2738
2026-09-20 00:22:47.616 | DEBUG    | strategies.copy_trading:_poll_wallets:353 - Poll error for suqh5sHt: 9a3e97db-abca-4bc8-bc9d-a4c2295c2738
2026-09-20 00:22:47.616 | DEBUG    | strategies.copy_trading:_poll_wallets:353 - Poll error for XDgpjPub: 9a3e97db-abca-4bc8-bc9d-a4c2295c2738
2026-09-20 00:22:47.616 | DEBUG    | strategies.copy_trading:_poll_wallets:353 - Poll error for 7NAd2EpY: 9a3e97db-abca-4bc8-bc9d-a4c2295c2738
2026-09-20 00:22:47.616 | DEBUG    | strategies.copy_trading:_poll_wallets:353 - Poll error for FxN3VZ4B: 9a3e97db-abca-4bc8-bc9d-a4c2295c2738
2026-09-20 00:22:47.616 | DEBUG    | strategies.copy_trading:_poll_wallets:353 - Poll error for CyaE1Vxv: 9a3e97db-abca-4bc8-bc9d-a4c2295c2738
2026-09-20 00:22:49.118 | DEBUG    | strategies.copy_trading:_poll_wallets:353 - Poll error for BaLCEtq6: 9a3e97db-abca-4bc8-bc9d-a4c2295c2738
2026-09-20 00:22:49.118 | DEBUG    | strategies.copy_trading:_poll_wallets:353 - Poll error for 26kZ9rg8: 9a3e97db-abca-4bc8-bc9d-a4c2295c2738
2026-09-20 00:22:49.118 | DEBUG    | strategies.copy_trading:_poll_wallets:353 - Poll error for BCagckXe: 9a3e97db-abca-4bc8-bc9d-a4c2295c2738
2026-09-20 00:22:49.118 | DEBUG    | strategies.copy_trading:_poll_wallets:353 - Poll error for H812jAz5: 9a3e97db-abca-4bc8-bc9d-a4c2295c2738
2026-09-20 00:22:49.118 | DEBUG    | strategies.copy_trading:_poll_wallets:353 - Poll error for 2fg5QD1e: 9a3e97db-abca-4bc8-bc9d-a4c2295c2738
2026-09-20 00:22:49.118 | DEBUG    | strategies.copy_trading:_poll_wallets:353 - Poll error for suqh5sHt: 9a3e97db-abca-4bc8-bc9d-a4c2295c2738
2026-09-20 00:22:49.118 | DEBUG    | strategies.copy_trading:_poll_wallets:353 - Poll error for XDgpjPub: 9a3e97db-abca-4bc8-bc9d-a4c2295c2738
2026-09-20 00:22:49.118 | DEBUG    | strategies.copy_trading:_poll_wallets:353 - Poll error for 7NAd2EpY: 9a3e97db-abca-4bc8-bc9d-a4c2295c2738
2026-09-20 00:22:49.118 | DEBUG    | strategies.copy_trading:_poll_wallets:353 - Poll error for FxN3VZ4B: 9a3e97db-abca-4bc8-bc9d-a4c2295c2738
2026-09-20 00:22:49.118 | DEBUG    | strategies.copy_trading:_poll_wallets:353 - Poll error for CyaE1Vxv: 9a3e97db-abca-4bc8-bc9d-a4c2295c2738
2026-09-20 00:22:50.619 | DEBUG    | strategies.copy_trading:_poll_wallets:353 - Poll error for BaLCEtq6: 9a3e97db-abca-4bc8-bc9d-a4c2295c2738
2026-09-20 00:22:50.619 | DEBUG    | strategies.copy_trading:_poll_wallets:353 - Poll error for 26kZ9rg8: 9a3e97db-abca-4bc8-bc9d-a4c2295c2738
2026-09-20 00:22:50.619 | DEBUG    | strategies.copy_trading:_poll_wallets:353 - Poll error for BCagckXe: 9a3e97db-abca-4bc8-bc9d-a4c2295c2738
2026-09-20 00:22:50.619 | DEBUG    | strategies.copy_trading:_poll_wallets:353 - Poll error for H812jAz5: 9a3e97db-abca-4bc8-bc9d-a4c2295c2738
2026-09-20 00:22:50.619 | DEBUG    | strategies.copy_trading:_poll_wallets:353 - Poll error for 2fg5QD1e: 9a3e97db-abca-4bc8-bc9d-a4c2295c2738
2026-09-20 00:22:50.620 | DEBUG    | strategies.copy_trading:_poll_wallets:353 - Poll error for suqh5sHt: 9a3e97db-abca-4bc8-bc9d-a4c2295c2738
2026-09-20 00:22:50.620 | DEBUG    | strategies.copy_trading:_poll_wallets:353 - Poll error for XDgpjPub: 9a3e97db-abca-4bc8-bc9d-a4c2295c2738
2026-09-20 00:22:50.620 | DEBUG    | strategies.copy_trading:_poll_wallets:353 - Poll error for 7NAd2EpY: 9a3e97db-abca-4bc8-bc9d-a4c2295c2738
2026-09-20 00:22:50.620 | DEBUG    | strategies.copy_trading:_poll_wallets:353 - Poll error for FxN3VZ4B: 9a3e97db-abca-4bc8-bc9d-a4c2295c2738
2026-09-20 00:22:50.620 | DEBUG    | strategies.copy_trading:_poll_wallets:353 - Poll error for CyaE1Vxv: 9a3e97db-abca-4bc8-bc9d-a4c2295c2738
2026-09-20 00:22:52.121 | DEBUG    | strategies.copy_trading:_poll_wallets:353 - Poll error for BaLCEtq6: 9a3e97db-abca-4bc8-bc9d-a4c2295c2738
2026-09-20 00:22:52.121 | DEBUG    | strategies.copy_trading:_poll_wallets:353 - Poll error for 26kZ9rg8: 9a3e97db-abca-4bc8-bc9d-a4c2295c2738
2026-09-20 00:22:52.121 | DEBUG    | strategies.copy_trading:_poll_wallets:353 - Poll error for BCagckXe: 9a3e97db-abca-4bc8-bc9d-a4c2295c2738
2026-09-20 00:22:52.122 | DEBUG    | strategies.copy_trading:_poll_wallets:353 - Poll error for H812jAz5: 9a3e97db-abca-4bc8-bc9d-a4c2295c2738
2026-09-20 00:22:52.122 | DEBUG    | strategies.copy_trading:_poll_wallets:353 - Poll error for 2fg5QD1e: 9a3e97db-abca-4bc8-bc9d-a4c2295c2738
2026-09-20 00:22:52.122 | DEBUG    | strategies.copy_trading:_poll_wallets:353 - Poll error for suqh5sHt: 9a3e97db-abca-4bc8-bc9d-a4c2295c2738
2026-09-20 00:22:52.122 | DEBUG    | strategies.copy_trading:_poll_wallets:353 - Poll error for XDgpjPub: 9a3e97db-abca-4bc8-bc9d-a4c2295c2738
2026-09-20 00:22:52.122 | DEBUG    | strategies.copy_trading:_poll_wallets:353 - Poll error for 7NAd2EpY: 9a3e97db-abca-4bc8-bc9d-a4c2295c2738
2026-09-20 00:22:52.122 | DEBUG    | strategies.copy_trading:_poll_wallets:353 - Poll error for FxN3VZ4B: 9a3e97db-abca-4bc8-bc9d-a4c2295c2738
2026-09-20 00:22:52.122 | DEBUG    | strategies.copy_trading:_poll_wallets:353 - Poll error for CyaE1Vxv: 9a3e97db-abca-4bc8-bc9d-a4c2295c2738
2026-09-20 00:22:53.623 | DEBUG    | strategies.copy_trading:_poll_wallets:353 - Poll error for BaLCEtq6: 9a3e97db-abca-4bc8-bc9d-a4c2295c2738
2026-09-20 00:22:53.624 | DEBUG    | strategies.copy_trading:_poll_wallets:353 - Poll error for 26kZ9rg8: 9a3e97db-abca-4bc8-bc9d-a4c2295c2738
2026-09-20 00:22:53.624 | DEBUG    | strategies.copy_trading:_poll_wallets:353 - Poll error for BCagckXe: 9a3e97db-abca-4bc8-bc9d-a4c2295c2738
2026-09-20 00:22:53.624 | DEBUG    | strategies.copy_trading:_poll_wallets:353 - Poll error for H812jAz5: 9a3e97db-abca-4bc8-bc9d-a4c2295c2738
2026-09-20 00:22:53.624 | DEBUG    | strategies.copy_trading:_poll_wallets:353 - Poll error for 2fg5QD1e: 9a3e97db-abca-4bc8-bc9d-a4c2295c2738
2026-09-20 00:22:53.624 | DEBUG    | strategies.copy_trading:_poll_wallets:353 - Poll error for suqh5sHt: 9a3e97db-abca-4bc8-bc9d-a4c2295c2738
2026-09-20 00:22:53.624 | DEBUG    | strategies.copy_trading:_poll_wallets:353 - Poll error for XDgpjPub: 9a3e97db-abca-4bc8-bc9d-a4c2295c2738
2026-09-20 00:22:53.624 | DEBUG    | strategies.copy_trading:_poll_wallets:353 - Poll error for 7NAd2EpY: 9a3e97db-abca-4bc8-bc9d-a4c2295c2738
2026-09-20 00:22:53.624 | DEBUG    | strategies.copy_trading:_poll_wallets:353 - Poll error for FxN3VZ4B: 9a3e97db-abca-4bc8-bc9d-a4c2295c2738
2026-09-20 00:22:53.624 | DEBUG    | strategies.copy_trading:_poll_wallets:353 - Poll error for CyaE1Vxv: 9a3e97db-abca-4bc8-bc9d-a4c2295c2738
2026-09-20 00:22:55.125 | DEBUG    | strategies.copy_trading:_poll_wallets:353 - Poll error for BaLCEtq6: 9a3e97db-abca-4bc8-bc9d-a4c2295c2738
2026-09-20 00:22:55.125 | DEBUG    | strategies.copy_trading:_poll_wallets:353 - Poll error for 26kZ9rg8: 9a3e97db-abca-4bc8-bc9d-a4c2295c2738
2026-09-20 00:22:55.125 | DEBUG    | strategies.copy_trading:_poll_wallets:353 - Poll error for BCagckXe: 9a3e97db-abca-4bc8-bc9d-a4c2295c2738
2026-09-20 00:22:55.125 | DEBUG    | strategies.copy_trading:_poll_wallets:353 - Poll error for H812jAz5: 9a3e97db-abca-4bc8-bc9d-a4c2295c2738
2026-09-20 00:22:55.125 | DEBUG    | strategies.copy_trading:_poll_wallets:353 - Poll error for 2fg5QD1e: 9a3e97db-abca-4bc8-bc9d-a4c2295c2738
2026-09-20 00:22:55.125 | DEBUG    | strategies.copy_trading:_poll_wallets:353 - Poll error for suqh5sHt: 9a3e97db-abca-4bc8-bc9d-a4c2295c2738
2026-09-20 00:22:55.126 | DEBUG    | strategies.copy_trading:_poll_wallets:353 - Poll error for XDgpjPub: 9a3e97db-abca-4bc8-bc9d-a4c2295c2738
2026-09-20 00:22:55.126 | DEBUG    | strategies.copy_trading:_poll_wallets:353 - Poll error for 7NAd2EpY: 9a3e97db-abca-4bc8-bc9d-a4c2295c2738
2026-09-20 00:22:55.126 | DEBUG    | strategies.copy_trading:_poll_wallets:353 - Poll error for FxN3VZ4B: 9a3e97db-abca-4bc8-bc9d-a4c2295c2738
2026-09-20 00:22:55.126 | DEBUG    | strategies.copy_trading:_poll_wallets:353 - Poll error for CyaE1Vxv: 9a3e97db-abca-4bc8-bc9d-a4c2295c2738
2026-09-20 00:22:56.626 | DEBUG    | strategies.copy_trading:_poll_wallets:353 - Poll error for BaLCEtq6: 9a3e97db-abca-4bc8-bc9d-a4c2295c2738
2026-09-20 00:22:56.627 | DEBUG    | strategies.copy_trading:_poll_wallets:353 - Poll error for 26kZ9rg8: 9a3e97db-abca-4bc8-bc9d-a4c2295c2738
2026-09-20 00:22:56.627 | DEBUG    | strategies.copy_trading:_poll_wallets:353 - Poll error for BCagckXe: 9a3e97db-abca-4bc8-bc9d-a4c2295c2738
2026-09-20 00:22:56.627 | DEBUG    | strategies.copy_trading:_poll_wallets:353 - Poll error for H812jAz5: 9a3e97db-abca-4bc8-bc9d-a4c2295c2738
2026-09-20 00:22:56.627 | DEBUG    | strategies.copy_trading:_poll_wallets:353 - Poll error for 2fg5QD1e: 9a3e97db-abca-4bc8-bc9d-a4c2295c2738
2026-09-20 00:22:56.627 | DEBUG    | strategies.copy_trading:_poll_wallets:353 - Poll error for suqh5sHt: 9a3e97db-abca-4bc8-bc9d-a4c2295c2738
2026-09-20 00:22:56.627 | DEBUG    | strategies.copy_trading:_poll_wallets:353 - Poll error for XDgpjPub: 9a3e97db-abca-4bc8-bc9d-a4c2295c2738
2026-09-20 00:22:56.627 | DEBUG    | strategies.copy_trading:_poll_wallets:353 - Poll error for 7NAd2EpY: 9a3e97db-abca-4bc8-bc9d-a4c2295c2738
2026-09-20 00:22:56.627 | DEBUG    | strategies.copy_trading:_poll_wallets:353 - Poll error for FxN3VZ4B: 9a3e97db-abca-4bc8-bc9d-a4c2295c2738
2026-09-20 00:22:56.627 | DEBUG    | strategies.copy_trading:_poll_wallets:353 - Poll error for CyaE1Vxv: 9a3e97db-abca-4bc8-bc9d-a4c2295c2738
2026-09-20 00:22:58.128 | DEBUG    | strategies.copy_trading:_poll_wallets:353 - Poll error for BaLCEtq6: 9a3e97db-abca-4bc8-bc9d-a4c2295c2738
2026-09-20 00:22:58.128 | DEBUG    | strategies.copy_trading:_poll_wallets:353 - Poll error for 26kZ9rg8: 9a3e97db-abca-4bc8-bc9d-a4c2295c2738
2026-09-20 00:22:58.128 | DEBUG    | strategies.copy_trading:_poll_wallets:353 - Poll error for BCagckXe: 9a3e97db-abca-4bc8-bc9d-a4c2295c2738
2026-09-20 00:22:58.128 | DEBUG    | strategies.copy_trading:_poll_wallets:353 - Poll error for H812jAz5: 9a3e97db-abca-4bc8-bc9d-a4c2295c2738
2026-09-20 00:22:58.128 | DEBUG    | strategies.copy_trading:_poll_wallets:353 - Poll error for 2fg5QD1e: 9a3e97db-abca-4bc8-bc9d-a4c2295c2738
2026-09-20 00:22:58.128 | DEBUG    | strategies.copy_trading:_poll_wallets:353 - Poll error for suqh5sHt: 9a3e97db-abca-4bc8-bc9d-a4c2295c2738
2026-09-20 00:22:58.128 | DEBUG    | strategies.copy_trading:_poll_wallets:353 - Poll error for XDgpjPub: 9a3e97db-abca-4bc8-bc9d-a4c2295c2738
2026-09-20 00:22:58.128 | DEBUG    | strategies.copy_trading:_poll_wallets:353 - Poll error for 7NAd2EpY: 9a3e97db-abca-4bc8-bc9d-a4c2295c2738
2026-09-20 00:22:58.129 | DEBUG    | strategies.copy_trading:_poll_wallets:353 - Poll error for FxN3VZ4B: 9a3e97db-abca-4bc8-bc9d-a4c2295c2738
2026-09-20 00:22:58.129 | DEBUG    | strategies.copy_trading:_poll_wallets:353 - Poll error for CyaE1Vxv: 9a3e97db-abca-4bc8-bc9d-a4c2295c2738
2026-09-20 00:22:59.630 | DEBUG    | strategies.copy_trading:_poll_wallets:353 - Poll error for BaLCEtq6: 9a3e97db-abca-4bc8-bc9d-a4c2295c2738
2026-09-20 00:22:59.630 | DEBUG    | strategies.copy_trading:_poll_wallets:353 - Poll error for 26kZ9rg8: 9a3e97db-abca-4bc8-bc9d-a4c2295c2738
2026-09-20 00:22:59.630 | DEBUG    | strategies.copy_trading:_poll_wallets:353 - Poll error for BCagckXe: 9a3e97db-abca-4bc8-bc9d-a4c2295c2738
2026-09-20 00:22:59.630 | DEBUG    | strategies.copy_trading:_poll_wallets:353 - Poll error for H812jAz5: 9a3e97db-abca-4bc8-bc9d-a4c2295c2738
2026-09-20 00:22:59.630 | DEBUG    | strategies.copy_trading:_poll_wallets:353 - Poll error for 2fg5QD1e: 9a3e97db-abca-4bc8-bc9d-a4c2295c2738
2026-09-20 00:22:59.630 | DEBUG    | strategies.copy_trading:_poll_wallets:353 - Poll error for suqh5sHt: 9a3e97db-abca-4bc8-bc9d-a4c2295c2738
2026-09-20 00:22:59.630 | DEBUG    | strategies.copy_trading:_poll_wallets:353 - Poll error for XDgpjPub: 9a3e97db-abca-4bc8-bc9d-a4c2295c2738
2026-09-20 00:22:59.630 | DEBUG    | strategies.copy_trading:_poll_wallets:353 - Poll error for 7NAd2EpY: 9a3e97db-abca-4bc8-bc9d-a4c2295c2738
2026-09-20 00:22:59.630 | DEBUG    | strategies.copy_trading:_poll_wallets:353 - Poll error for FxN3VZ4B: 9a3e97db-abca-4bc8-bc9d-a4c2295c2738
2026-09-20 00:22:59.630 | DEBUG    | strategies.copy_trading:_poll_wallets:353 - Poll error for CyaE1Vxv: 9a3e97db-abca-4bc8-bc9d-a4c2295c2738
2026-09-20 00:23:01.131 | DEBUG    | strategies.copy_trading:_poll_wallets:353 - Poll error for BaLCEtq6: 9a3e97db-abca-4bc8-bc9d-a4c2295c2738
2026-09-20 00:23:01.131 | DEBUG    | strategies.copy_trading:_poll_wallets:353 - Poll error for 26kZ9rg8: 9a3e97db-abca-4bc8-bc9d-a4c2295c2738
2026-09-20 00:23:01.131 | DEBUG    | strategies.copy_trading:_poll_wallets:353 - Poll error for BCagckXe: 9a3e97db-abca-4bc8-bc9d-a4c2295c2738
2026-09-20 00:23:01.131 | DEBUG    | strategies.copy_trading:_poll_wallets:353 - Poll error for H812jAz5: 9a3e97db-abca-4bc8-bc9d-a4c2295c2738
2026-09-20 00:23:01.131 | DEBUG    | strategies.copy_trading:_poll_wallets:353 - Poll error for 2fg5QD1e: 9a3e97db-abca-4bc8-bc9d-a4c2295c2738
2026-09-20 00:23:01.131 | DEBUG    | strategies.copy_trading:_poll_wallets:353 - Poll error for suqh5sHt: 9a3e97db-abca-4bc8-bc9d-a4c2295c2738
2026-09-20 00:23:01.131 | DEBUG    | strategies.copy_trading:_poll_wallets:353 - Poll error for XDgpjPub: 9a3e97db-abca-4bc8-bc9d-a4c2295c2738
2026-09-20 00:23:01.132 | DEBUG    | strategies.copy_trading:_poll_wallets:353 - Poll error for 7NAd2EpY: 9a3e97db-abca-4bc8-bc9d-a4c2295c2738
2026-09-20 00:23:01.132 | DEBUG    | strategies.copy_trading:_poll_wallets:353 - Poll error for FxN3VZ4B: 9a3e97db-abca-4bc8-bc9d-a4c2295c2738
2026-09-20 00:23:01.132 | DEBUG    | strategies.copy_trading:_poll_wallets:353 - Poll error for CyaE1Vxv: 9a3e97db-abca-4bc8-bc9d-a4c2295c2738
2026-09-20 00:23:02.633 | DEBUG    | strategies.copy_trading:_poll_wallets:353 - Poll error for BaLCEtq6: 9a3e97db-abca-4bc8-bc9d-a4c2295c2738
2026-09-20 00:23:02.633 | DEBUG    | strategies.copy_trading:_poll_wallets:353 - Poll error for 26kZ9rg8: 9a3e97db-abca-4bc8-bc9d-a4c2295c2738
2026-09-20 00:23:02.633 | DEBUG    | strategies.copy_trading:_poll_wallets:353 - Poll error for BCagckXe: 9a3e97db-abca-4bc8-bc9d-a4c2295c2738
2026-09-20 00:23:02.633 | DEBUG    | strategies.copy_trading:_poll_wallets:353 - Poll error for H812jAz5: 9a3e97db-abca-4bc8-bc9d-a4c2295c2738
2026-09-20 00:23:02.633 | DEBUG    | strategies.copy_trading:_poll_wallets:353 - Poll error for 2fg5QD1e: 9a3e97db-abca-4bc8-bc9d-a4c2295c2738
2026-09-20 00:23:02.633 | DEBUG    | strategies.copy_trading:_poll_wallets:353 - Poll error for suqh5sHt: 9a3e97db-abca-4bc8-bc9d-a4c2295c2738
2026-09-20 00:23:02.633 | DEBUG    | strategies.copy_trading:_poll_wallets:353 - Poll error for XDgpjPub: 9a3e97db-abca-4bc8-bc9d-a4c2295c2738
2026-09-20 00:23:02.633 | DEBUG    | strategies.copy_trading:_poll_wallets:353 - Poll error for 7NAd2EpY: 9a3e97db-abca-4bc8-bc9d-a4c2295c2738
2026-09-20 00:23:02.634 | DEBUG    | strategies.copy_trading:_poll_wallets:353 - Poll error for FxN3VZ4B: 9a3e97db-abca-4bc8-bc9d-a4c2295c2738
2026-09-20 00:23:02.634 | DEBUG    | strategies.copy_trading:_poll_wallets:353 - Poll error for CyaE1Vxv: 9a3e97db-abca-4bc8-bc9d-a4c2295c2738
2026-09-20 00:23:04.134 | DEBUG    | strategies.copy_trading:_poll_wallets:353 - Poll error for BaLCEtq6: 9a3e97db-abca-4bc8-bc9d-a4c2295c2738
2026-09-20 00:23:04.134 | DEBUG    | strategies.copy_trading:_poll_wallets:353 - Poll error for 26kZ9rg8: 9a3e97db-abca-4bc8-bc9d-a4c2295c2738
2026-09-20 00:23:04.135 | DEBUG    | strategies.copy_trading:_poll_wallets:353 - Poll error for BCagckXe: 9a3e97db-abca-4bc8-bc9d-a4c2295c2738
2026-09-20 00:23:04.135 | DEBUG    | strategies.copy_trading:_poll_wallets:353 - Poll error for H812jAz5: 9a3e97db-abca-4bc8-bc9d-a4c2295c2738
2026-09-20 00:23:04.135 | DEBUG    | strategies.copy_trading:_poll_wallets:353 - Poll error for 2fg5QD1e: 9a3e97db-abca-4bc8-bc9d-a4c2295c2738
2026-09-20 00:23:04.135 | DEBUG    | strategies.copy_trading:_poll_wallets:353 - Poll error for suqh5sHt: 9a3e97db-abca-4bc8-bc9d-a4c2295c2738
2026-09-20 00:23:04.135 | DEBUG    | strategies.copy_trading:_poll_wallets:353 - Poll error for XDgpjPub: 9a3e97db-abca-4bc8-bc9d-a4c2295c2738
2026-09-20 00:23:04.135 | DEBUG    | strategies.copy_trading:_poll_wallets:353 - Poll error for 7NAd2EpY: 9a3e97db-abca-4bc8-bc9d-a4c2295c2738
2026-09-20 00:23:04.135 | DEBUG    | strategies.copy_trading:_poll_wallets:353 - Poll error for FxN3VZ4B: 9a3e97db-abca-4bc8-bc9d-a4c2295c2738
2026-09-20 00:23:04.135 | DEBUG    | strategies.copy_trading:_poll_wallets:353 - Poll error for CyaE1Vxv: 9a3e97db-abca-4bc8-bc9d-a4c2295c2738
2026-09-20 00:23:05.636 | DEBUG    | strategies.copy_trading:_poll_wallets:353 - Poll error for BaLCEtq6: 9a3e97db-abca-4bc8-bc9d-a4c2295c2738
2026-09-20 00:23:05.636 | DEBUG    | strategies.copy_trading:_poll_wallets:353 - Poll error for 26kZ9rg8: 9a3e97db-abca-4bc8-bc9d-a4c2295c2738
2026-09-20 00:23:05.636 | DEBUG    | strategies.copy_trading:_poll_wallets:353 - Poll error for BCagckXe: 9a3e97db-abca-4bc8-bc9d-a4c2295c2738
2026-09-20 00:23:05.636 | DEBUG    | strategies.copy_trading:_poll_wallets:353 - Poll error for H812jAz5: 9a3e97db-abca-4bc8-bc9d-a4c2295c2738
2026-09-20 00:23:05.636 | DEBUG    | strategies.copy_trading:_poll_wallets:353 - Poll error for 2fg5QD1e: 9a3e97db-abca-4bc8-bc9d-a4c2295c2738
2026-09-20 00:23:05.636 | DEBUG    | strategies.copy_trading:_poll_wallets:353 - Poll error for suqh5sHt: 9a3e97db-abca-4bc8-bc9d-a4c2295c2738
2026-09-20 00:23:05.636 | DEBUG    | strategies.copy_trading:_poll_wallets:353 - Poll error for XDgpjPub: 9a3e97db-abca-4bc8-bc9d-a4c2295c2738
2026-09-20 00:23:05.636 | DEBUG    | strategies.copy_trading:_poll_wallets:353 - Poll error for 7NAd2EpY: 9a3e97db-abca-4bc8-bc9d-a4c2295c2738
2026-09-20 00:23:05.636 | DEBUG    | strategies.copy_trading:_poll_wallets:353 - Poll error for FxN3VZ4B: 9a3e97db-abca-4bc8-bc9d-a4c2295c2738
2026-09-20 00:23:05.636 | DEBUG    | strategies.copy_trading:_poll_wallets:353 - Poll error for CyaE1Vxv: 9a3e97db-abca-4bc8-bc9d-a4c2295c2738
2026-09-20 00:23:07.137 | DEBUG    | strategies.copy_trading:_poll_wallets:353 - Poll error for BaLCEtq6: 9a3e97db-abca-4bc8-bc9d-a4c2295c2738
2026-09-20 00:23:07.138 | DEBUG    | strategies.copy_trading:_poll_wallets:353 - Poll error for 26kZ9rg8: 9a3e97db-abca-4bc8-bc9d-a4c2295c2738
2026-09-20 00:23:07.138 | DEBUG    | strategies.copy_trading:_poll_wallets:353 - Poll error for BCagckXe: 9a3e97db-abca-4bc8-bc9d-a4c2295c2738
2026-09-20 00:23:07.138 | DEBUG    | strategies.copy_trading:_poll_wallets:353 - Poll error for H812jAz5: 9a3e97db-abca-4bc8-bc9d-a4c2295c2738
2026-09-20 00:23:07.138 | DEBUG    | strategies.copy_trading:_poll_wallets:353 - Poll error for 2fg5QD1e: 9a3e97db-abca-4bc8-bc9d-a4c2295c2738
2026-09-20 00:23:07.138 | DEBUG    | strategies.copy_trading:_poll_wallets:353 - Poll error for suqh5sHt: 9a3e97db-abca-4bc8-bc9d-a4c2295c2738
2026-09-20 00:23:07.138 | DEBUG    | strategies.copy_trading:_poll_wallets:353 - Poll error for XDgpjPub: 9a3e97db-abca-4bc8-bc9d-a4c2295c2738
2026-09-20 00:23:07.138 | DEBUG    | strategies.copy_trading:_poll_wallets:353 - Poll error for 7NAd2EpY: 9a3e97db-abca-4bc8-bc9d-a4c2295c2738
2026-09-20 00:23:07.138 | DEBUG    | strategies.copy_trading:_poll_wallets:353 - Poll error for FxN3VZ4B: 9a3e97db-abca-4bc8-bc9d-a4c2295c2738
2026-09-20 00:23:07.138 | DEBUG    | strategies.copy_trading:_poll_wallets:353 - Poll error for CyaE1Vxv: 9a3e97db-abca-4bc8-bc9d-a4c2295c2738
2026-09-20 00:23:08.639 | DEBUG    | strategies.copy_trading:_poll_wallets:353 - Poll error for BaLCEtq6: 9a3e97db-abca-4bc8-bc9d-a4c2295c2738
2026-09-20 00:23:08.639 | DEBUG    | strategies.copy_trading:_poll_wallets:353 - Poll error for 26kZ9rg8: 9a3e97db-abca-4bc8-bc9d-a4c2295c2738
2026-09-20 00:23:08.639 | DEBUG    | strategies.copy_trading:_poll_wallets:353 - Poll error for BCagckXe: 9a3e97db-abca-4bc8-bc9d-a4c2295c2738
2026-09-20 00:23:08.639 | DEBUG    | strategies.copy_trading:_poll_wallets:353 - Poll error for H812jAz5: 9a3e97db-abca-4bc8-bc9d-a4c2295c2738
2026-09-20 00:23:08.639 | DEBUG    | strategies.copy_trading:_poll_wallets:353 - Poll error for 2fg5QD1e: 9a3e97db-abca-4bc8-bc9d-a4c2295c2738
2026-09-20 00:23:08.640 | DEBUG    | strategies.copy_trading:_poll_wallets:353 - Poll error for suqh5sHt: 9a3e97db-abca-4bc8-bc9d-a4c2295c2738
2026-09-20 00:23:08.640 | DEBUG    | strategies.copy_trading:_poll_wallets:353 - Poll error for XDgpjPub: 9a3e97db-abca-4bc8-bc9d-a4c2295c2738
2026-09-20 00:23:08.640 | DEBUG    | strategies.copy_trading:_poll_wallets:353 - Poll error for 7NAd2EpY: 9a3e97db-abca-4bc8-bc9d-a4c2295c2738
2026-09-20 00:23:08.640 | DEBUG    | strategies.copy_trading:_poll_wallets:353 - Poll error for FxN3VZ4B: 9a3e97db-abca-4bc8-bc9d-a4c2295c2738
2026-09-20 00:23:08.640 | DEBUG    | strategies.copy_trading:_poll_wallets:353 - Poll error for CyaE1Vxv: 9a3e97db-abca-4bc8-bc9d-a4c2295c2738
2026-09-20 00:23:10.141 | DEBUG    | strategies.copy_trading:_poll_wallets:353 - Poll error for BaLCEtq6: 9a3e97db-abca-4bc8-bc9d-a4c2295c2738
2026-09-20 00:23:10.141 | DEBUG    | strategies.copy_trading:_poll_wallets:353 - Poll error for 26kZ9rg8: 9a3e97db-abca-4bc8-bc9d-a4c2295c2738
2026-09-20 00:23:10.141 | DEBUG    | strategies.copy_trading:_poll_wallets:353 - Poll error for BCagckXe: 9a3e97db-abca-4bc8-bc9d-a4c2295c2738
2026-09-20 00:23:10.142 | DEBUG    | strategies.copy_trading:_poll_wallets:353 - Poll error for H812jAz5: 9a3e97db-abca-4bc8-bc9d-a4c2295c2738
2026-09-20 00:23:10.142 | DEBUG    | strategies.copy_trading:_poll_wallets:353 - Poll error for 2fg5QD1e: 9a3e97db-abca-4bc8-bc9d-a4c2295c2738
2026-09-20 00:23:10.142 | DEBUG    | strategies.copy_trading:_poll_wallets:353 - Poll error for suqh5sHt: 9a3e97db-abca-4bc8-bc9d-a4c2295c2738
2026-09-20 00:23:10.142 | DEBUG    | strategies.copy_trading:_poll_wallets:353 - Poll error for XDgpjPub: 9a3e97db-abca-4bc8-bc9d-a4c2295c2738
2026-09-20 00:23:10.142 | DEBUG    | strategies.copy_trading:_poll_wallets:353 - Poll error for 7NAd2EpY: 9a3e97db-abca-4bc8-bc9d-a4c2295c2738
2026-09-20 00:23:10.142 | DEBUG    | strategies.copy_trading:_poll_wallets:353 - Poll error for FxN3VZ4B: 9a3e97db-abca-4bc8-bc9d-a4c2295c2738
2026-09-20 00:23:10.142 | DEBUG    | strategies.copy_trading:_poll_wallets:353 - Poll error for CyaE1Vxv: 9a3e97db-abca-4bc8-bc9d-a4c2295c2738
2026-09-20 00:23:11.643 | DEBUG    | strategies.copy_trading:_poll_wallets:353 - Poll error for BaLCEtq6: 9a3e97db-abca-4bc8-bc9d-a4c2295c2738
2026-09-20 00:23:11.643 | DEBUG    | strategies.copy_trading:_poll_wallets:353 - Poll error for 26kZ9rg8: 9a3e97db-abca-4bc8-bc9d-a4c2295c2738
2026-09-20 00:23:11.643 | DEBUG    | strategies.copy_trading:_poll_wallets:353 - Poll error for BCagckXe: 9a3e97db-abca-4bc8-bc9d-a4c2295c2738
2026-09-20 00:23:11.643 | DEBUG    | strategies.copy_trading:_poll_wallets:353 - Poll error for H812jAz5: 9a3e97db-abca-4bc8-bc9d-a4c2295c2738
2026-09-20 00:23:11.643 | DEBUG    | strategies.copy_trading:_poll_wallets:353 - Poll error for 2fg5QD1e: 9a3e97db-abca-4bc8-bc9d-a4c2295c2738
2026-09-20 00:23:11.644 | DEBUG    | strategies.copy_trading:_poll_wallets:353 - Poll error for suqh5sHt: 9a3e97db-abca-4bc8-bc9d-a4c2295c2738
2026-09-20 00:23:11.644 | DEBUG    | strategies.copy_trading:_poll_wallets:353 - Poll error for XDgpjPub: 9a3e97db-abca-4bc8-bc9d-a4c2295c2738
2026-09-20 00:23:11.644 | DEBUG    | strategies.copy_trading:_poll_wallets:353 - Poll error for 7NAd2EpY: 9a3e97db-abca-4bc8-bc9d-a4c2295c2738
2026-09-20 00:23:11.644 | DEBUG    | strategies.copy_trading:_poll_wallets:353 - Poll error for FxN3VZ4B: 9a3e97db-abca-4bc8-bc9d-a4c2295c2738
2026-09-20 00:23:11.644 | DEBUG    | strategies.copy_trading:_poll_wallets:353 - Poll error for CyaE1Vxv: 9a3e97db-abca-4bc8-bc9d-a4c2295c2738
2026-09-20 00:23:12.831 | INFO     | strategies.copy_trading:stop:358 - CopyTrading: estrategia detenida
2026-09-20 00:23:12.831 | INFO     | core.engine.engine:stop_all:100 - Engine detenido.
2026-09-20 00:23:12.831 | INFO     | core.tracker:monitor_positions:231 - Monitoreo de posiciones detenido.
2026-09-20 00:23:12.831 | INFO     | __main__:shutdown:308 - Apagando bot...
2026-09-20 00:23:12.831 | INFO     | strategies.copy_trading:stop:358 - CopyTrading: estrategia detenida
2026-09-20 00:23:12.831 | INFO     | core.engine.engine:stop_all:100 - Engine detenido.
2026-09-20 00:23:12.831 | INFO     | __main__:main:322 - Bot finalizado.
